customer_id,first_name,last_name,email,country,signup_date
1,Danielle,Johnson,john21@example.net,Canada,2025-11-10
2,Amy,Garza,johnsonjeffery@example.net,Australia,2025-06-11
3,Anna,Baldwin,lrobinson@example.com,USA,2026-01-25
4,Adam,Shaffer,jpeterson@example.org,USA,2026-07-06
5,Matthew,Davis,howardmaurice@example.com,Canada,2026-01-22
6,Jessica,Herrera,smiller@example.net,Canada,2025-06-29
7,Michelle,Ray,williamsjeremy@example.com,Canada,2026-08-05
8,Melissa,Delacruz,oramirez@example.com,UK,2024-02-16
9,Michael,Santiago,lynchgeorge@example.net,USA,2024-05-16
10,Steven,Nelson,gabriellecameron@example.org,USA,2024-04-29
11,Antonio,Stewart,carl95@example.org,Canada,2025-08-09
12,Randall,Rocha,ithomas@example.org,Australia,2025-11-15
13,Amber,Burgess,zhurst@example.com,UK,2024-04-18
14,Whitney,Hicks,camposmichelle@example.org,Canada,2025-07-09
15,Laura,Henderson,cruzcaitlin@example.com,Canada,2025-03-23
16,Tasha,Valencia,frazierdanny@example.net,Canada,2025-11-21
17,Kayla,Peterson,ryan70@example.net,Canada,2026-04-07
18,Jose,Mason,williamrodriguez@example.net,USA,2024-07-14
19,Danielle,Lynch,nathanielmartin@example.net,Canada,2026-05-24
20,Carol,Burns,hickmannatasha@example.com,Canada,2024-05-10
21,John,Bradley,millertodd@example.org,USA,2026-07-28
22,Amanda,Martinez,karroyo@example.com,Canada,2025-03-22
23,Catherine,Brandt,jenniferross@example.net,Canada,2025-08-03
24,Samuel,Holmes,wrightcaleb@example.org,Canada,2025-05-27
25,Jerry,Robinson,zimmermanbrian@example.org,USA,2026-05-10
26,Michele,Jones,joshuawashington@example.net,USA,2024-01-14
27,Selena,Duncan,esanchez@example.com,Canada,2024-03-17
28,Collin,Jordan,ujenkins@example.org,USA,2025-08-29
29,Tracey,Garcia,zchandler@example.org,USA,2024-05-20
30,James,West,dwhite@example.org,Canada,2026-04-06
31,Charles,Morton,williamsyvette@example.org,USA,2026-07-19
32,Sara,Allison,richardolson@example.com,Canada,2026-05-07
33,Franklin,Smith,ybaker@example.com,Canada,2024-06-29
34,Heather,Cross,smoore@example.org,Australia,2026-07-18
35,Beth,Daniels,brian97@example.net,Australia,2026-05-25
36,Amanda,Brown,yorkcasey@example.org,UK,2025-08-31
37,Joe,Wilson,bethwilliams@example.org,Canada,2024-11-23
38,Brandy,Mills,james53@example.com,Canada,2024-10-28
39,Emily,Evans,sarah10@example.com,USA,2025-07-02
40,Anna,Garcia,williamanderson@example.com,Canada,2026-04-13
41,Natasha,Wood,samueldaniels@example.com,Canada,2025-06-22
42,Vanessa,Valdez,contrerasangela@example.net,USA,2023-12-13
43,Natalie,Baker,newtoneric@example.com,Canada,2025-06-14
44,Jennifer,Harris,william40@example.org,UK,2025-07-17
45,Maria,Williams,kellie42@example.net,Canada,2024-12-18
46,Janice,Hoffman,jonesnicole@example.org,USA,2025-04-10
47,Mary,Aguilar,russellwilliams@example.com,Canada,2026-05-03
48,Laura,Valencia,jason31@example.com,USA,2025-12-24
49,Nicole,Russell,sarayoung@example.org,USA,2026-07-26
50,Lisa,Keith,whitesandra@example.com,Canada,2026-01-17
51,Michelle,Cochran,erik16@example.org,Australia,2026-03-20
52,Jeffrey,Velasquez,ybailey@example.org,USA,2024-04-22
53,Donna,Ross,michelle45@example.net,Australia,2025-03-02
54,Erin,Anthony,sheila14@example.org,UK,2025-05-19
55,Tonya,Johnson,yreed@example.com,USA,2024-12-12
56,Tracey,Wilson,jonathanfletcher@example.org,Australia,2025-03-13
57,Lindsay,Mcdaniel,michaeljones@example.net,Canada,2026-05-27
58,Cindy,Alvarado,cortezkevin@example.com,Canada,2025-08-21
59,Mark,Terry,jamesortega@example.com,Canada,2025-09-02
60,Raven,Gilbert,richard04@example.com,Canada,2024-04-08
61,Kristi,Lawson,steven73@example.net,Canada,2025-01-21
62,Rachel,Flynn,donnacampbell@example.net,Canada,2025-07-15
63,Matthew,Cardenas,emilywalker@example.org,UK,2024-01-30
64,Brandon,Riggs,gibsonolivia@example.net,Canada,2024-03-22
65,Heather,Snyder,dylanwatts@example.org,Canada,2025-12-22
66,Jeffery,Brock,pwilliams@example.org,,2025-01-03
67,Laurie,Contreras,stephanie79@example.net,Canada,2026-04-25
68,Ronald,Meadows,vmerritt@example.com,UK,2024-12-27
69,Karen,Larsen,katie87@example.net,Canada,2024-05-10
70,Scott,Reeves,josephflores@example.net,Australia,2023-11-18
71,Edward,Reyes,jasminebrown@example.com,USA,2024-08-18
72,Steven,Brown,xprice@example.net,Canada,2026-06-23
73,Andrew,Gilmore,wwoods@example.com,Canada,2025-11-24
74,Melissa,Ashley,vmedina@example.net,UK,2026-01-14
75,Rachael,Freeman,ryan06@example.com,USA,2025-08-24
76,Lauren,Ramsey,ncalhoun@example.net,USA,2023-09-20
77,Phillip,Elliott,millerroy@example.com,USA,2024-03-08
78,Jorge,Murphy,wmurphy@example.com,Canada,2024-06-21
79,Stephanie,Fisher,ruizkaitlyn@example.org,Canada,2026-08-21
80,Michael,Santos,websterstefanie@example.org,Canada,2026-02-26
81,Christine,Allen,kcaldwell@example.org,UK,2025-01-12
82,Jonathan,Wood,stricklandfrank@example.com,USA,2023-12-18
83,Anthony,Collins,tsanders@example.org,Canada,2023-11-13
84,Hannah,Burton,terrykevin@example.net,Canada,2025-06-10
85,David,Riggs,reedross@example.com,Canada,2023-11-05
86,Deborah,Smith,gshort@example.com,Canada,2026-07-10
87,Cynthia,Poole,ryangross@example.net,USA,2024-06-13
88,Lindsey,Medina,umarshall@example.net,USA,2024-06-11
89,Melissa,Rivas,ramirezshannon@example.com,,2025-05-07
90,Elizabeth,Rogers,lrosales@example.com,USA,2024-04-10
91,Lauren,Peterson,angela83@example.org,Canada,2024-05-12
92,Richard,Peters,hannahbrewer@example.com,USA,2024-12-25
93,Andre,Phillips,tholt@example.net,USA,2025-05-20
94,Thomas,Schmidt,jbarajas@example.com,USA,2024-09-10
95,Shawn,Parker,davidlee@example.org,USA,2025-11-13
96,Stephanie,Vaughn,javierwashington@example.net,USA,2025-05-29
97,Kathleen,Carlson,wallkenneth@example.com,USA,2024-03-05
98,Alexis,Ferguson,brandon08@example.com,Canada,2025-09-24
99,David,Oneill,agarcia@example.net,Canada,2024-06-28
100,Timothy,Peterson,kingmichelle@example.org,Canada,2026-02-08
101,Richard,Jones,hernandezlisa@example.com,Canada,2023-11-23
102,John,Grant,yobrien@example.net,USA,2024-04-25
103,Alexandra,Hayes,levans@example.com,Canada,2024-07-21
104,Christine,Lynch,mezajared@example.org,USA,2024-06-07
105,Christopher,Allen,moorericky@example.net,UK,2025-06-02
106,Kelly,Hall,jacqueline71@example.net,Canada,2024-05-03
107,Joseph,Moody,ronaldstephens@example.net,Canada,2024-02-01
108,Joseph,Thomas,martinkyle@example.net,USA,2026-02-10
109,Samantha,Gonzales,sbarker@example.com,Canada,2026-06-20
110,Vincent,Snyder,georgepamela@example.net,Canada,2024-08-09
111,John,Davis,keyemily@example.com,Canada,2025-05-14
112,Kathryn,Thompson,lmoon@example.net,Canada,2024-12-11
113,Lisa,Costa,vbailey@example.com,Australia,2025-08-25
114,Mia,Rivera,zroberts@example.net,UK,2023-10-01
115,Christopher,King,cordovarichard@example.net,USA,2026-02-11
116,Aaron,Booth,mgutierrez@example.net,UK,2024-09-21
117,Katherine,Garrett,harrisandrea@example.com,UK,2024-12-14
118,Helen,Martinez,jennifercollins@example.org,Canada,2025-04-18
119,Christopher,Gay,murraydavid@example.org,UK,2025-02-18
120,Jennifer,Hicks,robert77@example.org,USA,2025-01-03
121,Duane,Lee,michellehill@example.com,UK,2024-08-28
122,Kristin,Adams,campbellkenneth@example.net,UK,2025-05-18
123,Donna,Grimes,wryan@example.com,Canada,2025-04-17
124,Amy,Gibson,molly39@example.com,Canada,2024-05-03
125,Kimberly,Williams,zthornton@example.com,Canada,2024-10-18
126,Elizabeth,Hoover,tylerjohnson@example.net,,2026-07-15
127,Martin,Garcia,dgarcia@example.org,UK,2025-10-21
128,Robert,Pena,charlesharrington@example.com,UK,2024-08-27
129,Heather,Santos,melissa86@example.com,Canada,2025-07-08
130,Paige,Freeman,williamsonjimmy@example.net,USA,2026-05-27
131,Wendy,Francis,wgood@example.net,Canada,2025-10-01
132,Craig,Jackson,rebecca05@example.org,Canada,2024-07-08
133,Nicholas,Thomas,yknight@example.org,Canada,2024-02-24
134,Christian,Pitts,tyleraguilar@example.org,Canada,2025-01-08
135,Jonathan,Scott,nolansteven@example.com,Australia,2025-09-02
136,Eric,Alexander,vanessa46@example.net,Canada,2024-05-22
137,Megan,Gonzalez,gcastaneda@example.org,USA,2024-10-12
138,Michael,Phillips,andrew64@example.org,USA,2025-05-03
139,Gina,Garner,lozanojulie@example.com,Canada,2025-12-19
140,Jerry,Pham,danaoliver@example.net,Australia,2025-11-27
141,Katrina,Becker,courtneyberger@example.net,Australia,2023-10-04
142,Kristina,Johnson,jessica14@example.com,Canada,2025-11-18
143,Gregory,Anderson,alyssa42@example.com,USA,2026-05-19
144,Sherry,Coffey,julie51@example.com,Canada,2026-07-12
145,Donald,Levy,zcoffey@example.net,Canada,2024-09-25
146,Krystal,Smith,gibsonemily@example.net,Canada,2024-06-04
147,Parker,Little,daniel37@example.org,USA,2025-07-01
148,Sherry,Murphy,deborahreid@example.com,USA,2026-05-14
149,Kevin,Ortiz,brandonjohnson@example.com,Canada,2023-12-27
150,Jimmy,Medina,qchavez@example.net,canada,2025-09-23
151,Amber,Matthews,nicolepena@example.com,UK,2025-06-26
152,Sheila,Ramirez,jeff73@example.com,Canada,2023-12-08
153,Gina,Stephens,bruce43@example.org,Canada,2026-06-27
154,Madison,Davis,darleneharper@example.org,USA,2023-10-16
155,Matthew,Zhang,caseyhubbard@example.org,Australia,2025-05-25
156,Lisa,Hall,kristinacarlson@example.com,Canada,2026-03-19
157,Duane,Anderson,lauren10@example.org,USA,2023-09-07
158,Kristy,Young,alfred40@example.org,USA,2025-11-11
159,Alicia,Reese,xwest@example.net,Canada,2025-06-02
160,Shannon,Walker,acostaregina@example.net,USA,2025-03-15
161,Stephen,Maynard,lutzmelanie@example.com,Canada,2025-09-11
162,Tracy,Browning,lammarc@example.org,USA,2023-11-01
163,Joshua,Schultz,oscar98@example.com,USA,2024-12-31
164,Catherine,Garcia,farrelldebra@example.net,USA,2025-10-20
165,Jason,Hayes,robertwilcox@example.com,Canada,2024-11-19
166,Cody,Simmons,nicholas27@example.org,UK,2023-11-29
167,Christopher,Reynolds,lisa80@example.net,Canada,2026-07-05
168,Anna,Santiago,qgomez@example.com,Canada,2026-03-30
169,Jennifer,Schmitt,michael98@example.org,Canada,2024-02-07
170,Timothy,Boone,megan51@example.com,USA,2025-05-12
171,Lindsay,Bruce,lynchdiane@example.net,USA,2024-06-10
172,Henry,Park,sandra50@example.org,Canada,2026-04-01
173,Ashley,Morales,joycebonilla@example.org,USA,2025-11-16
174,Jason,Barnes,eric45@example.net,Canada,2025-06-05
175,Nicole,Moore,craigjoseph@example.net,USA,2024-11-28
176,Catherine,Perry,kariwilson@example.com,Canada,2023-12-21
177,Erika,Watkins,brandon69@example.org,USA,2023-08-30
178,Kevin,Clark,kathrynroberts@example.org,Canada,2023-08-30
179,Julie,Thompson,opatel@example.net,Australia,2025-04-25
180,Elizabeth,Gomez,chensley@example.com,Canada,2023-09-11
181,Samantha,Atkins,tberry@example.net,Canada,2024-11-21
182,Darius,Smith,george97@example.net,Canada,2026-05-26
183,Christopher,Richard,ryanmorales@example.org,Australia,2024-10-28
184,Kyle,Morgan,kimberly18@example.net,UK,2023-12-24
185,William,Bullock,michael23@example.org,Canada,2024-01-29
186,James,Morrison,thompsonkendra@example.com,USA,2025-01-11
187,Anne,Riley,michelle52@example.com,UK,2023-11-04
188,Scott,Turner,brittany58@example.org,USA,2024-07-27
189,Shannon,Brown,chase19@example.net,USA,2025-02-27
190,Steven,Spencer,colelisa@example.net,Canada,2024-03-15
191,Cassidy,Mason,hayeslisa@example.com,Canada,2026-08-02
192,Christopher,Lucas,wrightsamuel@example.com,UK,2025-03-18
193,Chelsea,Cox,paul59@example.org,UK,2026-01-02
194,Deborah,Jones,grantpaul@example.com,USA,2025-10-23
195,Diane,Escobar,mathewaguilar@example.org,Canada,2026-05-22
196,Kyle,Douglas,tanderson@example.org,Canada,2024-07-26
197,Nicholas,Conner,elizabethcalderon@example.net,USA,2026-08-18
198,Rita,Davis,bromero@example.com,UK,2024-07-25
199,Stephanie,Peterson,ilee@example.org,UK,2023-11-14
200,Megan,Garcia,stanleynancy@example.net,USA,2024-01-12
201,Nicholas,Martin,jenniferwilliams@example.com,USA,2025-09-01
202,John,Wallace,karen73@example.net,Canada,2024-05-10
203,Tammy,Mueller,michealvalentine@example.com,Canada,2025-01-09
204,Juan,Reyes,mburch@example.net,UK,2024-01-20
205,John,Davidson,angela18@example.org,USA,2024-06-29
206,Kathryn,Nelson,mariahdavis@example.org,Canada,2026-02-02
207,Nicole,Arias,gbrown@example.com,Canada,2024-05-06
208,Virginia,Brooks,florescory@example.net,USA,2025-08-03
209,Lacey,Taylor,samantha72@example.net,Canada,2025-01-17
210,Christina,Bullock,scottmary@example.net,Canada,2026-06-17
211,Chelsea,Henderson,john10@example.org,USA,2024-11-24
212,Laura,Bryant,copelandvincent@example.net,USA,2023-09-09
213,Zachary,Allen,kellysmith@example.com,USA,2024-05-11
214,Robert,Beck,millsmichael@example.net,Canada,2025-04-09
215,Kristin,Romero,myerstheodore@example.net,USA,2024-10-19
216,Nathaniel,Burgess,kristina53@example.net,Canada,2025-08-11
217,Dale,Perkins,dennis58@example.com,Canada,2026-01-29
218,Gregory,Maxwell,epollard@example.net,,2024-03-08
219,Dennis,Baldwin,mjohnson@example.org,USA,2026-01-05
220,Nina,Stewart,zachary87@example.com,UK,2023-10-01
221,Deborah,Mitchell,glennmartin@example.org,USA,2026-01-14
222,Samuel,Ross,ykline@example.com,USA,2026-07-24
223,Tyler,Jimenez,laurie61@example.com,Canada,2025-06-12
224,Lynn,Gardner,curtis54@example.com,Canada,2024-12-22
225,Jennifer,Jackson,cbell@example.net,Canada,2026-04-01
226,Michael,Bolton,danielle01@example.net,Canada,2025-07-20
227,Michael,Owen,stephaniethomas@example.net,Australia,2025-09-03
228,Samuel,Martinez,kimberlydiaz@example.com,Canada,2026-06-27
229,Antonio,Hernandez,xrush@example.com,UK,2025-12-05
230,Audrey,Moreno,redwards@example.org,USA,2026-07-09
231,Anthony,Lopez,hmcintyre@example.com,USA,2025-12-18
232,Jane,Lewis,heather73@example.org,USA,2024-01-17
233,Charles,Thompson,zosborn@example.net,USA,2026-07-17
234,Valerie,Contreras,piercekelly@example.com,USA,2026-03-12
235,Jennifer,Ho,laurahicks@example.org,Canada,2026-08-05
236,Laura,Young,jjohnson@example.net,USA,2024-09-29
237,Linda,Arnold,jonesraymond@example.net,Canada,2025-10-17
238,Alicia,Hammond,martinezlogan@example.org,Canada,2024-12-27
239,Erin,Cooper,katrinaanderson@example.net,USA,2026-05-16
240,Brian,Martinez,kevinmartin@example.net,Canada,2024-04-25
241,Stacey,Stone,meghan43@example.net,Australia,2026-07-05
242,Joshua,Weber,shawgary@example.net,Australia,2024-02-06
243,Donna,Le,megan90@example.org,UK,2023-11-19
244,Stacy,Wise,debra96@example.net,Canada,2025-07-22
245,Tyler,Burton,dawn47@example.org,Canada,2026-01-19
246,Gail,Evans,barkereric@example.com,Australia,2025-02-02
247,James,Lawson,michelle55@example.com,Canada,2024-01-12
248,Mitchell,Hoffman,john14@example.com,Australia,2024-05-19
249,Colin,Roberts,alin@example.org,Australia,2026-07-12
250,Rachel,Li,james27@example.net,UK,2025-01-14
251,Natasha,Jimenez,landrywilliam@example.org,Canada,2024-04-13
252,Michael,Williams,pharper@example.net,Canada,2025-01-18
253,Amanda,Boone,qanderson@example.net,UK,2024-09-25
254,Richard,Williams,hudsonjames@example.net,Canada,2024-07-03
255,Paul,Cole,marcia99@example.org,Canada,2024-01-10
256,Colin,Brooks,angela52@example.org,USA,2025-06-12
257,Richard,Williams,taylormason@example.com,Australia,2025-03-13
258,Eduardo,Barry,markaustin@example.org,USA,2024-10-25
259,Christina,Kirby,william88@example.com,USA,2025-10-06
260,Kevin,Cabrera,mark16@example.net,Canada,2024-07-24
261,Rachel,Wiggins,carlsonjoseph@example.net,USA,2025-12-27
262,Kimberly,Lane,silvageorge@example.net,Australia,2025-10-20
263,Kim,James,anthonyvaughan@example.org,Canada,2024-03-18
264,Scott,Barnes,avaughn@example.net,USA,2025-12-18
265,Samantha,Salas,thorntonapril@example.net,UK,2024-08-12
266,Eileen,Fox,sue78@example.com,USA,2025-04-11
267,Erica,Dillon,chelsea33@example.com,USA,2025-04-24
268,Jeffrey,Dudley,kellie37@example.com,USA,2025-01-28
269,Ann,Michael,keith98@example.com,Canada,2026-04-29
270,Ralph,Reed,kellyroberts@example.net,Canada,2023-11-16
271,Sandra,Douglas,ilewis@example.com,UK,2026-06-09
272,Heather,Taylor,johnsantiago@example.net,UK,2024-04-25
273,Jesse,Garcia,jennifer12@example.org,UK,2026-07-14
274,Tiffany,Moore,mwoods@example.com,UK,2024-08-07
275,Debbie,Velez,pearsonjesse@example.net,USA,2025-10-22
276,Sharon,Gentry,robertmonroe@example.org,USA,2026-08-18
277,Randy,Simpson,nancy04@example.net,USA,2025-06-12
278,Sarah,Rogers,ihays@example.net,USA,2025-02-13
279,Sheena,Rosales,znelson@example.org,USA,2024-08-18
280,Jessica,Wong,alexisrogers@example.com,USA,2025-05-05
281,Katherine,Thompson,gwilcox@example.com,UK,2023-11-25
282,Elizabeth,Lopez,thomasboyle@example.org,Canada,2024-06-02
283,Joe,Molina,kevin90@example.com,Canada,2025-08-07
284,Heather,Brown,marshallerik@example.net,Canada,2025-02-22
285,Paula,Padilla,hannah45@example.net,USA,2024-04-20
286,Susan,Mendoza,madkins@example.com,Canada,2024-11-19
287,Andrea,Ruiz,kathleenbecker@example.net,USA,2026-04-04
288,Christopher,Griffin,christian91@example.org,USA,2026-02-15
289,Rebecca,Harris,franklinbond@example.com,Canada,2023-12-27
290,Jamie,Aguilar,nolansean@example.org,USA,2024-12-30
291,William,Bryant,hansenemily@example.com,Canada,2025-10-22
292,Randy,Velasquez,bethwilliams@example.com,Canada,2025-09-27
293,Amber,Brown,andersenthomas@example.com,UK,2024-11-12
294,Kayla,Cannon,ybrooks@example.com,Canada,2026-04-01
295,Rebecca,Bennett,desireebailey@example.org,Canada,2026-08-14
296,Phillip,Anderson,maryavila@example.com,USA,2025-01-10
297,Jennifer,Coleman,pmorrow@example.com,USA,2024-09-04
298,Joshua,Pineda,johnsondonna@example.net,Canada,2025-12-08
299,Nicole,Smith,carloswheeler@example.com,USA,2025-06-07
300,Jacqueline,Williams,moralesjimmy@example.org,Canada,2025-11-25
301,Kimberly,Taylor,jim95@example.net,Canada,2025-06-07
302,Emily,Flores,nancy83@example.com,USA,2024-07-16
303,Bruce,Fry,conniesimmons@example.com,USA,2023-10-12
304,Maxwell,Schneider,ufloyd@example.net,USA,2024-11-20
305,Edward,Bennett,oallen@example.com,USA,2026-03-18
306,Drew,Ford,harttammy@example.net,Australia,2025-03-24
307,Paul,Scott,deborah75@example.org,USA,2025-03-31
308,Maria,Williams,mnunez@example.org,Canada,2026-04-05
309,Jacob,Gill,timothybooth@example.com,USA,2024-07-19
310,Regina,Lewis,suzannewilson@example.com,Canada,2026-05-20
311,Heather,Padilla,jherman@example.com,Canada,2025-12-18
312,Oscar,Ferguson,kyle58@example.com,Canada,2025-01-13
313,Leah,Bowen,robin55@example.com,Canada,2023-10-11
314,Michelle,Figueroa,greensarah@example.net,Australia,2025-10-19
315,Kenneth,Gonzalez,noahwhitaker@example.com,UK,2025-04-16
316,Sherry,Morgan,plevy@example.net,USA,2025-02-09
317,Gary,Norton,donaldpayne@example.org,Canada,2026-05-22
318,Amber,May,warrenmary@example.org,Canada,2026-06-22
319,Elizabeth,Duran,otaylor@example.org,Canada,2023-11-04
320,Edward,Robinson,nbrooks@example.net,Canada,2025-08-21
321,Christina,Webb,ismith@example.net,USA,2024-11-14
322,Alvin,Bowen,andre62@example.org,USA,2026-05-24
323,Alice,Allen,lisa46@example.org,USA,2024-10-03
324,Richard,Cunningham,kevinclayton@example.org,Canada,2025-08-07
325,Michele,Malone,sullivannicholas@example.com,Australia,2023-10-22
326,Albert,Jackson,pbruce@example.com,USA,2025-05-03
327,Michaela,Davis,hallrachel@example.net,USA,2026-04-20
328,Thomas,Williams,cohenjuan@example.net,USA,2025-04-30
329,Antonio,Mcfarland,alexis39@example.org,Canada,2025-11-23
330,Jennifer,Sanders,evansanne@example.net,Canada,2026-02-21
331,Paul,Mosley,patrick21@example.net,Canada,2025-11-16
332,Michael,Davis,marypeterson@example.net,USA,2026-07-03
333,Randy,Ayala,walterskristen@example.com,Canada,2025-02-09
334,Michael,Pugh,llopez@example.net,Canada,2024-10-11
335,Kelsey,Phillips,jennifermiller@example.org,Canada,2024-10-11
336,Kristen,Moore,gstewart@example.org,Canada,2023-08-27
337,Kyle,Ward,curtis12@example.com,UK,2024-12-25
338,Angela,Russell,davisangela@example.net,USA,2025-06-07
339,Mark,Cruz,robert18@example.org,USA,2025-05-09
340,Gavin,James,josephadams@example.org,Canada,2023-10-30
341,Ryan,Fisher,xpatton@example.com,USA,2026-06-21
342,Jennifer,Simpson,stephentaylor@example.org,USA,2026-06-26
343,Martin,Oliver,scott69@example.org,Canada,2024-07-16
344,Carrie,Dominguez,zedwards@example.com,Canada,2024-07-06
345,Heather,Henry,markramirez@example.com,Canada,2024-09-25
346,Sarah,Gonzalez,erinpierce@example.net,USA,2025-01-08
347,Jeanette,Gonzales,marie16@example.net,USA,2025-02-19
348,Cynthia,Allen,jennifermccormick@example.org,Canada,2024-12-26
349,Carla,Aguilar,ystephens@example.com,Canada,2025-09-28
350,Lisa,Wheeler,rodriguezjohn@example.net,USA,2024-09-14
351,Deborah,Williams,vrasmussen@example.com,USA,2023-12-16
352,Corey,Walker,seanmyers@example.net,UK,2025-05-28
353,Vincent,Cooper,webbkenneth@example.org,USA,2023-12-27
354,Shelia,Thomas,matthew38@example.com,Canada,2024-09-06
355,Connor,Bowen,tflores@example.org,Canada,2026-01-25
356,Darin,Sweeney,byrdfrank@example.net,USA,2024-05-15
357,Greg,Moore,omullen@example.com,Canada,2025-07-12
358,Jacob,Sandoval,njohnson@example.org,USA,2024-12-26
359,Russell,Smith,jamiegoodwin@example.org,Australia,2025-05-15
360,Lauren,Herrera,mark71@example.com,USA,2025-08-26
361,Tracy,Church,candice96@example.net,Canada,2023-12-25
362,Michael,Ellis,lisamccarthy@example.com,USA,2026-05-24
363,Brittany,Powers,david41@example.org,USA,2024-10-04
364,Donald,Price,baileyhenderson@example.com,USA,2025-07-18
365,Heather,Brewer,angelaburns@example.org,Australia,2024-03-14
366,Megan,Harvey,stephanie72@example.org,Canada,2026-01-31
367,Tamara,Wagner,fortiz@example.com,Australia,2025-10-08
368,Scott,Jackson,flynnjeffrey@example.org,UK,2024-06-18
369,Amanda,Jackson,xcunningham@example.com,Canada,2025-04-15
370,Daniel,Wilson,amber07@example.net,,2024-04-17
371,Ronald,Fitzgerald,kennethkidd@example.com,Canada,2024-06-05
372,Michelle,Miller,rowejoel@example.net,Canada,2025-05-27
373,Michael,Page,imartin@example.org,Canada,2026-01-29
374,Linda,Hudson,candice25@example.net,USA,2024-07-07
375,Ashley,Farley,taylorkaren@example.com,Canada,2026-05-24
376,Victoria,Camacho,jacquelineanderson@example.org,Canada,2025-10-09
377,Maria,Juarez,kburns@example.net,UK,2024-06-11
378,Robert,Hayes,powellkara@example.net,Canada,2026-06-13
379,Miguel,Clements,brandi17@example.net,UK,2025-08-18
380,Michael,Brown,brobinson@example.org,Canada,2025-02-14
381,Marcus,Campbell,ashleewashington@example.com,Canada,2026-04-27
382,Kathryn,Williams,ksmith@example.com,USA,2025-01-03
383,Victoria,Patterson,nicoleturner@example.com,USA,2023-12-02
384,Michael,Miller,brettgarrett@example.net,UK,2025-09-26
385,Jim,Rios,smiththomas@example.org,USA,2025-06-02
386,April,Wallace,dominguezlisa@example.com,UK,2025-09-20
387,Tim,Perez,crosscurtis@example.com,Canada,2024-09-27
388,Kevin,Reyes,darlenebyrd@example.org,Canada,2025-03-25
389,Alan,Santos,nbell@example.net,USA,2025-11-19
390,Samantha,Jensen,fheath@example.org,UK,2024-01-22
391,David,Blair,sylvia52@example.org,Australia,2024-06-20
392,Christopher,Tran,kimberly04@example.org,Canada,2025-03-11
393,William,Adkins,debbie37@example.com,Canada,2023-12-23
394,Victor,Wheeler,hatfieldsarah@example.org,USA,2024-10-18
395,Mary,Fisher,kathrynbest@example.org,Canada,2023-09-09
396,Carlos,Baker,livingstonstacy@example.com,Australia,2025-02-27
397,Courtney,Mason,zhenderson@example.org,UK,2025-07-24
398,Amanda,Hernandez,collinswilliam@example.org,Canada,2026-07-24
399,Eric,Murphy,collinssamuel@example.org,USA,2023-10-24
400,Christopher,Hamilton,dsalazar@example.com,USA,2025-08-21
401,Diane,Thompson,zimmermanjacqueline@example.org,Canada,2025-02-16
402,Michael,Holmes,gary24@example.net,UK,2026-04-19
403,Kelsey,Johnson,enelson@example.com,USA,2025-10-10
404,Barbara,Jones,ddixon@example.com,UK,2026-03-20
405,Garrett,Moore,shannonemily@example.org,Canada,2024-04-28
406,William,Williams,sanchezthomas@example.com,UK,2026-05-26
407,Harold,Horne,tranrobin@example.net,Canada,2025-08-09
408,Jeffrey,Wright,joseph19@example.com,Canada,2023-12-30
409,Emily,Williams,lindajarvis@example.com,UK,2023-11-05
410,Steven,Campbell,mark87@example.org,Canada,2024-09-29
411,Kelly,Mueller,stevenvargas@example.com,Canada,2026-08-19
412,Kimberly,Oconnor,edwardrandolph@example.org,Australia,2024-05-03
413,Michael,Franco,tapiaaaron@example.net,Australia,2024-10-07
414,Joann,Parker,alyssaallen@example.com,USA,2026-07-10
415,Teresa,Thomas,christopher38@example.com,USA,2025-09-28
416,Nathan,Villegas,carpenterwilliam@example.net,Canada,2026-02-05
417,Charles,Bradley,ibates@example.org,Canada,2024-07-06
418,Melissa,Howe,vhaynes@example.com,Canada,2024-08-04
419,Joseph,Jones,derekcarrillo@example.org,USA,2024-02-08
420,Frank,Owens,wmartinez@example.org,USA,2024-12-29
421,Steven,Phelps,mooregina@example.net,USA,2025-09-23
422,Billy,Huff,eddie35@example.com,USA,2025-03-06
423,Erica,Green,anthonysullivan@example.com,Canada,2025-04-22
424,Andrea,Davis,laradonald@example.org,USA,2023-10-28
425,Kimberly,Walker,madisonwatson@example.net,Canada,2026-06-14
426,Christopher,Willis,johnsoncaleb@example.net,USA,2024-12-20
427,David,Stein,david70@example.org,Canada,2026-05-30
428,Ryan,Ramsey,rjohnson@example.com,UK,2024-02-27
429,Jason,Lopez,sean20@example.net,Canada,2025-06-30
430,John,Phillips,eandrade@example.org,Canada,2023-11-26
431,Patrick,Barnes,crystalpham@example.org,Canada,2026-08-10
432,Kimberly,Howard,kcooper@example.net,USA,2024-08-08
433,Joseph,Johnson,anthonycochran@example.com,USA,2023-10-25
434,Victoria,Moreno,terrigarcia@example.net,Canada,2024-05-12
435,Amanda,Moody,gallagherstacie@example.net,Canada,2026-03-06
436,Laura,Kelly,gregorywatkins@example.net,USA,2025-09-24
437,Robin,Johnson,stacey92@example.net,Canada,2026-06-26
438,Mary,Cochran,lweaver@example.com,UK,2023-10-02
439,Brian,Guzman,foxaaron@example.net,USA,2024-03-29
440,David,Love,brian29@example.net,Canada,2026-05-23
441,Kim,Mathis,susan56@example.net,Canada,2023-12-10
442,Kevin,Taylor,jessicakim@example.net,Australia,2026-07-09
443,Debra,Thompson,jeffrey92@example.com,Canada,2024-07-23
444,Haley,Anderson,rushstacy@example.com,Canada,2026-03-11
445,Kelli,Bradley,carriemccall@example.net,UK,2024-04-20
446,Ariana,Zuniga,markmiller@example.com,Australia,2026-08-02
447,Gary,Mcclure,underwoodelizabeth@example.net,Australia,2026-04-19
448,Sean,Baker,heatherbell@example.org,USA,2025-10-19
449,Brandon,Kim,acosta@example.com,Canada,2026-04-14
450,Michael,Bennett,kkramer@example.net,Canada,2025-11-30
451,Jeremiah,Hayes,phillipslucas@example.org,USA,2023-11-11
452,George,Bennett,paynerachael@example.org,USA,2024-08-26
453,Tricia,Barry,reynoldsdesiree@example.net,Canada,2026-04-23
454,Eric,Garcia,terriortiz@example.net,UK,2025-10-21
455,Jessica,Baker,kenneth10@example.com,Canada,2025-05-09
456,Mary,Hernandez,adam14@example.net,USA,2025-07-07
457,Timothy,Davis,georgecarter@example.org,Canada,2025-01-22
458,Darrell,Glover,qburns@example.com,USA,2023-11-29
459,Amy,Lopez,cwood@example.org,Canada,2024-06-05
460,Steven,Perez,anne21@example.org,Canada,2025-08-23
461,Lindsey,Gutierrez,angelarandall@example.net,Canada,2024-11-22
462,Amanda,Camacho,parmstrong@example.com,USA,2024-07-14
463,Ralph,Nash,shawrachel@example.net,USA,2025-09-02
464,Christine,Martinez,kthompson@example.org,USA,2026-01-24
465,David,Henderson,oharris@example.org,Australia,2026-02-21
466,Jonathan,Bartlett,millerangela@example.net,Canada,2024-08-13
467,Joshua,Ellis,buchanancindy@example.net,Canada,2025-12-25
468,Daniel,Hernandez,buckleyanna@example.org,UK,2025-12-30
469,Mikayla,Beard,pbaker@example.com,Canada,2025-05-09
470,Thomas,Jackson,mthomas@example.net,Australia,2025-09-20
471,Benjamin,Preston,hannah07@example.com,Canada,2026-05-01
472,Andrew,Roth,larry71@example.org,Australia,2024-01-16
473,Terri,Ramos,joseph69@example.net,Canada,2023-11-27
474,Scott,Mcintyre,wfigueroa@example.net,UK,2026-03-29
475,Lori,Robertson,cameronmckinney@example.com,USA,2024-01-17
476,Melissa,Suarez,thompsonnancy@example.org,Australia,2026-02-24
477,John,Bryant,janet45@example.com,Canada,2025-02-25
478,Cynthia,Martinez,allentracy@example.com,USA,2024-03-03
479,Monica,Matthews,max41@example.com,Australia,2023-09-21
480,Brandon,Nash,mercedesholland@example.net,USA,2024-04-04
481,Denise,Palmer,wellsdavid@example.org,USA,2025-06-10
482,Alan,King,jennifer46@example.com,USA,2026-03-12
483,Stephen,Robinson,erica96@example.net,USA,2023-12-12
484,William,Bates,anna99@example.com,USA,2024-07-14
485,Daniel,Brown,danielle44@example.net,USA,2025-10-09
486,Patricia,Evans,zacharyallen@example.org,UK,2026-01-20
487,Leah,Greene,erin07@example.com,Canada,2024-06-01
488,Robert,Price,aguilarwanda@example.org,Canada,2024-09-01
489,Jennifer,Parks,qknox@example.com,Australia,2025-02-28
490,Megan,Pittman,kellyruiz@example.net,UK,2024-05-31
491,Lindsey,Hines,staceylam@example.net,USA,2023-11-27
492,Michael,Garner,robert55@example.com,USA,2025-05-24
493,Steven,Wilson,delacruzbrandy@example.net,Canada,2023-11-08
494,Pamela,Mason,amoreno@example.org,Canada,2026-04-02
495,Edward,Gay,robert97@example.org,USA,2024-08-02
496,Jennifer,Maxwell,lcook@example.com,Canada,2025-07-17
497,Adam,Hill,barbaramoore@example.org,USA,2024-01-10
498,Ryan,Jordan,ysanford@example.org,Canada,2023-10-02
499,James,Watson,mcclainkatherine@example.net,Australia,2024-03-17
500,Erica,Sims,jeremywiley@example.com,Australia,2024-01-10
501,Patrick,Chapman,cameronwilliams@example.com,USA,2025-01-02
502,Abigail,Warren,ibarron@example.com,USA,2026-08-17
503,Tracy,Christensen,stacyhull@example.com,Canada,2023-09-11
504,Jeffrey,Mercer,jessicalawrence@example.org,UK,2024-01-03
505,Jennifer,Conner,qmcdowell@example.net,USA,2025-07-04
506,Brittney,Williams,valdezandrew@example.net,Canada,2023-12-26
507,Sean,Martinez,thomas23@example.net,UK,2025-09-11
508,Albert,Fisher,batesjoseph@example.net,UK,2025-09-27
509,Robert,Roach,campbellkristen@example.com,Australia,2024-03-26
510,James,Baker,michaelortiz@example.org,USA,2023-10-04
511,Tyler,Clark,arivera@example.org,USA,2025-08-27
512,Rebecca,Conley,fhernandez@example.net,Canada,2023-11-12
513,Jennifer,Conway,stephenmadden@example.com,Australia,2025-01-11
514,Cory,Thompson,phelpsmichael@example.net,UK,2024-07-29
515,Joanna,Davis,smithdevon@example.net,Canada,2024-02-24
516,Michael,Kim,natalie15@example.com,Canada,2024-03-09
517,Richard,Rivers,mary76@example.net,Canada,2026-04-19
518,Garrett,Anderson,jarvismegan@example.org,canada,2024-11-19
519,Brittany,Pham,ywhite@example.com,Australia,2025-06-22
520,Michelle,Hobbs,timothyfreeman@example.com,Canada,2024-12-16
521,Bryan,Pena,busherica@example.net,USA,2025-05-15
522,Annette,Levine,april91@example.com,Canada,2025-08-16
523,John,Reed,jhernandez@example.net,Australia,2023-10-20
524,Dawn,Moore,kchristian@example.org,UK,2025-11-22
525,Malik,Rivera,brent38@example.net,UK,2024-10-09
526,Lisa,Miller,csolis@example.org,USA,2026-03-17
527,Sergio,Wilson,bmcgee@example.org,Canada,2024-11-06
528,Barry,Dunn,connersylvia@example.net,Canada,2024-07-20
529,William,Clark,xclements@example.org,Canada,2026-02-01
530,Megan,Rivera,xmoran@example.net,UK,2024-12-29
531,Connor,Hopkins,petersonmaria@example.com,UK,2025-04-13
532,Nathaniel,Rodriguez,travisunderwood@example.net,Australia,2025-10-20
533,Daniel,Carr,davidphelps@example.org,Australia,2025-01-03
534,Kimberly,Love,shermanbrandon@example.net,USA,2026-02-24
535,Brianna,Barton,lellis@example.net,USA,2024-01-16
536,Victor,Moreno,tranryan@example.net,Australia,2025-02-01
537,William,Morse,heatherthompson@example.org,UK,2023-12-13
538,Diane,Obrien,william66@example.net,Canada,2026-05-21
539,Kathryn,Hill,tara72@example.org,USA,2024-11-16
540,Holly,Goodman,megan85@example.net,Canada,2025-11-06
541,Angela,Robinson,claudiaroberts@example.com,Australia,2026-05-27
542,David,Page,williambenson@example.com,USA,2025-10-08
543,Kathleen,Hart,icraig@example.com,Canada,2026-04-09
544,Robert,Smith,johnsondustin@example.net,USA,2023-10-23
545,Joseph,Floyd,frances20@example.net,USA,2025-12-28
546,James,Weaver,lisa19@example.net,Canada,2025-11-09
547,Michelle,Newton,yyoung@example.net,Canada,2024-07-02
548,Elizabeth,House,ybutler@example.net,USA,2024-07-29
549,Andrea,Smith,james73@example.net,USA,2025-10-02
550,Deborah,Fischer,kimberlybrandt@example.com,USA,2024-12-25
551,Tonya,Jones,jillwilson@example.org,USA,2024-12-03
552,Angela,Anderson,adam72@example.org,UK,2024-02-06
553,Marcus,Williams,tracy98@example.com,USA,2023-11-09
554,Jasmine,Fox,abigailhartman@example.org,USA,2024-11-19
555,Amanda,Davis,nicolealvarado@example.com,UK,2024-09-20
556,Jeffery,Goodwin,wbarajas@example.net,Canada,2023-08-31
557,Elizabeth,Griffin,susanfleming@example.com,Canada,2024-10-12
558,Laura,Wilson,amber40@example.net,Canada,2026-02-08
559,Nicholas,Lang,stucker@example.net,USA,2024-03-19
560,Willie,Vaughan,teresaayala@example.net,canada,2023-08-30
561,Cameron,Santiago,michellecoleman@example.org,,2024-04-03
562,Maria,Johns,elucas@example.net,Canada,2025-09-11
563,Andrew,Love,millerbrian@example.com,Canada,2025-04-24
564,Bailey,Perez,rickey76@example.com,Canada,2024-08-02
565,Perry,Wilson,maychristine@example.net,Canada,2025-05-24
566,Jaclyn,Jones,robertsgina@example.net,USA,2023-11-24
567,Kathy,Kim,bshort@example.com,Canada,2024-02-09
568,Jeffrey,Francis,susan24@example.net,Canada,2026-04-20
569,Tammy,Camacho,susan08@example.net,UK,2024-01-23
570,Bobby,Armstrong,fmedina@example.com,Canada,2024-04-08
571,Judith,Swanson,robertbrewer@example.net,USA,2024-01-25
572,Jack,Jensen,james29@example.org,USA,2026-03-12
573,Sarah,Gamble,enewman@example.com,Canada,2025-08-27
574,John,Gonzalez,wlynn@example.org,canada,2025-08-26
575,Jimmy,Mitchell,mcculloughlouis@example.com,UK,2024-08-15
576,Donna,Steele,arianadiaz@example.com,Australia,2026-07-07
577,Gary,Edwards,jenniferdavidson@example.com,Canada,2026-02-27
578,Dennis,Quinn,wford@example.com,Australia,2025-02-05
579,Daniel,Brewer,wilkinsonmichele@example.org,USA,2026-04-24
580,James,Gross,lunapatricia@example.net,Canada,2025-07-14
581,Lisa,Riley,rebeccaarnold@example.net,USA,2026-04-27
582,Amber,Valdez,michaelwalker@example.net,Australia,2025-11-02
583,Kelly,Marshall,sanderswayne@example.net,USA,2024-05-09
584,Tamara,Holden,katherinetaylor@example.org,Canada,2024-03-05
585,Stacy,Hopkins,jillwebb@example.com,USA,2023-10-05
586,Kathleen,Hall,mike03@example.net,Canada,2026-05-12
587,Michael,Harrison,ckeith@example.net,Canada,2024-08-11
588,Jane,Boyd,mary49@example.net,Canada,2025-05-07
589,Nicholas,Gray,blacknicholas@example.org,Canada,2025-03-09
590,Michael,Parrish,msparks@example.org,Canada,2025-02-22
591,Don,Martin,robertsonjuan@example.org,Canada,2024-03-13
592,Michael,Love,guerrerorobert@example.com,USA,2025-10-19
593,Timothy,Mendoza,brittanyholland@example.com,Canada,2023-09-15
594,Bradley,Berry,dennishunt@example.net,Canada,2024-01-29
595,Gabriel,Nielsen,kgreene@example.net,UK,2023-09-11
596,Jennifer,Stanley,stacey37@example.net,USA,2026-08-14
597,Michelle,Jackson,yburke@example.net,USA,2026-02-06
598,Hunter,Keller,gary57@example.net,Canada,2025-05-30
599,Jerry,Cruz,smithalexandra@example.net,Canada,2025-09-10
600,Margaret,Jacobs,thomasmendez@example.org,Canada,2026-04-10
601,Amanda,Goodwin,olsondavid@example.net,Canada,2025-04-04
602,Aaron,Pace,xboyd@example.org,Canada,2025-09-24
603,Roy,Mays,yclarke@example.com,Canada,2025-05-28
604,Judith,Juarez,colemanjonathan@example.org,Canada,2026-05-15
605,Christopher,George,ascott@example.net,Canada,2025-11-14
606,Adrian,Mills,brooksjamie@example.com,USA,2024-11-12
607,Daniel,Simmons,jose86@example.net,Canada,2024-09-25
608,Joshua,Becker,robertbowers@example.com,Canada,2024-03-04
609,Angie,Webb,becky62@example.net,USA,2023-12-30
610,Jerry,Logan,craigromero@example.com,USA,2026-01-15
611,Christina,Cohen,martintamara@example.org,Canada,2026-01-19
612,Madeline,Ruiz,qdavis@example.org,USA,2024-10-01
613,Chelsea,Ramsey,hmendez@example.com,USA,2025-10-09
614,Carla,Bautista,daniellegonzales@example.org,Canada,2026-03-11
615,Sarah,Holmes,arthurgreene@example.net,UK,2025-09-25
616,Christina,Craig,john02@example.org,Australia,2026-08-18
617,Kimberly,Gomez,msullivan@example.net,Canada,2023-09-07
618,Jane,Calhoun,jessica89@example.com,Canada,2024-09-05
619,Lisa,Perez,shawnpowell@example.org,UK,2024-06-03
620,Richard,Rodriguez,gordonmatthew@example.org,USA,2026-01-18
621,Sue,Walter,heather69@example.com,Canada,2025-12-12
622,Katherine,Ali,lmaldonado@example.org,Canada,2025-01-31
623,Jonathan,Reyes,ericahall@example.com,Canada,2024-11-16
624,Michael,Nichols,john16@example.net,USA,2025-11-19
625,Matthew,Spencer,thomasgomez@example.net,USA,2024-06-11
626,Stacey,Vega,victorgonzalez@example.net,Canada,2024-05-13
627,Joseph,Perez,marykelly@example.org,USA,2023-12-31
628,Christian,Sosa,waustin@example.net,USA,2026-07-06
629,Melanie,Watson,travis94@example.com,Canada,2024-03-09
630,Kathryn,Dixon,kwalker@example.org,Canada,2023-10-20
631,Lauren,Mendoza,shawphillip@example.net,USA,2025-12-19
632,Stephen,Martinez,astewart@example.org,UK,2025-08-29
633,Nicolas,Garcia,chloe42@example.net,USA,2024-06-05
634,Joseph,Mullen,michael76@example.org,USA,2024-11-23
635,Karen,Diaz,lramirez@example.net,Canada,2024-01-12
636,Barbara,Perez,lelinda@example.net,Canada,2024-12-07
637,Oscar,Thomas,thomassmith@example.com,USA,2025-02-19
638,Wendy,Atkinson,kristen44@example.net,Canada,2026-03-19
639,Brandon,Garcia,briancervantes@example.com,Canada,2026-02-26
640,Cole,Garner,michael88@example.com,Canada,2024-09-02
641,Robert,Bell,barbarasantos@example.net,Canada,2024-02-29
642,Kimberly,Kelly,champton@example.org,Canada,2024-10-12
643,Justin,Welch,mirandadavidson@example.com,Canada,2024-11-26
644,Cheryl,Sullivan,millermatthew@example.com,Canada,2024-08-03
645,Kelly,Adams,cnelson@example.com,Canada,2025-11-18
646,Abigail,Cole,ivanjohnson@example.net,canada,2024-05-05
647,Johnathan,Manning,clarkrandy@example.org,USA,2023-10-30
648,Natasha,Kelley,wisealexandria@example.org,USA,2023-12-13
649,Christine,Miller,pparker@example.net,USA,2024-06-28
650,Courtney,Anderson,anthonyalvarado@example.com,USA,2026-03-26
651,Tanner,Pitts,amy28@example.org,Canada,2025-05-30
652,Stephen,Curry,omills@example.net,USA,2024-07-26
653,Michael,Fernandez,ramosmichael@example.com,USA,2024-02-08
654,Alex,Mills,mauriceharrison@example.org,USA,2025-09-13
655,Travis,Campos,albert64@example.net,Canada,2024-05-01
656,Adrian,Brooks,bkhan@example.com,Canada,2024-05-21
657,Jennifer,Brewer,fwalker@example.com,Canada,2025-07-07
658,Zachary,Marsh,justin84@example.com,Canada,2024-03-15
659,Casey,Taylor,walshchristine@example.com,USA,2025-09-27
660,Travis,Flores,brandonnichols@example.org,USA,2026-07-22
661,Julian,Martinez,oacosta@example.org,Canada,2024-02-03
662,Tristan,Peterson,kristi75@example.com,Australia,2025-09-23
663,Anthony,Miller,brianrowe@example.org,USA,2025-04-08
664,Hunter,Huang,lisa01@example.net,Canada,2024-05-20
665,Kelsey,Ramos,gonzalezjill@example.org,Canada,2025-03-15
666,Tina,Kennedy,sharon20@example.net,Canada,2026-06-14
667,Abigail,King,james03@example.org,Canada,2024-05-06
668,Ryan,Smith,brenda63@example.org,Canada,2026-07-18
669,Bianca,Vazquez,nathandavis@example.org,Canada,2025-02-19
670,Gina,Morgan,browndeanna@example.net,Canada,2025-03-31
671,Daniel,Freeman,tina57@example.net,Canada,2024-03-20
672,Hannah,Howard,johnwilliams@example.net,UK,2024-12-13
673,Kenneth,Terry,ashleystephens@example.com,Canada,2025-11-01
674,Joshua,Guerra,caseymoore@example.com,USA,2026-02-05
675,Amber,Gibson,bgross@example.net,Canada,2026-03-18
676,Kimberly,Allen,barrettamber@example.com,Australia,2024-03-17
677,Felicia,Cannon,chloemorris@example.net,Canada,2024-08-08
678,Cole,Hopkins,conleydavid@example.org,Canada,2024-03-30
679,Todd,Garcia,hbarrett@example.net,Australia,2025-09-28
680,Jonathan,Diaz,smithsamantha@example.net,UK,2025-02-10
681,Pamela,Miller,wardjulia@example.com,UK,2026-02-07
682,Laura,Brown,allison14@example.org,Canada,2026-06-22
683,Susan,Davis,amandalopez@example.net,Canada,2025-08-10
684,Ashley,Meza,xreese@example.net,USA,2025-05-14
685,Emily,Park,kandrade@example.org,Australia,2025-04-15
686,William,Sandoval,umahoney@example.net,USA,2026-08-12
687,Mark,Watson,umckenzie@example.net,USA,2024-05-11
688,Amy,Brooks,michael77@example.com,Canada,2023-08-22
689,Austin,Mitchell,holmesvictoria@example.com,USA,2023-08-29
690,Tracey,Lewis,andrew48@example.net,Canada,2025-04-22
691,Sara,Moore,stevenseric@example.com,Canada,2024-09-27
692,Brandi,Hall,christopher69@example.org,Canada,2025-11-03
693,Jennifer,Mcguire,tracynolan@example.net,USA,2025-05-14
694,Rebecca,Larson,benjamin96@example.org,Canada,2025-12-24
695,Sandra,Cook,hbutler@example.org,Canada,2025-11-18
696,Melissa,Mcfarland,hbrown@example.org,USA,2024-08-05
697,Annette,Murphy,ericnunez@example.com,Canada,2026-07-21
698,Karen,Johnston,walkerkeith@example.com,USA,2024-01-31
699,Matthew,Alvarez,kelleyjose@example.com,Canada,2025-02-21
700,Kim,Anderson,timothygonzalez@example.com,USA,2025-08-05
701,James,Gilbert,johnadams@example.com,USA,2024-08-10
702,Sandra,Davis,whenderson@example.org,Canada,2024-08-07
703,Brittney,Johnson,gary59@example.com,Canada,2025-07-05
704,Scott,Glass,jamesbrooks@example.net,Canada,2026-03-13
705,Daniel,Brown,mistywilkins@example.org,Canada,2024-09-01
706,Linda,Torres,njohnson@example.net,Australia,2025-04-02
707,James,Mills,ana92@example.net,Canada,2025-09-25
708,Andrew,Aguilar,scottbrian@example.org,UK,2026-01-02
709,Christine,Brown,jonesdonna@example.net,Canada,2026-03-12
710,Donna,Lin,carternicole@example.com,USA,2024-05-01
711,Oscar,Bray,mckeetodd@example.net,USA,2025-03-26
712,Jacob,Mason,tcastro@example.org,USA,2023-10-04
713,Sandra,Torres,klong@example.org,USA,2024-09-05
714,Michael,Garrett,wendyirwin@example.com,Canada,2026-01-27
715,Connie,Johns,raymondstacy@example.org,Canada,2024-02-04
716,Penny,Sandoval,blairabigail@example.net,Australia,2025-06-23
717,Connie,Perez,ashleysimmons@example.com,UK,2026-05-15
718,Mark,Daniels,denisecarpenter@example.net,Australia,2026-01-14
719,Michelle,Parker,russellstout@example.org,Canada,2025-08-10
720,Annette,Moore,grantstacy@example.org,USA,2024-03-10
721,Mary,Thomas,cannonnicole@example.com,Australia,2026-07-10
722,Kevin,Reese,edwin31@example.org,Canada,2024-03-11
723,Kathryn,Salazar,catherine93@example.net,Canada,2024-05-02
724,Grace,Howard,manderson@example.com,USA,2025-10-10
725,Nathaniel,Christian,kwells@example.org,USA,2024-04-25
726,Ricky,Novak,stephanie33@example.org,UK,2023-11-02
727,Sara,Duke,dwatts@example.org,Canada,2024-12-02
728,Kimberly,Franklin,zcortez@example.net,USA,2026-06-16
729,Ashley,Herrera,meyershannon@example.org,Canada,2026-04-10
730,John,Medina,grantzachary@example.net,Canada,2026-07-12
731,James,Gonzales,kim47@example.org,Canada,2024-11-27
732,Christie,Brown,stevenlucas@example.org,UK,2025-10-22
733,Daniel,Osborne,phillipmorris@example.org,USA,2024-03-05
734,Brittany,Marquez,nicoledavis@example.com,USA,2025-09-18
735,Rebecca,Hogan,davisjasmin@example.net,Canada,2024-09-22
736,Alexandria,Cruz,nicholasjames@example.org,UK,2026-05-17
737,Ariana,Keller,fernandothomas@example.net,Canada,2023-10-17
738,Kyle,Cross,lroberts@example.org,UK,2026-05-02
739,Susan,Smith,alexander77@example.net,Canada,2026-01-22
740,Cathy,Snyder,briannaalvarez@example.com,Canada,2024-12-18
741,Carolyn,Smith,christine83@example.org,USA,2024-03-11
742,Brian,Bailey,melissaestrada@example.net,Canada,2024-07-14
743,Samantha,Williams,kchaney@example.net,USA,2024-06-28
744,Donna,Graves,tammycurry@example.com,USA,2026-06-07
745,Christopher,Evans,priscilla16@example.net,Canada,2023-11-01
746,Thomas,Martinez,mark68@example.org,UK,2025-09-22
747,Cheryl,Rodriguez,webbhaley@example.net,Canada,2024-07-01
748,Chelsea,Stewart,sara99@example.com,USA,2025-03-13
749,Crystal,Vasquez,nicolehall@example.com,UK,2026-07-30
750,Aaron,Johnson,mclaughlinjared@example.net,USA,2026-08-20
751,Robert,Cook,alexharris@example.com,Canada,2024-05-26
752,Carlos,Evans,katie15@example.com,Australia,2024-10-29
753,Ashley,Choi,jamesbass@example.net,USA,2025-01-28
754,Thomas,Johnson,timothyburton@example.net,Canada,2026-04-29
755,Steven,Olsen,conleykevin@example.net,Canada,2025-09-03
756,Angela,Smith,lauren51@example.org,USA,2024-06-24
757,Anthony,Terrell,ashleyprice@example.net,USA,2023-12-28
758,Kimberly,Parker,jennifer46@example.org,USA,2025-02-16
759,John,Hayes,javier42@example.org,UK,2024-10-05
760,Benjamin,Harris,wallaceangel@example.com,USA,2026-05-09
761,Eric,Peterson,hoconnor@example.com,Canada,2025-12-18
762,Douglas,Wiggins,jamiejohnson@example.com,canada,2025-10-12
763,Alexandra,Smith,mcdanielbrooke@example.org,Canada,2024-08-21
764,Pamela,Garcia,andrew43@example.com,USA,2024-03-28
765,Justin,Patel,rlambert@example.org,Canada,2024-02-10
766,Danny,Mullen,clarkmichael@example.com,USA,2024-06-14
767,Sherry,Brock,georgecollins@example.com,USA,2025-04-05
768,Brent,Johnson,rodriguezbrian@example.com,UK,2024-10-24
769,Janet,Vance,tjensen@example.com,Canada,2026-02-02
770,Jennifer,Lambert,beltrankatelyn@example.com,UK,2025-05-05
771,Christopher,Lang,tdavis@example.net,Canada,2025-07-28
772,Katie,Ruiz,douglashuang@example.com,UK,2026-05-18
773,Philip,Lyons,kristina57@example.com,Canada,2023-09-24
774,Thomas,Bell,ssingleton@example.com,Canada,2025-06-14
775,David,Garcia,nguyendebra@example.com,USA,2025-03-27
776,Richard,Gutierrez,amydickson@example.com,Canada,2023-11-02
777,Jared,Benson,bmueller@example.net,Canada,2025-12-31
778,Amy,Young,stevensonjennifer@example.com,USA,2023-12-25
779,Caitlin,Nguyen,shortgregory@example.com,USA,2023-11-06
780,Daniel,Cervantes,pmurphy@example.net,USA,2023-10-28
781,Jeff,Taylor,shermandonna@example.com,USA,2025-03-26
782,Peter,Lane,jamierich@example.com,USA,2025-05-08
783,Robin,Torres,wrobbins@example.org,Canada,2025-05-21
784,Cheryl,Dixon,melissabrown@example.net,Canada,2026-07-17
785,Aaron,Castro,daniel40@example.org,Canada,2024-12-07
786,Brittany,Garrett,bsullivan@example.net,UK,2024-04-09
787,Glenn,Taylor,xbridges@example.com,USA,2024-02-07
788,Whitney,Santiago,alexanderwong@example.org,Canada,2025-10-20
789,Tommy,Kim,christophermay@example.com,USA,2026-03-21
790,Patricia,Dominguez,dhanson@example.net,Australia,2024-11-28
791,Lori,Cruz,jacobjacobs@example.net,Canada,2025-02-17
792,Jessica,Joseph,robert89@example.com,USA,2023-09-27
793,Benjamin,Webb,daniel71@example.org,USA,2025-10-30
794,Alicia,Villarreal,steven18@example.net,USA,2023-11-26
795,Thomas,Harmon,suttonamber@example.net,Canada,2024-07-29
796,Brian,Cooper,harrisonwilliam@example.com,UK,2025-05-12
797,Martin,Gomez,keith09@example.net,Australia,2024-07-20
798,Kristen,Green,klane@example.org,USA,2025-08-10
799,Kelly,Mclaughlin,mitchellchristopher@example.net,USA,2023-11-14
800,Kristen,King,joshua40@example.net,Australia,2023-12-22
801,Greg,Vargas,donnawood@example.org,USA,2024-06-03
802,Jaclyn,Washington,cooperchristopher@example.org,Canada,2025-06-04
803,Lydia,Monroe,ptownsend@example.net,USA,2024-12-16
804,Dana,Clark,brian41@example.org,USA,2024-02-21
805,Raymond,Turner,noahthornton@example.com,Canada,2024-06-04
806,Alyssa,Graham,sara76@example.net,USA,2024-08-01
807,Alyssa,Blanchard,hardindana@example.com,Australia,2025-06-21
808,Denise,Nelson,joseph14@example.net,Australia,2025-05-23
809,Steven,Leonard,jessicachapman@example.org,USA,2025-03-13
810,Erica,Kaiser,amy01@example.org,Canada,2024-11-14
811,Alicia,Jennings,jeffrey44@example.org,Australia,2023-09-28
812,Christine,Brown,stephanielittle@example.net,UK,2026-07-06
813,Christopher,Jacobs,pdouglas@example.net,Canada,2026-01-18
814,Jack,Rodriguez,jonowens@example.org,Australia,2025-07-22
815,Sandra,Hill,qschwartz@example.com,UK,2024-05-30
816,Kimberly,Ramirez,reyesmarvin@example.org,USA,2024-05-31
817,Lisa,Thompson,vasquezsarah@example.net,USA,2024-10-25
818,Debbie,Rodriguez,probinson@example.org,Canada,2026-05-18
819,Jennifer,Garcia,jonesjessica@example.com,Canada,2023-09-11
820,Tyler,Delgado,fitzpatrickelizabeth@example.com,Canada,2024-02-04
821,Mark,Myers,robertsonshelby@example.com,UK,2025-01-27
822,Richard,Luna,fernandezaaron@example.net,Canada,2026-02-03
823,Timothy,Bradley,mathew46@example.org,Canada,2025-07-14
824,Susan,Davis,christopher74@example.net,Canada,2024-03-31
825,Angela,Ponce,kentprice@example.org,USA,2025-07-13
826,Michael,Miller,imoss@example.org,UK,2024-03-20
827,Jennifer,Watkins,yprice@example.net,Canada,2025-07-27
828,Victor,Hanna,blevy@example.org,Canada,2024-08-27
829,Matthew,Le,zwilson@example.net,USA,2025-08-22
830,Stephen,Gregory,joycehall@example.org,USA,2023-10-01
831,Donald,Valdez,nmeadows@example.org,Canada,2024-05-13
832,Deborah,Smith,conwaylori@example.org,USA,2025-01-02
833,George,Garza,wilsonbrooke@example.net,Canada,2024-04-19
834,Linda,Simmons,rnguyen@example.net,Canada,2025-04-11
835,Marc,Oconnell,kathrynwatkins@example.com,USA,2023-10-30
836,Joshua,Todd,heathertran@example.com,Canada,2024-05-15
837,Brandi,Anderson,bstrickland@example.com,UK,2023-11-18
838,Adrian,Howe,robert72@example.org,Canada,2024-01-25
839,Joseph,Cole,sharonbishop@example.org,USA,2025-06-05
840,Jennifer,Salazar,burtonkimberly@example.com,USA,2024-11-22
841,Angela,Lee,montgomerymichelle@example.net,Canada,2025-02-28
842,Steven,Sims,joshualee@example.org,USA,2025-09-11
843,Tanya,Wells,ernestlivingston@example.org,Canada,2025-07-28
844,Justin,Hamilton,christina70@example.org,Australia,2025-11-10
845,Sara,Thompson,washingtondarren@example.org,Canada,2025-10-20
846,Brittany,Nguyen,julievillanueva@example.org,Canada,2025-12-22
847,Mark,Garcia,ykane@example.org,Canada,2023-11-10
848,Brenda,Brown,nthomas@example.com,Australia,2024-03-04
849,Nathaniel,Ellis,crystalcantrell@example.org,USA,2024-08-24
850,Antonio,Carroll,derek77@example.com,USA,2024-02-25
851,Matthew,Tanner,kristinelittle@example.net,Canada,2026-05-10
852,Belinda,Tran,christophervincent@example.com,USA,2026-03-23
853,Javier,Wells,uramirez@example.com,Canada,2025-11-05
854,John,Murphy,patriciavargas@example.org,UK,2026-05-19
855,Rachel,Butler,williamsthomas@example.net,Canada,2023-09-27
856,Amanda,Mendoza,chavezjohn@example.net,Canada,2025-11-24
857,Heather,Russell,davidphillips@example.net,Canada,2026-08-20
858,Allen,Caldwell,jacquelinehodge@example.net,USA,2025-05-22
859,Tiffany,Ford,morgansullivan@example.com,USA,2025-07-08
860,Jane,Smith,cruzhannah@example.net,Canada,2023-09-26
861,Ronald,Nelson,kristinmiller@example.com,USA,2025-11-05
862,Brian,Dougherty,pamela16@example.com,USA,2025-01-13
863,Blake,Richardson,castrokim@example.org,USA,2026-08-01
864,John,Wilson,wmclaughlin@example.net,Canada,2026-04-02
865,Jacqueline,Mullins,lukehurst@example.net,Canada,2025-09-05
866,Joshua,Brown,shaun88@example.org,USA,2025-01-18
867,Amanda,Bryan,shannon51@example.org,Canada,2026-04-25
868,Stephen,Miller,keithfrye@example.org,Canada,2024-02-18
869,Daniel,Hernandez,nancymeyer@example.net,UK,2023-09-15
870,Robert,Fleming,thomasfisher@example.net,Australia,2025-07-28
871,Kelly,Brown,marystone@example.com,Canada,2024-11-15
872,Matthew,Lucas,todd88@example.com,Canada,2025-01-04
873,Ashley,Villanueva,george43@example.com,USA,2024-10-02
874,Keith,Bruce,michaelbryant@example.org,Canada,2025-06-30
875,Eugene,Nichols,teresafranco@example.net,Canada,2026-05-09
876,Laura,Martin,williamsleslie@example.org,Canada,2024-12-17
877,Mike,Harris,wadetiffany@example.org,USA,2024-10-03
878,Amber,Martin,david06@example.com,USA,2025-12-11
879,Stacie,Reilly,adamrodgers@example.net,Canada,2024-08-19
880,Janice,Wells,tara92@example.net,Canada,2025-10-28
881,Sandra,Morgan,dennisrachel@example.org,Canada,2025-09-03
882,Darryl,Johnson,seandavis@example.org,USA,2025-06-18
883,James,Fox,james18@example.com,Canada,2025-09-02
884,Susan,Daugherty,ulee@example.net,Canada,2025-06-15
885,Sherry,Kerr,raymond65@example.com,USA,2024-10-03
886,Justin,Bell,fsawyer@example.org,Canada,2025-10-27
887,Sean,Riddle,zroberts@example.net,USA,2026-07-20
888,Rodney,Mosley,maryharper@example.org,Canada,2024-04-05
889,Thomas,Dillon,carl96@example.org,Canada,2023-08-29
890,Danielle,Nelson,angelapage@example.org,Canada,2024-03-27
891,Marisa,Roberts,twilliams@example.net,USA,2024-07-20
892,Anita,Ford,moodyeric@example.com,UK,2026-07-04
893,Mary,Kennedy,robert73@example.org,UK,2023-12-30
894,Joshua,Gamble,georgemichael@example.com,Canada,2025-05-02
895,Miranda,Burton,hmccann@example.com,USA,2025-03-05
896,Barbara,Bruce,bonniethomas@example.com,Canada,2026-04-10
897,Derek,Martin,michael50@example.com,Canada,2024-07-06
898,Danielle,Jones,katiewhite@example.org,UK,2025-06-08
899,Gary,Morris,margaret44@example.net,Canada,2025-09-24
900,Michael,Ferguson,madeline02@example.net,Canada,2024-06-25
901,Kimberly,Jenkins,curtismoore@example.org,Canada,2026-02-18
902,Laura,Hansen,butlersabrina@example.org,Canada,2026-02-04
903,Sandra,Mendoza,hannah27@example.net,Canada,2025-03-17
904,Tara,Jackson,anthony13@example.org,USA,2026-03-18
905,Douglas,Perez,jasonzavala@example.com,Canada,2025-09-17
906,Kristen,Jones,ctodd@example.org,UK,2023-12-18
907,Laura,Palmer,harrisonrebekah@example.org,UK,2023-11-02
908,Elizabeth,Webster,morajamie@example.org,Canada,2024-03-11
909,Michael,Davis,stacy55@example.org,Canada,2026-03-16
910,Kimberly,Austin,garciabelinda@example.org,Canada,2025-03-23
911,Jennifer,Brandt,rachelmedina@example.net,USA,2023-12-08
912,Jason,Gordon,lrichardson@example.org,Canada,2024-12-15
913,Susan,White,tina63@example.net,USA,2024-04-27
914,Daniel,Rollins,owensapril@example.com,Canada,2025-12-04
915,Janet,Hawkins,millertristan@example.com,USA,2024-06-27
916,Caroline,Collins,aperez@example.com,Canada,2026-08-05
917,Ronnie,Gates,xcrosby@example.org,Canada,2023-09-05
918,Emily,Powers,qkim@example.net,Australia,2023-11-23
919,Douglas,Morales,figueroapatricia@example.org,USA,2023-10-31
920,Theresa,Morgan,bmartinez@example.net,Canada,2025-02-19
921,Kathy,Miranda,katelyn65@example.com,UK,2025-08-21
922,Stephanie,Archer,dylan71@example.org,USA,2024-05-22
923,Tyler,Fuller,anthonyrojas@example.org,UK,2025-02-17
924,Anthony,White,eric99@example.org,USA,2025-12-02
925,Donna,Meyer,msparks@example.com,Canada,2025-08-16
926,Tracy,Green,lisa88@example.org,Canada,2026-07-01
927,Anthony,Jordan,reyesleonard@example.com,Canada,2024-12-19
928,Barry,Thompson,nicole27@example.com,USA,2024-01-16
929,Jennifer,Freeman,carrolltracy@example.net,USA,2025-09-11
930,Ashley,Alvarez,williammyers@example.com,Canada,2025-05-30
931,Nicholas,Rhodes,luke09@example.org,Canada,2024-01-09
932,Michael,Pacheco,hubbardcolleen@example.com,UK,2023-12-06
933,Michael,Howard,brian33@example.org,Australia,2025-08-01
934,Brittany,Lozano,meltondanny@example.org,USA,2023-09-12
935,Mark,Murray,abradley@example.com,Canada,2023-09-13
936,Terry,Johnson,nicholas65@example.net,Canada,2023-12-07
937,Tracy,Vazquez,matthewshaw@example.net,Canada,2024-08-28
938,Christina,Cox,oharris@example.org,UK,2026-02-28
939,Amanda,Mitchell,evansashley@example.org,Canada,2025-07-06
940,Susan,Robbins,vargasjoshua@example.net,USA,2026-01-16
941,Thomas,Clark,pearsonkevin@example.com,Canada,2024-12-08
942,Amber,Gonzalez,gking@example.com,USA,2025-08-27
943,Amy,Ibarra,barbaralewis@example.net,USA,2026-06-15
944,Joseph,Little,umichael@example.net,UK,2023-10-26
945,James,Ford,edwardjennings@example.com,Canada,2026-03-04
946,Robert,Dalton,waltersmeghan@example.com,Canada,2026-02-09
947,Debbie,Scott,richardwilson@example.org,Canada,2023-09-21
948,Laura,Collins,bcastro@example.com,UK,2025-07-31
949,Benjamin,Moore,anthonyclarke@example.com,UK,2025-08-12
950,Gregory,Phelps,dcasey@example.org,USA,2024-07-31
951,Kenneth,Brown,qmosley@example.net,USA,2026-04-18
952,Randy,Larsen,joelduncan@example.net,USA,2026-06-09
953,Alejandra,Calderon,tyler13@example.net,Canada,2024-01-03
954,Lindsay,Murphy,vshaffer@example.org,UK,2026-06-12
955,Jeffery,Rodriguez,taragonzales@example.com,Canada,2026-03-24
956,Brian,Ferguson,stewartrodney@example.net,Canada,2024-05-17
957,Joshua,Mueller,michaelbaldwin@example.com,USA,2023-09-14
958,Tammy,Obrien,vazquezkristina@example.org,Canada,2024-05-25
959,Paul,Fowler,rebecca18@example.org,Canada,2026-03-18
960,Paul,Browning,qpennington@example.com,USA,2023-11-28
961,Mackenzie,Young,michelemartin@example.com,Canada,2025-07-13
962,Natasha,Wang,rmccormick@example.org,USA,2026-02-09
963,Shelby,Ruiz,vhouse@example.net,Canada,2024-11-26
964,Samantha,Garcia,hollyhunter@example.com,Canada,2024-11-25
965,Jessica,Kelley,shawn00@example.net,Canada,2025-07-25
966,Crystal,Gibbs,aarongonzalez@example.com,Canada,2024-07-30
967,Christopher,Moore,melaniejennings@example.com,USA,2024-12-28
968,Morgan,Anderson,graceserrano@example.com,Canada,2024-03-26
969,Robert,White,kduffy@example.org,USA,2023-09-13
970,Andrew,Hansen,rebeccamccann@example.org,USA,2024-06-03
971,Melissa,Williams,jburke@example.org,USA,2026-07-07
972,George,Bradley,higginsryan@example.com,Australia,2026-02-13
973,Troy,Walker,jamesatkins@example.com,USA,2024-07-02
974,Troy,Anderson,carolcarney@example.com,Canada,2025-10-26
975,Jaime,White,anthonycherry@example.org,Canada,2025-06-28
976,Rebecca,Wood,emiller@example.org,Canada,2026-04-03
977,Terri,Sanders,jennifererickson@example.net,USA,2025-06-06
978,Charles,Hawkins,cookjimmy@example.com,Canada,2026-08-18
979,Sheila,Coffey,smithwilliam@example.com,USA,2024-07-18
980,Ralph,Wood,carpenterjorge@example.net,USA,2025-02-12
981,Matthew,Mcdonald,stewartalyssa@example.org,Canada,2024-06-02
982,Lawrence,Good,rsavage@example.net,USA,2024-09-20
983,Russell,Orr,chloe48@example.com,Canada,2024-12-11
984,Frederick,Doyle,jgallagher@example.net,Canada,2026-03-13
985,Diane,Yates,lopezbrian@example.org,USA,2023-09-30
986,Jorge,Mccarthy,fwilson@example.org,USA,2024-12-17
987,Vanessa,Hoffman,uvasquez@example.org,USA,2024-01-04
988,Clayton,Oneill,marybrady@example.com,Canada,2025-04-30
989,Elizabeth,Lewis,foxashley@example.com,Canada,2026-05-26
990,John,Jimenez,clayanthony@example.net,UK,2026-08-01
991,David,Brooks,hooderic@example.org,USA,2025-01-07
992,Jasmine,Castillo,brooke05@example.org,USA,2025-08-10
993,Stephanie,Nguyen,jasonwilliams@example.net,Canada,2024-06-27
994,Lauren,Manning,qdavis@example.org,USA,2024-05-11
995,Kelli,Ross,phelpsfrank@example.com,Canada,2024-06-29
996,Karen,Valdez,evanslaurie@example.net,Canada,2026-01-21
997,Kyle,Cohen,michaeldavis@example.com,UK,2025-03-05
998,Tracy,Mcclure,madams@example.com,Canada,2023-11-28
999,Roberto,Richardson,ryansimmons@example.org,Australia,2025-03-06
1000,Teresa,Rhodes,sarahrose@example.net,Canada,2025-03-19
1001,Kelly,Kim,ievans@example.net,Canada,2026-05-07
1002,Mckenzie,Mills,ashley81@example.org,USA,2025-03-06
1003,William,Gutierrez,kguerrero@example.com,UK,2024-09-14
1004,Brenda,Mack,wilsondorothy@example.org,USA,2025-12-30
1005,Megan,Williams,tmcdowell@example.com,UK,2025-05-26
1006,Spencer,Santiago,matthew23@example.org,USA,2023-11-15
1007,Tina,Green,hamiltonandrew@example.com,USA,2023-12-27
1008,George,Woods,vmelton@example.net,UK,2025-10-25
1009,Kevin,Li,hannah64@example.org,Canada,2024-01-06
1010,Alexander,Rodriguez,hortonjacob@example.org,USA,2024-04-07
1011,Deborah,Santos,ywilkinson@example.net,Canada,2024-03-18
1012,Kevin,Ford,hhenderson@example.org,Australia,2026-05-07
1013,Joanne,Wallace,cruiz@example.net,Australia,2024-05-13
1014,Kenneth,Gallegos,awilliams@example.org,Canada,2025-07-12
1015,Jennifer,Petty,mmclaughlin@example.net,USA,2025-04-20
1016,Kelly,Freeman,upalmer@example.net,Australia,2026-06-12
1017,Rebecca,Dillon,jenniferrice@example.com,Canada,2025-05-14
1018,Angela,Adams,hsmall@example.com,USA,2025-07-04
1019,Debbie,West,ssmith@example.net,UK,2024-03-19
1020,Maurice,Hall,brianacohen@example.net,Canada,2026-03-14
1021,Jennifer,Mcdonald,jennifer66@example.net,USA,2025-08-06
1022,Michael,Kennedy,christycampbell@example.net,,2023-11-24
1023,Timothy,Thompson,catherinegarcia@example.com,Australia,2026-06-20
1024,Tristan,Young,kiddmichael@example.com,Australia,2024-09-16
1025,Eric,Clayton,romanmatthew@example.org,Australia,2025-06-28
1026,David,Walker,victoria50@example.net,USA,2024-06-10
1027,Edward,Vaughn,mccarthysara@example.com,UK,2026-01-13
1028,Sydney,Campos,harringtonchelsea@example.org,UK,2026-02-09
1029,Bobby,Garcia,pittsrhonda@example.org,Canada,2025-10-28
1030,Jean,Gill,goconnor@example.org,UK,2025-07-31
1031,Matthew,Taylor,scottperry@example.org,Canada,2024-05-16
1032,Lisa,Peterson,christopherwatson@example.com,USA,2024-09-20
1033,Elizabeth,Hernandez,icobb@example.com,Canada,2024-11-17
1034,Robert,Ellis,sherry72@example.org,Canada,2025-10-16
1035,Zachary,Jones,leroy26@example.org,Canada,2024-10-26
1036,Benjamin,Nielsen,rachelbrown@example.net,USA,2026-07-31
1037,Lauren,Liu,robert84@example.net,Canada,2025-11-12
1038,Regina,Smith,rachel92@example.net,USA,2024-11-06
1039,Dawn,Clay,zterry@example.net,Canada,2024-11-07
1040,James,Turner,medinapeter@example.net,Canada,2025-11-10
1041,David,Braun,jason88@example.com,USA,2025-03-15
1042,Katherine,Moore,zamoraamber@example.com,USA,2024-05-12
1043,Kim,Barber,dennismckenzie@example.com,Canada,2025-07-09
1044,Michael,Williams,westashley@example.org,USA,2024-12-30
1045,Tonya,Trujillo,michaelmitchell@example.net,UK,2025-05-10
1046,Donald,Gray,danielblack@example.org,USA,2026-02-08
1047,Michael,Garcia,fpoole@example.org,Canada,2023-10-29
1048,Pamela,Alvarez,rmiller@example.net,Canada,2024-11-05
1049,Angelica,Maxwell,breanna67@example.net,UK,2026-06-07
1050,Tracy,Mcpherson,drewmartinez@example.net,Canada,2025-01-04
1051,Tammy,Palmer,bensonstanley@example.org,UK,2025-11-17
1052,Sherry,Wood,guzmanricky@example.org,USA,2024-09-30
1053,Keith,Mills,watsonvickie@example.com,Australia,2024-07-09
1054,Anthony,Thomas,twilliams@example.com,USA,2024-04-14
1055,Lori,Burns,kelleycarlos@example.org,Australia,2024-11-21
1056,Ashley,Knight,kimberly79@example.org,Canada,2025-12-04
1057,William,Murray,jcontreras@example.net,USA,2024-08-12
1058,Lauren,Beck,zhughes@example.com,Canada,2025-04-05
1059,Susan,Wu,debbie20@example.net,USA,2025-07-12
1060,Kelsey,Parker,schneiderchristopher@example.net,USA,2025-04-06
1061,Katherine,Bernard,karenshaw@example.org,UK,2023-12-31
1062,Sharon,White,hilljamie@example.net,Australia,2026-02-26
1063,Bethany,Miller,richard07@example.org,USA,2024-08-28
1064,Henry,Johnson,patrick11@example.org,Canada,2025-04-06
1065,Justin,White,moorestephanie@example.net,Canada,2024-02-23
1066,Christina,Nguyen,reeveskenneth@example.org,USA,2024-08-06
1067,Robert,Nguyen,hdavid@example.org,Canada,2024-03-31
1068,Karen,Willis,gromero@example.com,Canada,2026-06-27
1069,Joseph,Flores,bjones@example.com,Canada,2025-07-16
1070,Robin,Smith,sanchezangela@example.org,Canada,2024-07-20
1071,Richard,Miller,kristathomas@example.net,Canada,2026-08-05
1072,Kimberly,Medina,jali@example.com,Canada,2023-10-06
1073,Lisa,Woodward,denise20@example.org,Canada,2026-06-10
1074,Timothy,Harper,okidd@example.org,Canada,2025-05-24
1075,William,Williams,turnerrandall@example.org,Australia,2026-02-17
1076,Jessica,Lutz,gclark@example.com,Canada,2026-04-16
1077,Sonia,Reid,qnelson@example.com,Canada,2024-08-30
1078,Steve,Greene,sloandennis@example.org,USA,2025-06-19
1079,Adam,Smith,robertwoodard@example.net,Canada,2025-02-07
1080,Philip,Miller,ryanpatricia@example.net,Australia,2024-12-21
1081,David,Stanton,wcarey@example.com,USA,2024-03-03
1082,Katrina,Terry,martinezmitchell@example.org,Canada,2024-12-21
1083,Jeffrey,Smith,erin53@example.org,Canada,2026-02-01
1084,Colleen,Stokes,jimsnyder@example.com,UK,2023-10-01
1085,Trevor,Padilla,adrianjoyce@example.net,Australia,2024-10-29
1086,Molly,Carroll,mjackson@example.net,USA,2025-11-08
1087,Emily,Morrison,cameronanderson@example.org,USA,2024-01-08
1088,Sarah,Foley,james08@example.net,Canada,2024-05-25
1089,Ann,Gibson,pdavidson@example.org,Australia,2026-03-14
1090,Marcus,Richard,rhill@example.net,Canada,2025-01-14
1091,Michael,Blake,brandonhull@example.net,Australia,2024-12-25
1092,Adam,Lee,beardlindsey@example.net,USA,2024-04-25
1093,Hannah,Rosario,jamesmurphy@example.org,USA,2025-07-08
1094,Colin,Castillo,watkinsconnie@example.com,USA,2026-02-28
1095,John,Wells,marissa58@example.org,Canada,2026-06-21
1096,Kimberly,Harvey,garrettbeth@example.org,Canada,2026-07-25
1097,Sabrina,Bennett,pattonbryan@example.com,Canada,2023-10-21
1098,Cheryl,Reynolds,byrdanita@example.com,Canada,2026-03-10
1099,Richard,Williamson,mhall@example.net,USA,2025-07-05
1100,Shawn,Marshall,nhobbs@example.org,Canada,2024-08-28
1101,Sharon,Logan,lholmes@example.org,Canada,2023-12-18
1102,Alexander,Reeves,rebeccamartinez@example.net,Australia,2024-05-28
1103,Robert,Hardy,ilopez@example.org,UK,2023-10-27
1104,Larry,Graham,larry82@example.org,Australia,2025-01-17
1105,Carrie,Carter,holmesdiane@example.org,Australia,2023-10-23
1106,William,Conley,hendersonjames@example.org,Canada,2025-07-24
1107,James,Jones,elizabethneal@example.com,Canada,2025-06-09
1108,Mark,Lane,christina65@example.org,USA,2023-12-14
1109,Nancy,Lozano,arobinson@example.net,USA,2024-04-22
1110,Jerry,Hanson,timothytate@example.com,Canada,2026-01-22
1111,Nicholas,Ross,coxcharles@example.org,UK,2025-04-20
1112,Douglas,Alexander,bradley03@example.org,Canada,2024-06-28
1113,Jeffery,Green,matthewspencer@example.org,Canada,2024-03-23
1114,Gregory,Green,smitherica@example.com,USA,2025-08-08
1115,Nicole,Morgan,kevinallen@example.com,USA,2025-08-15
1116,Shelley,Rowland,ejohns@example.org,USA,2024-01-27
1117,Sandra,Norton,amandabenson@example.com,Canada,2025-06-09
1118,Tiffany,Sanchez,hinesbrenda@example.net,UK,2024-07-09
1119,Edgar,Wright,monique89@example.com,Canada,2024-04-07
1120,Christopher,Ruiz,jacksonpaul@example.net,Canada,2025-11-22
1121,Nicholas,Stone,marcbrooks@example.net,UK,2025-02-01
1122,Stephanie,Wells,ylittle@example.net,Australia,2025-08-03
1123,Jamie,Jacobson,zroy@example.org,UK,2024-07-22
1124,Pamela,Duncan,jonathan12@example.org,UK,2024-07-10
1125,April,Hall,marshallchristine@example.com,USA,2024-12-28
1126,Ryan,Richardson,ystewart@example.org,USA,2024-03-05
1127,Jesus,Brewer,rachel48@example.net,Canada,2025-04-12
1128,Christian,Hill,coreyjones@example.org,Canada,2025-04-11
1129,Matthew,Leonard,kevin43@example.net,Canada,2025-06-14
1130,Devin,Wyatt,alan44@example.com,Canada,2025-12-27
1131,Richard,Sullivan,kennedywilliam@example.org,USA,2026-03-27
1132,Jeremy,Cummings,thomasblack@example.net,USA,2025-11-29
1133,Jennifer,Murray,edwardsjacob@example.net,Canada,2024-11-21
1134,Samuel,Farrell,brooksbarbara@example.org,Canada,2024-07-21
1135,Joan,Porter,matthew66@example.net,USA,2025-11-23
1136,Kathryn,Vaughn,mark09@example.org,Canada,2026-05-28
1137,Eric,Cisneros,ashley99@example.net,UK,2026-03-29
1138,Tina,Harris,ybrown@example.org,USA,2025-01-23
1139,Mark,Hayden,christopher18@example.org,USA,2023-09-26
1140,Hannah,Burns,jamespruitt@example.com,USA,2024-06-28
1141,Jesse,Keller,gibsonmiguel@example.org,UK,2024-02-26
1142,Michele,Jenkins,veronicaanderson@example.com,Canada,2025-01-27
1143,Casey,Friedman,davidharris@example.com,USA,2026-02-03
1144,Elizabeth,Moore,briana87@example.com,USA,2024-03-30
1145,Vickie,Griffin,pjacobs@example.net,Canada,2024-08-16
1146,Ashley,Henry,vjohnston@example.org,UK,2024-07-02
1147,Nicole,Bryant,peter26@example.org,USA,2024-03-05
1148,Christine,Reynolds,lbartlett@example.net,USA,2025-05-06
1149,Phillip,Bautista,nicolemoore@example.net,UK,2025-04-02
1150,Elizabeth,Jones,reginajenkins@example.net,UK,2024-01-01
1151,Miguel,Campos,robert24@example.org,USA,2025-02-26
1152,Steven,Jones,vjames@example.com,UK,2026-03-16
1153,Randy,Smith,fletcherderek@example.net,USA,2025-11-19
1154,Todd,Jones,jenniferkim@example.com,USA,2026-02-06
1155,Mckenzie,Jackson,lawsongregory@example.org,USA,2025-03-29
1156,Peter,Jones,byrderic@example.com,USA,2024-03-04
1157,Jennifer,Stafford,scottwilliams@example.net,Canada,2026-01-27
1158,Danielle,Moran,myerskyle@example.org,UK,2025-06-07
1159,Brandon,Bennett,sarahbrooks@example.org,UK,2024-03-28
1160,Allen,Johnson,rogersjames@example.net,Canada,2023-10-30
1161,Susan,Davis,jenniferwilliams@example.net,UK,2023-12-18
1162,Mark,Hart,colleenvilla@example.com,Canada,2026-06-16
1163,David,Lewis,marcus06@example.net,Canada,2024-08-02
1164,Paul,Ellis,barrettjoshua@example.net,USA,2024-09-29
1165,Carlos,Robinson,katrina71@example.net,Canada,2025-03-31
1166,Veronica,Jefferson,johnathandavis@example.com,canada,2026-08-01
1167,Heather,Gregory,martinreid@example.net,UK,2024-08-04
1168,Melissa,Olson,andres97@example.com,USA,2025-03-04
1169,Judy,Gordon,hallchristina@example.org,Canada,2024-07-25
1170,Joann,Todd,brownnicholas@example.com,Canada,2024-03-30
1171,Nicholas,May,sandrageorge@example.com,USA,2025-11-09
1172,Mark,Ramirez,meyertiffany@example.net,Australia,2026-01-28
1173,Karen,Perez,matthew38@example.org,USA,2026-05-11
1174,Elizabeth,Wright,cathyjames@example.com,Canada,2024-03-10
1175,Crystal,Brown,mjones@example.org,canada,2025-07-17
1176,Donald,Harris,thompsonana@example.org,USA,2024-05-06
1177,Christian,Hardy,frank33@example.com,USA,2024-03-02
1178,John,Mitchell,mfaulkner@example.com,Canada,2026-03-24
1179,Timothy,Tapia,raymond27@example.com,USA,2024-11-27
1180,Chelsea,Hamilton,lorileon@example.org,USA,2025-12-04
1181,Ronald,Miller,brooke28@example.net,Australia,2024-03-01
1182,Oscar,Torres,nicholas97@example.org,,2024-08-21
1183,Jennifer,Gonzalez,adamhensley@example.net,USA,2025-10-24
1184,Travis,Frost,xwaller@example.com,Australia,2025-02-08
1185,Danielle,Chapman,hdyer@example.com,Canada,2026-06-08
1186,Francisco,Hines,kelsey58@example.net,Australia,2025-02-07
1187,Haley,Horton,vhouse@example.org,USA,2024-05-13
1188,Austin,Li,terrydeanna@example.com,Canada,2025-06-15
1189,Sheryl,Hernandez,carrielynn@example.org,Canada,2023-09-04
1190,Kelli,Newman,lsanders@example.org,USA,2025-03-12
1191,Jacob,Henderson,tking@example.net,Canada,2026-07-17
1192,Dominique,Reyes,jessica11@example.net,USA,2025-05-10
1193,Lauren,Olsen,kaitlyn64@example.org,Canada,2026-08-07
1194,Lisa,Smith,ayalarobert@example.com,USA,2025-08-08
1195,Jessica,Jackson,jacob23@example.com,Canada,2024-03-08
1196,Stacy,Hayes,jacobbrown@example.org,UK,2026-01-24
1197,James,Bird,nalexander@example.org,Australia,2026-03-30
1198,Gabriel,Carter,emartinez@example.com,Australia,2023-09-23
1199,Jimmy,Washington,smithjoseph@example.org,USA,2025-08-20
1200,Kristina,Williams,alexasmith@example.net,Canada,2025-03-14
1201,Suzanne,Adams,vkennedy@example.net,USA,2024-12-04
1202,Nathan,Wu,lisa56@example.com,Canada,2025-06-21
1203,Theresa,Marks,smithmonica@example.com,Canada,2025-10-24
1204,Pamela,Taylor,meltonjoshua@example.net,Canada,2025-11-22
1205,John,Hayes,qrobertson@example.org,USA,2023-08-25
1206,Danielle,Mcmahon,allen50@example.net,USA,2024-08-12
1207,Sean,Lawson,ystevenson@example.org,USA,2024-09-06
1208,Sheila,David,shatfield@example.org,Canada,2025-11-03
1209,Kelly,Lee,mollywalter@example.net,Canada,2025-02-25
1210,David,Robles,marisa87@example.org,Australia,2026-04-30
1211,Stephanie,Olson,johnjackson@example.net,Canada,2025-09-27
1212,Daniel,Holder,martinsarah@example.com,USA,2025-12-08
1213,Jeffrey,Scott,qlynn@example.org,Canada,2025-08-20
1214,Sandra,Schultz,sdavis@example.com,USA,2026-04-03
1215,Sarah,Miranda,schneidernicholas@example.net,USA,2025-11-13
1216,Jessica,Valdez,ostokes@example.com,Canada,2023-12-26
1217,Christopher,Davis,juliewilson@example.com,Canada,2024-01-08
1218,Lawrence,James,collinsbrittany@example.org,USA,2026-03-07
1219,Tina,Flores,lauren28@example.net,USA,2025-06-11
1220,Jeffrey,Foster,sstewart@example.org,Canada,2025-02-19
1221,Stephen,Guzman,juliesweeney@example.net,Australia,2023-09-28
1222,Luke,Shaw,hillmelanie@example.net,Canada,2025-01-27
1223,Maria,Simpson,zbrown@example.com,Canada,2024-02-05
1224,Jennifer,Charles,isabellawilliams@example.org,Australia,2026-03-18
1225,Jessica,Evans,vickiekelley@example.com,Canada,2024-11-26
1226,Thomas,Bailey,hmyers@example.net,USA,2024-06-27
1227,Heather,Lee,udavis@example.net,Canada,2026-03-27
1228,Brian,Michael,stephen29@example.org,Canada,2024-12-18
1229,Timothy,Merritt,jefferygoodman@example.net,Australia,2025-08-04
1230,Michael,Chase,gregoryvanessa@example.org,Canada,2024-10-07
1231,Toni,Shelton,saradavis@example.com,UK,2024-03-05
1232,Brian,Baird,brittney26@example.org,Canada,2023-09-28
1233,John,Burns,denisebennett@example.net,Canada,2026-08-12
1234,Emily,Davis,phancock@example.com,Canada,2024-06-18
1235,Denise,Richardson,wilsondavid@example.net,USA,2025-08-23
1236,William,Johnson,vhill@example.org,Canada,2026-01-08
1237,Herbert,Washington,ievans@example.org,UK,2024-08-12
1238,Jennifer,Atkins,richardhaynes@example.com,USA,2025-04-22
1239,Amanda,Burnett,lbrown@example.net,Australia,2025-10-12
1240,Kristy,Martinez,tammymerritt@example.org,Canada,2026-03-23
1241,Heather,Smith,hmcbride@example.org,UK,2024-01-10
1242,Jamie,Martin,melissa01@example.org,USA,2025-02-26
1243,Michael,Stephens,qrowland@example.org,USA,2024-05-20
1244,Brandon,Bautista,donna72@example.net,UK,2025-02-09
1245,Lawrence,Bartlett,catherine83@example.net,USA,2023-12-08
1246,Lori,Young,donaldchase@example.org,USA,2026-07-06
1247,Carrie,Robinson,joshua96@example.org,Canada,2025-04-15
1248,Jorge,Santos,ricardomiller@example.com,Canada,2025-09-01
1249,Shelby,Thomas,chadoconnor@example.net,Australia,2025-09-23
1250,James,Watson,roberthernandez@example.com,USA,2024-10-10
1251,Tamara,Wright,david18@example.com,USA,2023-11-02
1252,Danielle,Cox,kimberly23@example.com,USA,2023-09-01
1253,Nicholas,Novak,ylynn@example.org,Canada,2024-03-01
1254,Jessica,Parker,wdavis@example.net,Canada,2025-05-10
1255,Julian,Nelson,mosleygeorge@example.com,USA,2024-03-07
1256,Linda,Byrd,iwoods@example.com,Canada,2023-09-01
1257,William,Moore,douglasbradley@example.com,Canada,2023-10-18
1258,Jessica,Villegas,erikabarnes@example.com,USA,2024-03-09
1259,Valerie,Lindsey,joshua68@example.net,Canada,2026-04-14
1260,Lisa,Torres,mezarichard@example.com,USA,2026-03-05
1261,Cynthia,Jones,shirleymartin@example.org,Canada,2023-11-22
1262,Justin,Noble,haydenroger@example.net,USA,2026-06-08
1263,Derek,Jimenez,sullivanchristina@example.net,Canada,2023-08-29
1264,Ronald,Ferguson,john89@example.org,USA,2025-06-17
1265,Tami,Craig,gregoryrichardson@example.org,Canada,2025-03-06
1266,Stephanie,Henderson,hjackson@example.com,Canada,2026-05-19
1267,John,Ryan,robertstimothy@example.com,Canada,2024-04-11
1268,Joann,Carroll,sandrahickman@example.net,USA,2025-03-09
1269,Patricia,Walls,abrown@example.net,USA,2025-01-07
1270,Kenneth,Rodriguez,pamela26@example.com,Canada,2023-08-31
1271,Ryan,Gonzalez,robertgentry@example.org,USA,2024-02-08
1272,Diane,Perez,xbrooks@example.com,UK,2026-04-25
1273,Amanda,Adams,cdouglas@example.org,USA,2024-01-22
1274,Julie,Smith,danielmitchell@example.org,Canada,2024-10-27
1275,Julie,Santana,elizabethvaughan@example.net,USA,2026-08-03
1276,David,Burns,tmarsh@example.org,Canada,2024-08-12
1277,Kathy,Macias,ganderson@example.org,Canada,2024-01-07
1278,Maurice,Smith,brettgallegos@example.com,Australia,2026-07-27
1279,Joan,Hamilton,justin16@example.org,Canada,2025-06-28
1280,Jessica,Lopez,katie43@example.net,USA,2026-02-06
1281,James,Mccarthy,hayneswayne@example.org,USA,2024-03-15
1282,Melissa,Fuller,jeromeanderson@example.org,USA,2024-06-17
1283,James,Thomas,jensenchristopher@example.org,USA,2024-10-11
1284,Alicia,Graves,jeffreysimmons@example.org,Canada,2025-03-02
1285,Dawn,Torres,michael56@example.org,Canada,2024-08-06
1286,Brandon,Williams,guerreromarc@example.com,USA,2025-01-20
1287,Rebekah,Garcia,johnnyhenry@example.com,Canada,2024-07-20
1288,Collin,Smith,markfigueroa@example.com,Canada,2025-11-13
1289,Brianna,Jacobs,debraclark@example.com,Canada,2023-11-25
1290,Daniel,Soto,williamstanya@example.net,Canada,2026-02-02
1291,James,Griffin,jonesamy@example.com,Canada,2024-07-17
1292,Thomas,Juarez,bradleylee@example.net,Canada,2025-10-09
1293,Patricia,Malone,patricia71@example.com,USA,2023-11-04
1294,Robert,Velazquez,jacksonjoshua@example.org,USA,2024-07-04
1295,Stephanie,Brown,joysanders@example.net,UK,2025-03-27
1296,William,Jones,ychristensen@example.net,Canada,2025-12-23
1297,Richard,Nelson,adamarmstrong@example.net,Canada,2025-09-23
1298,Natasha,Gibbs,ugordon@example.net,Canada,2024-05-31
1299,Melissa,Phillips,andrea23@example.org,USA,2025-03-28
1300,Kelly,Bowman,sara40@example.net,USA,2026-07-31
1301,Veronica,Clark,smithmichael@example.net,Canada,2026-07-22
1302,Mark,Potts,jennifer69@example.com,Australia,2024-08-11
1303,Brian,Cabrera,jeffrey42@example.com,Canada,2026-07-21
1304,Amanda,Irwin,sharphailey@example.net,USA,2024-05-30
1305,Connie,Munoz,lisawalker@example.com,USA,2024-04-01
1306,Crystal,Garrison,omoore@example.net,UK,2025-10-26
1307,Miguel,Barrera,crawfordstephen@example.org,USA,2024-03-15
1308,Tracy,Blair,andrew22@example.com,UK,2025-09-13
1309,Jacob,Thomas,psanchez@example.com,Canada,2023-12-09
1310,Alison,Acosta,morrisonnicholas@example.org,UK,2023-12-20
1311,Alexander,Rivas,andersonkayla@example.com,Canada,2024-01-25
1312,Courtney,Smith,rosariodaniel@example.net,UK,2026-02-03
1313,Melissa,Miller,timothyhart@example.com,USA,2026-01-31
1314,Kyle,Mendoza,brianholt@example.net,UK,2025-04-08
1315,Andrew,Williams,curtis62@example.org,USA,2026-05-17
1316,Andrew,Simmons,michaelmitchell@example.net,USA,2024-10-16
1317,Nicole,Carson,vasquezvicki@example.org,USA,2023-12-11
1318,Stephanie,Howard,david10@example.net,USA,2024-02-03
1319,Roy,Rogers,erinhernandez@example.net,Canada,2025-09-13
1320,Colleen,Mitchell,nelsonvictor@example.com,Canada,2026-06-09
1321,Lisa,Dawson,mccormickmichelle@example.org,Canada,2025-12-21
1322,Dwayne,Hernandez,ygriffith@example.com,Canada,2026-01-30
1323,Daniel,Simmons,duane52@example.org,UK,2025-12-10
1324,Michael,Snyder,asteele@example.net,Canada,2026-01-07
1325,Mathew,Pham,patrickdunn@example.net,Australia,2025-03-29
1326,Amanda,Underwood,tmiller@example.com,Canada,2025-03-21
1327,Kimberly,Shepherd,jacquelineyoung@example.org,Canada,2024-03-31
1328,Melissa,Cox,hrosario@example.org,USA,2026-05-16
1329,Michael,Atkinson,kenneththomas@example.net,USA,2026-07-22
1330,Robin,Sanchez,briantaylor@example.net,USA,2025-10-01
1331,Nicholas,Johnson,swatson@example.org,USA,2025-08-17
1332,Charles,Monroe,anthonydiaz@example.org,USA,2024-05-16
1333,Alexander,Guerra,lhernandez@example.com,Canada,2025-11-13
1334,Kaitlin,Hale,theodore57@example.net,Australia,2025-09-21
1335,Justin,Moore,munozglenn@example.org,,2023-09-02
1336,Marissa,Frazier,qspencer@example.net,USA,2025-02-22
1337,Jenna,Henderson,josephdavis@example.com,Canada,2026-07-28
1338,David,Lewis,robinsonisaiah@example.net,USA,2026-07-26
1339,Cassie,Jones,pwoods@example.net,Canada,2024-11-07
1340,Oscar,Brown,deborah34@example.org,Canada,2023-12-14
1341,Michael,Maxwell,anthony42@example.net,Canada,2023-12-16
1342,Jason,Smith,jacob30@example.org,USA,2024-06-12
1343,Tiffany,Cunningham,uwilliams@example.org,UK,2026-06-21
1344,Alan,Kelly,susan83@example.com,USA,2025-11-23
1345,Jessica,Dickson,riverapeggy@example.net,USA,2023-12-10
1346,Lindsey,Hernandez,cwoods@example.com,Canada,2024-02-14
1347,Faith,Miller,cisnerosjesse@example.org,Canada,2026-01-22
1348,Destiny,Mack,victoriamason@example.net,Canada,2025-06-19
1349,Alexandra,Mack,vfloyd@example.com,Australia,2024-09-19
1350,Melissa,Jordan,nallen@example.net,Canada,2023-11-12
1351,Elijah,Burton,adavis@example.org,UK,2025-12-08
1352,Kyle,Dillon,portershawn@example.org,USA,2026-06-10
1353,Evan,Ramirez,michael12@example.net,Canada,2025-12-15
1354,Jonathan,Kennedy,kathryn72@example.org,USA,2026-07-21
1355,Tracy,Cox,richard92@example.com,USA,2024-09-26
1356,Megan,Crane,christopher68@example.com,UK,2024-06-05
1357,Nancy,Fleming,figueroajohn@example.net,UK,2023-08-30
1358,Melissa,Roberts,ashleynash@example.org,Canada,2024-10-20
1359,Steven,Davis,imcdonald@example.com,Canada,2023-12-19
1360,Henry,Rodriguez,mtate@example.com,USA,2024-08-16
1361,Logan,Davies,vlewis@example.com,UK,2023-12-25
1362,Shawn,Gardner,nthomas@example.com,Canada,2025-05-05
1363,Vanessa,Schroeder,mayermichael@example.com,USA,2026-07-29
1364,Jason,Lewis,cisnerosgabriela@example.com,USA,2024-05-24
1365,Gregory,Thomas,richard47@example.com,USA,2025-03-19
1366,Elizabeth,Green,davisrachel@example.com,Canada,2026-07-12
1367,Kenneth,Gonzalez,iolson@example.net,USA,2025-12-28
1368,Tammy,Kim,jmorrow@example.net,UK,2024-03-26
1369,Jennifer,Lane,mariodowns@example.net,Canada,2025-11-13
1370,Jillian,Stewart,peggypeck@example.com,Canada,2026-03-26
1371,Daniel,Cordova,ubaker@example.org,Australia,2026-08-09
1372,Sherry,Mathews,lfowler@example.org,Canada,2023-09-30
1373,Julie,Lopez,carolynrobinson@example.org,UK,2026-06-30
1374,Teresa,Ray,woodmichael@example.com,USA,2026-04-30
1375,Wayne,Parrish,dbanks@example.com,Canada,2024-11-13
1376,Michael,Daniels,daniel27@example.com,UK,2024-10-03
1377,Angela,Martin,qjames@example.net,Canada,2025-09-05
1378,Cynthia,Park,cowanlinda@example.org,USA,2023-11-28
1379,Allen,Randolph,crawfordkaren@example.net,Canada,2023-12-09
1380,Sean,Perkins,contrerasmelissa@example.org,USA,2024-04-22
1381,Shawn,James,melissasampson@example.com,Canada,2026-07-17
1382,Robin,Gutierrez,xsmith@example.org,Canada,2025-02-28
1383,Joseph,Hopkins,mary63@example.org,Australia,2026-05-04
1384,Robert,Smith,krystalrandall@example.net,Canada,2026-02-05
1385,Carol,Rogers,zallen@example.org,USA,2025-06-27
1386,Phillip,Williams,oanderson@example.com,Canada,2026-07-28
1387,Glenn,Strong,samuelgarcia@example.org,USA,2025-02-24
1388,Crystal,Mueller,mary25@example.org,Canada,2023-12-02
1389,Anthony,Smith,anthonyzimmerman@example.org,Australia,2025-05-09
1390,Anthony,Gross,xwalters@example.com,USA,2024-03-13
1391,Denise,Walker,amandasanchez@example.com,Canada,2025-12-13
1392,Donna,Hill,courtneylittle@example.net,Canada,2026-03-29
1393,Daniel,Ho,rodriguezjustin@example.org,Canada,2023-12-01
1394,Troy,Ward,peterhenry@example.org,USA,2024-11-17
1395,Tommy,Garrett,gracebrooks@example.com,Canada,2025-07-16
1396,Shannon,Martin,alejandro29@example.net,UK,2025-06-16
1397,Anthony,Daugherty,timothy99@example.net,Canada,2023-08-27
1398,Aimee,Scott,leeanthony@example.org,Canada,2025-03-11
1399,Kathleen,Robinson,danny30@example.com,USA,2024-01-20
1400,Christopher,Holt,josepholson@example.org,USA,2024-09-07
1401,Andrea,Phillips,zgraham@example.org,Canada,2024-05-22
1402,James,Mathis,suzanne19@example.net,Canada,2024-07-28
1403,Laura,Mckay,chamilton@example.com,Canada,2025-06-05
1404,Joseph,Flores,lawsonruben@example.net,canada,2024-09-11
1405,Rachael,Weiss,cjackson@example.net,USA,2024-05-25
1406,Robert,Munoz,raymond12@example.com,USA,2024-12-04
1407,Jacob,Sanchez,dianewatson@example.com,UK,2024-01-03
1408,Lucas,Smith,jason95@example.org,UK,2025-04-28
1409,Paul,Guzman,dakotaramirez@example.net,USA,2026-06-24
1410,Lindsay,Powers,bfleming@example.com,UK,2026-01-29
1411,James,Williams,rjimenez@example.com,Canada,2023-12-30
1412,Shawn,Guzman,byoung@example.com,Canada,2023-09-10
1413,Krista,Johnston,buckjustin@example.com,Canada,2023-10-01
1414,Amanda,Rose,deanna17@example.org,Canada,2026-02-16
1415,Robert,Turner,karen61@example.net,USA,2025-12-17
1416,Troy,Williams,heather77@example.net,Australia,2026-07-16
1417,David,Brooks,johnsonbrandon@example.org,Canada,2024-01-21
1418,Victoria,Callahan,fperez@example.org,Canada,2025-10-23
1419,Lisa,Cabrera,villamiranda@example.com,USA,2026-04-16
1420,Bradley,Williams,charles59@example.com,Australia,2024-06-12
1421,George,Taylor,uwilson@example.org,Canada,2025-11-24
1422,Pamela,Church,qwalsh@example.org,USA,2025-03-15
1423,John,Woods,ubray@example.net,Canada,2025-02-01
1424,Christopher,Miranda,gomezmary@example.org,Canada,2025-08-13
1425,Jill,Harris,jonestroy@example.org,Australia,2023-09-05
1426,Jason,Cardenas,tonypeterson@example.net,Australia,2025-12-03
1427,Willie,Edwards,jeanette28@example.org,Canada,2026-05-19
1428,Jeffery,Cox,gparrish@example.org,Australia,2025-12-23
1429,Jacob,Ramirez,ginalynn@example.net,USA,2025-08-01
1430,Dylan,Walter,allenpatricia@example.org,UK,2024-06-09
1431,Thomas,Schmidt,joseph81@example.com,USA,2024-12-06
1432,Edward,Shaw,brian45@example.org,USA,2023-10-14
1433,Patrick,Reilly,kellypowell@example.net,USA,2024-06-19
1434,Catherine,Stone,maldonadodebbie@example.org,USA,2024-04-18
1435,Brian,Johnson,john81@example.com,Canada,2024-04-26
1436,Christine,Baldwin,olong@example.net,Canada,2026-02-10
1437,Heather,Simpson,kristibailey@example.com,Canada,2025-10-03
1438,Keith,Smith,wesleygraves@example.com,USA,2025-11-09
1439,Melissa,Watts,lesliejones@example.org,Canada,2024-08-20
1440,Spencer,Rivers,bpatterson@example.org,USA,2026-07-24
1441,Nicole,Jackson,wheelertara@example.net,canada,2023-08-23
1442,Morgan,Kennedy,fuentesashley@example.com,Canada,2026-02-22
1443,Alicia,Jackson,kimberlygarcia@example.net,USA,2024-08-23
1444,Tracy,Bell,elizabeth45@example.com,canada,2023-09-05
1445,Michael,Mckinney,rrodriguez@example.net,UK,2025-10-28
1446,Andrew,Irwin,donnathomas@example.com,Canada,2023-09-24
1447,Becky,Dominguez,vhoward@example.org,USA,2024-03-21
1448,Stephanie,Fowler,natalie87@example.net,UK,2024-02-29
1449,Renee,Bailey,peter64@example.com,Australia,2024-03-17
1450,Bethany,Miles,hamiltonspencer@example.com,USA,2024-07-03
1451,Tara,Porter,stevenhernandez@example.com,USA,2025-07-05
1452,Elizabeth,Torres,calvin40@example.com,USA,2023-10-05
1453,Justin,Watkins,freemanadam@example.com,UK,2025-08-14
1454,Aaron,King,natasha88@example.org,USA,2026-07-02
1455,Jennifer,Thomas,ryanhull@example.com,Canada,2024-04-17
1456,Thomas,Gomez,ghenderson@example.com,Australia,2026-05-26
1457,Carla,Thompson,ushelton@example.net,USA,2024-01-21
1458,Katrina,Wright,tspencer@example.com,USA,2023-11-23
1459,Ashley,Fuller,nicholasliu@example.com,Canada,2023-12-05
1460,Alisha,Benson,taylor67@example.com,USA,2026-07-10
1461,Steven,Gaines,bernardrobert@example.org,Canada,2025-06-26
1462,Kevin,Sanchez,david89@example.com,USA,2023-10-19
1463,Megan,Martinez,fordkathryn@example.net,Canada,2025-01-07
1464,Brian,Brown,cookconnor@example.com,USA,2025-05-02
1465,Hannah,Lin,yangemily@example.net,Australia,2025-10-15
1466,Jacqueline,Black,rtaylor@example.net,Canada,2026-03-13
1467,Kevin,Collins,shaffercindy@example.org,Australia,2023-12-25
1468,Aaron,Munoz,meyerjohn@example.org,Canada,2025-01-22
1469,Marissa,Wallace,howekevin@example.com,UK,2026-08-03
1470,Lori,Skinner,lorraine79@example.org,USA,2024-12-07
1471,Daisy,Lopez,georgeharmon@example.net,USA,2024-03-28
1472,Timothy,Roberts,haleytrevor@example.net,USA,2024-06-18
1473,Paul,Marsh,bbutler@example.org,UK,2023-09-21
1474,Stephen,Elliott,carpenteraustin@example.net,Canada,2026-04-26
1475,Christine,Williams,sydney77@example.com,Canada,2023-08-31
1476,Eric,Mason,michaelmccarthy@example.com,USA,2025-03-06
1477,Greg,Hernandez,stephen24@example.net,UK,2024-07-19
1478,Phillip,Hendricks,ebennett@example.net,USA,2025-08-13
1479,Barbara,Pennington,david59@example.net,USA,2024-09-06
1480,Christina,Powell,johnsonjessica@example.org,Canada,2023-12-05
1481,Daniel,Villa,omorris@example.net,UK,2026-01-09
1482,Daniel,Gilmore,acampos@example.org,Canada,2023-10-28
1483,John,Johnson,alexandernicholas@example.net,USA,2026-02-28
1484,Sandra,Morris,ogray@example.net,Canada,2025-04-22
1485,James,Henry,jeremiah26@example.net,Canada,2026-01-24
1486,James,Perkins,harrislisa@example.org,Canada,2024-09-19
1487,Ricky,Payne,petersonfaith@example.net,Canada,2025-07-25
1488,Tyler,Collier,wmason@example.net,USA,2026-05-04
1489,Melissa,Solis,ypatterson@example.org,Canada,2025-05-06
1490,David,Holmes,wilsonjerry@example.net,Canada,2025-04-05
1491,Andrew,Nicholson,sandra46@example.net,Canada,2024-09-17
1492,Monique,Moore,charles93@example.net,Canada,2026-06-08
1493,Vincent,Ross,gardnerpatricia@example.net,Canada,2025-01-19
1494,Samantha,Baker,johnsonrobert@example.org,Canada,2024-08-22
1495,Kathy,Taylor,sandra03@example.com,USA,2023-11-09
1496,Stacy,Strong,reedchad@example.com,USA,2025-06-07
1497,Cheyenne,Miller,rpotts@example.net,USA,2023-10-06
1498,Austin,Romero,ryan43@example.org,USA,2026-06-07
1499,Anthony,Casey,amandadalton@example.net,Canada,2025-09-09
1500,Andrew,Olson,scannon@example.org,UK,2024-12-04
1501,Ronald,Taylor,nwilson@example.com,USA,2024-09-10
1502,Matthew,Hull,jessechapman@example.org,USA,2024-11-16
1503,Karen,Morton,ritteralexis@example.net,Canada,2024-05-21
1504,Brian,Brown,cwhite@example.com,Canada,2024-09-08
1505,Diana,Sanchez,david67@example.net,Canada,2024-01-03
1506,Chase,Wright,troymoss@example.com,Canada,2026-05-01
1507,Michele,Wallace,shelly84@example.net,USA,2024-05-15
1508,Patricia,Flores,brownrachel@example.net,USA,2026-06-28
1509,Todd,Miller,maureenmeyer@example.com,USA,2025-11-12
1510,Jason,Watson,barryyoung@example.com,USA,2025-08-03
1511,Shawn,Wilson,rhuff@example.com,UK,2025-05-27
1512,Kevin,Hanna,ramirezchelsea@example.com,canada,2023-09-11
1513,Patrick,Wallace,jamielopez@example.com,Australia,2025-03-27
1514,Donna,Johnson,sharon95@example.com,Canada,2026-01-26
1515,Brittany,Todd,jessica96@example.com,Canada,2025-12-26
1516,Sarah,Goodwin,transtephanie@example.net,Canada,2024-07-02
1517,Vicki,Nichols,karmstrong@example.net,USA,2024-06-02
1518,Susan,Mcdonald,davidsmith@example.net,UK,2026-06-29
1519,Christopher,Wright,matthew60@example.net,Canada,2024-06-17
1520,Joseph,King,martinezashley@example.com,Australia,2026-02-23
1521,Melanie,Wallace,gonzalessteven@example.com,Canada,2025-01-29
1522,Megan,Robinson,rileychristopher@example.net,Australia,2025-04-17
1523,Stephanie,Alexander,katie44@example.com,Canada,2024-01-08
1524,Crystal,Thomas,halldiamond@example.org,Canada,2025-09-10
1525,Michelle,Riley,tranjeremy@example.net,USA,2026-08-13
1526,Theresa,Smith,amber09@example.org,Canada,2024-09-08
1527,Chris,Wallace,youngmark@example.com,Canada,2026-02-15
1528,Erin,Jones,jliu@example.org,Canada,2024-08-13
1529,Kristin,Rogers,xmerritt@example.com,UK,2026-06-19
1530,Kelly,Johnson,bradley29@example.org,USA,2023-12-16
1531,Jason,Edwards,shelby69@example.org,Canada,2025-08-11
1532,Edward,Farmer,friedmansusan@example.org,USA,2025-05-02
1533,Whitney,Mccoy,hryan@example.net,,2026-01-12
1534,Catherine,Hopkins,mstewart@example.net,Canada,2024-07-08
1535,John,Sanchez,jerry51@example.net,Canada,2024-05-12
1536,Jessica,Beard,christopher88@example.org,Canada,2026-05-20
1537,Denise,Jacobs,ohartman@example.net,Canada,2026-02-14
1538,Valerie,Frost,kimberlyrussell@example.net,USA,2025-08-20
1539,Catherine,Flynn,lee16@example.com,Canada,2025-02-25
1540,Eddie,Snyder,rachelwalter@example.org,USA,2024-02-20
1541,Robert,Cannon,inewton@example.org,USA,2026-02-20
1542,Andrew,Jackson,andersonmichelle@example.com,Canada,2026-05-09
1543,Michael,Morales,jenniferwilson@example.com,USA,2025-05-31
1544,Christina,Mcknight,jonessamantha@example.com,Canada,2026-05-16
1545,Crystal,Yang,eroberts@example.net,Australia,2024-01-16
1546,Isaac,Cannon,hernandezalan@example.net,USA,2024-09-30
1547,Debra,Gray,uthompson@example.net,UK,2024-06-23
1548,Kendra,Hall,kpeterson@example.net,USA,2026-05-01
1549,Bethany,Anthony,ymitchell@example.com,Canada,2025-11-29
1550,Stephanie,Williams,russellramirez@example.net,USA,2024-07-31
1551,Michael,Martin,joshua73@example.org,Australia,2024-07-03
1552,Samantha,Zhang,middletonelizabeth@example.org,USA,2023-12-05
1553,Andrea,Romero,anthonyorr@example.net,UK,2025-04-02
1554,James,Freeman,woodjuan@example.net,UK,2024-12-01
1555,Sean,Martinez,hphillips@example.net,Canada,2025-10-04
1556,Megan,Wallace,fsnyder@example.org,Canada,2026-08-14
1557,Jessica,Wilson,linda31@example.com,USA,2024-02-09
1558,Matthew,Chavez,mannleroy@example.org,Canada,2024-12-08
1559,Sarah,Bauer,james80@example.net,UK,2025-07-09
1560,John,Willis,emilybaker@example.org,UK,2025-02-03
1561,Jacob,Crawford,jamesliu@example.net,Canada,2026-03-18
1562,Kara,Smith,henrycheryl@example.net,Canada,2024-03-04
1563,Robert,Baker,pwelch@example.net,USA,2024-09-07
1564,Alyssa,Best,mary47@example.com,Canada,2026-01-11
1565,Philip,Howard,ophillips@example.org,UK,2026-07-12
1566,Penny,Gallagher,umontes@example.org,Canada,2025-08-17
1567,Darrell,Marshall,donna56@example.net,USA,2024-01-09
1568,Nicole,Larsen,rburke@example.org,Canada,2023-09-22
1569,Joseph,Lewis,xbrown@example.com,USA,2024-06-03
1570,Louis,Myers,qcoleman@example.org,USA,2024-06-11
1571,Jessica,Morgan,parkerrobert@example.net,USA,2026-04-07
1572,Amanda,Chan,gouldchristina@example.com,Canada,2024-01-10
1573,Amber,Clements,langchristopher@example.net,USA,2024-08-21
1574,Michael,Miranda,penaapril@example.com,UK,2025-03-30
1575,Tracie,Massey,oheath@example.com,Canada,2026-01-16
1576,Renee,Rivera,angelawright@example.org,Canada,2023-09-30
1577,Andrew,Bentley,masonlacey@example.org,Canada,2024-02-10
1578,Kevin,Hall,arthurbrady@example.com,USA,2025-08-09
1579,David,Yang,michelle11@example.net,USA,2025-10-21
1580,Kathryn,Perry,newtonamber@example.org,USA,2023-12-04
1581,Brianna,Myers,kristen68@example.net,Canada,2023-09-16
1582,Joshua,Harris,tanya97@example.com,Canada,2024-07-06
1583,Christopher,Rasmussen,timothy88@example.org,USA,2024-10-14
1584,Victoria,Luna,kathryn17@example.org,USA,2025-05-16
1585,Angel,Wise,kwood@example.org,Australia,2025-07-26
1586,Martin,Pacheco,davisgary@example.com,Canada,2025-06-02
1587,Christopher,Powell,kmills@example.org,USA,2023-10-25
1588,Trevor,Jenkins,mary05@example.net,Canada,2025-05-02
1589,Richard,Smith,karinorton@example.net,Canada,2025-02-19
1590,Susan,Young,gfletcher@example.net,USA,2026-03-20
1591,Victoria,Miller,simmonschris@example.org,USA,2025-11-28
1592,Fernando,Goodman,jameskane@example.org,Australia,2023-10-03
1593,Roger,Jackson,jtaylor@example.com,Canada,2024-11-01
1594,Kenneth,Graham,jennifer48@example.com,Canada,2025-06-26
1595,Nathan,Santos,kellycohen@example.net,USA,2026-06-30
1596,Nathan,Munoz,vford@example.net,USA,2025-10-19
1597,Melissa,Taylor,asmith@example.org,Canada,2024-02-02
1598,Carlos,Rowland,jacqueline31@example.net,Canada,2025-01-05
1599,Cody,Weber,carlfields@example.org,Canada,2024-09-03
1600,Alexis,Lee,lori69@example.net,UK,2024-07-22
1601,Claudia,Powell,ann31@example.net,Canada,2024-02-05
1602,Jessica,Ramirez,anne28@example.net,Canada,2025-07-28
1603,Patrick,Johnston,tammy97@example.org,Canada,2024-02-22
1604,Krista,Hays,noblechristina@example.org,Canada,2024-02-18
1605,Nancy,Morris,taylorlindsay@example.com,Canada,2025-08-19
1606,Mark,Mason,allenphillip@example.com,USA,2025-10-04
1607,Michael,Roberson,alyssa93@example.org,Canada,2026-06-23
1608,Martha,Dawson,fcastro@example.net,UK,2026-01-02
1609,Gina,Grant,lpearson@example.org,Canada,2026-03-28
1610,Melissa,Townsend,jessica39@example.net,,2026-04-08
1611,Samantha,Lee,harold03@example.com,UK,2024-09-20
1612,James,Willis,clinton54@example.net,USA,2026-05-28
1613,Catherine,Johnson,darlene60@example.net,USA,2025-10-01
1614,Joshua,Brown,roysara@example.net,Canada,2025-07-14
1615,Tracy,Wells,johnsonanthony@example.net,Canada,2024-02-05
1616,Jill,Pitts,christopherflowers@example.org,USA,2023-10-22
1617,Dana,Brown,hodgejoshua@example.org,Australia,2025-08-08
1618,Joan,Cook,rachael29@example.net,USA,2026-06-21
1619,Zachary,Shepard,qbutler@example.net,USA,2023-10-28
1620,James,Juarez,jessicamiller@example.com,USA,2023-10-09
1621,Charlotte,Barker,vthompson@example.org,USA,2024-07-28
1622,Ann,Wilson,scarroll@example.org,Canada,2025-05-03
1623,Steven,Wilson,whitechristopher@example.com,USA,2025-05-30
1624,Tammy,Wang,robinsonnicholas@example.org,Australia,2026-04-09
1625,Sherry,Parker,julierojas@example.com,Canada,2023-10-19
1626,Janice,Thompson,annettegutierrez@example.org,USA,2024-06-15
1627,James,Krause,heidi41@example.com,Canada,2024-09-14
1628,Michael,Barton,rgallegos@example.org,USA,2023-10-01
1629,Mary,Cruz,victoriahamilton@example.net,Canada,2026-01-26
1630,Laura,Clark,christopher34@example.org,USA,2025-01-15
1631,Anthony,Wilson,thomasmcdonald@example.com,USA,2024-10-03
1632,Nicholas,Chapman,morrisdaniel@example.com,Canada,2026-03-31
1633,Alan,Fisher,matthew12@example.com,USA,2024-07-22
1634,Steven,Lopez,gonzaleschristina@example.net,USA,2025-05-14
1635,Ryan,Ross,johnnybrooks@example.com,Australia,2025-01-31
1636,Richard,Williams,kathrynsantana@example.net,Canada,2023-12-18
1637,Ronald,Adams,kwatkins@example.net,Canada,2024-02-20
1638,Kevin,Carlson,stephaniebradley@example.org,Canada,2024-01-11
1639,Mason,Choi,parkerkatie@example.com,Australia,2025-01-05
1640,Frederick,Smith,jamesjackson@example.com,Australia,2023-11-18
1641,Joel,Harris,ramseyeric@example.net,USA,2026-03-05
1642,Nicholas,Woods,cory86@example.net,UK,2024-04-10
1643,Thomas,Bennett,wmccarthy@example.org,USA,2024-10-19
1644,Lucas,Mcconnell,smejia@example.net,USA,2025-10-30
1645,Roger,Long,reedelizabeth@example.net,Canada,2023-09-20
1646,Nicole,Thompson,mikemorgan@example.org,USA,2025-06-21
1647,Karen,Melendez,devinlopez@example.org,Canada,2024-07-17
1648,Christopher,Cruz,ronaldmitchell@example.com,UK,2025-08-31
1649,Timothy,Green,zwhite@example.net,USA,2025-03-11
1650,Daniel,Drake,gina16@example.org,USA,2024-02-14
1651,David,Hunter,psmith@example.net,Canada,2024-11-04
1652,Kelsey,Turner,judy19@example.com,Canada,2025-02-22
1653,Kimberly,Joseph,daniel26@example.net,Canada,2025-12-01
1654,Monica,Miller,rogerssarah@example.net,Canada,2024-05-30
1655,Zachary,Mendez,dgraham@example.com,Canada,2023-10-04
1656,Miranda,Stevens,smallgina@example.com,Australia,2024-11-30
1657,Emily,Wang,danielsguy@example.com,USA,2024-11-21
1658,Sean,Evans,larsonmichael@example.org,Canada,2025-03-26
1659,Randy,Thompson,martinezduane@example.com,Canada,2024-12-06
1660,Joshua,Bonilla,samanthaberger@example.net,Canada,2026-02-06
1661,Ashley,Williams,nathan29@example.net,USA,2025-07-21
1662,Nicole,Reyes,morgandana@example.com,USA,2024-11-27
1663,Andrew,Clements,jennifer16@example.org,UK,2026-01-07
1664,Ashley,Cooley,heatherwilliams@example.net,USA,2025-01-21
1665,Kathleen,Kim,joshuapowers@example.net,Australia,2024-10-31
1666,Howard,Mitchell,russellandrew@example.com,UK,2025-08-11
1667,Joshua,Ford,colton30@example.net,Canada,2024-08-11
1668,Bryce,Roberts,omatthews@example.net,Australia,2024-08-16
1669,Paul,Spears,cooperluis@example.com,Canada,2024-02-04
1670,Melissa,Porter,emilyscott@example.org,UK,2025-08-15
1671,Ashley,Miller,whoffman@example.org,Canada,2024-04-05
1672,Traci,Wood,karen77@example.org,UK,2024-02-08
1673,Brenda,Weber,wperry@example.org,UK,2025-11-22
1674,Justin,Manning,nicholasmedina@example.com,UK,2025-06-17
1675,Melissa,Davis,jasonrodriguez@example.com,USA,2024-03-04
1676,Erik,Waters,wpierce@example.org,Canada,2024-11-22
1677,Carol,Flores,crystal58@example.net,Canada,2025-03-27
1678,Jeffrey,Powell,cmitchell@example.org,Canada,2026-05-30
1679,Gregory,Roberts,kathryn21@example.com,Canada,2025-05-18
1680,Robert,Barnes,danamontgomery@example.org,USA,2025-06-20
1681,Wesley,Miller,udougherty@example.net,Canada,2024-05-21
1682,Ashley,Kennedy,craneandrew@example.net,Australia,2026-04-16
1683,Destiny,Arnold,melissamartin@example.com,USA,2025-10-22
1684,John,Kennedy,marcuscarter@example.org,UK,2024-04-04
1685,Steven,Sanchez,yfritz@example.org,Canada,2026-07-23
1686,Vincent,Rodriguez,monica23@example.com,UK,2025-10-21
1687,Chad,Goodman,ecamacho@example.com,Australia,2023-11-07
1688,Robert,Green,baldwincatherine@example.net,USA,2025-10-13
1689,Samuel,Carey,carterraymond@example.net,USA,2025-12-11
1690,Michael,Moran,hpatterson@example.org,USA,2024-01-28
1691,Jose,Bryan,bowenmichael@example.net,Canada,2024-08-28
1692,Robin,Pope,josephrivera@example.net,USA,2023-11-11
1693,Rachel,Vasquez,katherinepeterson@example.net,Canada,2024-12-21
1694,Kristin,Lyons,brooke22@example.net,Canada,2024-07-03
1695,Jeffrey,Wood,jennifer42@example.net,Canada,2025-07-16
1696,Thomas,Gonzales,eric22@example.net,Canada,2024-07-07
1697,Patrick,Walsh,rosalesbrandy@example.org,Canada,2025-05-23
1698,Jordan,Griffith,kwoods@example.com,Canada,2025-07-27
1699,Brenda,Mason,nicholas72@example.net,Australia,2025-01-31
1700,Timothy,James,petersonkyle@example.org,USA,2024-02-02
1701,Charlotte,Daniel,santosmichael@example.com,Australia,2025-05-07
1702,Danielle,Smith,judithcox@example.org,Canada,2024-10-31
1703,Corey,Rivera,nelsonsuzanne@example.net,Canada,2025-04-02
1704,Christopher,Yates,pknight@example.org,canada,2024-05-28
1705,Jodi,Norris,jeremylove@example.org,Canada,2023-10-05
1706,Chelsea,Arnold,pauljessica@example.org,Canada,2026-05-11
1707,David,Turner,jeremywillis@example.net,USA,2025-01-26
1708,Corey,Keith,florescynthia@example.org,Canada,2025-01-27
1709,Scott,Alvarez,danielsjason@example.com,USA,2024-07-15
1710,Alec,Jordan,cortezscott@example.net,USA,2024-03-22
1711,Linda,Mendez,qgay@example.com,Canada,2025-06-11
1712,Travis,Thompson,ppalmer@example.com,Canada,2024-06-06
1713,Amanda,Peterson,connie12@example.com,USA,2023-08-29
1714,Patricia,Hicks,emartin@example.com,USA,2025-08-28
1715,Cody,Atkins,dana82@example.org,Canada,2025-12-22
1716,Kathryn,Lewis,luke87@example.org,Australia,2025-09-10
1717,Sara,Clark,mariolee@example.com,Canada,2025-12-30
1718,Melissa,Bishop,markblack@example.com,USA,2025-08-07
1719,Kristina,Chan,jeremy47@example.com,Australia,2024-10-01
1720,Kevin,Acosta,shannon69@example.com,Canada,2025-12-04
1721,Adam,Case,schmittmichael@example.org,Canada,2026-07-25
1722,Katie,Smith,jasonmoran@example.com,Canada,2026-02-19
1723,Andrew,Simmons,jnguyen@example.net,Canada,2024-03-27
1724,Jason,Shaw,daniel32@example.com,Canada,2025-10-22
1725,Shelly,Watkins,harringtonpeter@example.net,USA,2025-02-05
1726,Joshua,Lawson,dbrown@example.net,Canada,2024-08-31
1727,Amanda,Kim,daniel21@example.com,USA,2026-07-27
1728,Jessica,Holloway,brittanyandrews@example.net,Australia,2023-11-26
1729,John,Armstrong,angela40@example.org,UK,2025-12-15
1730,Carlos,Hartman,susan57@example.net,USA,2026-04-17
1731,Jack,Mcdonald,mcox@example.net,Canada,2026-07-21
1732,Jonathon,Munoz,taylordawn@example.com,USA,2024-10-29
1733,Tom,Williams,durhamwilliam@example.org,USA,2025-05-03
1734,Wendy,Moyer,kristy74@example.net,Canada,2024-08-21
1735,Carlos,Jones,mccannkimberly@example.net,Canada,2024-02-11
1736,William,York,mbishop@example.org,UK,2025-12-09
1737,Ryan,Hill,vpreston@example.org,Canada,2025-08-03
1738,Charles,Holland,shawn60@example.com,Canada,2025-05-12
1739,Adam,Clayton,smithmarcus@example.org,Canada,2024-05-31
1740,Jeffrey,Craig,amanda39@example.com,Canada,2026-04-26
1741,Jennifer,Ray,kendraharris@example.org,UK,2023-12-10
1742,Amanda,Blackburn,chanamber@example.org,USA,2024-08-14
1743,Leslie,Hall,jamesmartin@example.com,USA,2024-05-03
1744,Samantha,Barton,taylorrachel@example.com,Canada,2024-01-03
1745,Stacy,Johnson,omargriffin@example.com,Canada,2024-03-26
1746,Kelli,Lawrence,davisgregory@example.net,USA,2025-10-24
1747,David,Sherman,shepardjoy@example.com,Canada,2025-11-20
1748,Logan,Lee,marshmichael@example.com,,2025-03-01
1749,Sierra,Smith,zlara@example.org,USA,2024-09-13
1750,Sonya,Copeland,pbautista@example.com,Canada,2024-04-29
1751,Jacqueline,Santos,bliu@example.com,USA,2025-10-29
1752,Phyllis,Williams,gregorysmith@example.net,Canada,2024-02-08
1753,Heather,Farmer,carlsonjason@example.net,Canada,2025-08-15
1754,Nathan,Perry,robertthompson@example.net,Canada,2026-07-14
1755,Judy,Patrick,michaelbuckley@example.org,Australia,2023-09-23
1756,James,Powell,regina49@example.com,UK,2023-09-22
1757,Anthony,Johnson,jjohnson@example.com,Australia,2023-10-11
1758,Nicholas,George,ericsmith@example.org,USA,2023-11-30
1759,Vanessa,Rodriguez,amarshall@example.net,Canada,2024-12-16
1760,Melody,Pacheco,collinsterrance@example.com,USA,2024-01-09
1761,Diana,Diaz,woodskaitlyn@example.net,USA,2024-03-24
1762,Jeffrey,Anderson,jeremiahmiller@example.org,UK,2025-10-16
1763,Justin,Gilbert,jeremylopez@example.net,Canada,2024-07-17
1764,Jennifer,Murray,kathleen25@example.com,USA,2024-10-05
1765,Dustin,Doyle,adkinslauren@example.net,Canada,2023-10-13
1766,James,White,cynthiaconley@example.org,Canada,2024-02-15
1767,Marcus,Armstrong,mmathews@example.net,USA,2026-04-01
1768,Tara,Sullivan,shawnbaker@example.com,USA,2023-12-29
1769,Joshua,Mack,matthew24@example.com,Canada,2026-01-22
1770,Tony,Dunn,barnettmatthew@example.net,Canada,2024-06-05
1771,Kimberly,Simmons,oconnelldavid@example.org,USA,2026-07-25
1772,Maria,Martinez,david54@example.com,USA,2024-12-12
1773,Tracey,Miller,raymondpugh@example.net,UK,2024-03-22
1774,Mary,Walker,gonzalezjulie@example.net,Australia,2025-06-10
1775,Edward,Heath,mcbridemichael@example.org,USA,2025-09-20
1776,Wendy,Jackson,craigmartin@example.net,Canada,2026-03-20
1777,Jeremy,Arias,amberfriedman@example.com,USA,2026-03-19
1778,Joshua,Haley,hphillips@example.com,Canada,2026-04-27
1779,Taylor,Taylor,aaron48@example.net,Canada,2024-07-28
1780,Sandra,Austin,brownrobert@example.org,UK,2025-01-30
1781,Ethan,Stanton,petermoore@example.com,Canada,2024-10-23
1782,James,Flowers,perezstacy@example.org,UK,2026-04-26
1783,David,Singh,jamiethomas@example.com,USA,2025-12-02
1784,Alex,Wilson,alexandria97@example.org,USA,2025-08-14
1785,Kent,Martinez,whernandez@example.net,USA,2024-08-30
1786,Joseph,Travis,qmassey@example.org,UK,2025-07-09
1787,Ronald,Jackson,oblake@example.net,USA,2023-12-12
1788,Whitney,Morrison,john76@example.com,USA,2023-10-23
1789,Daniel,Carrillo,rebecca85@example.com,Canada,2025-08-22
1790,John,Kelly,garcialinda@example.org,USA,2025-05-25
1791,Jeffrey,Hamilton,dalton78@example.net,Canada,2026-02-24
1792,Nicholas,Stone,gwilliams@example.net,USA,2026-02-25
1793,Dawn,Garcia,wilsonkathryn@example.com,USA,2025-05-18
1794,Jenna,Munoz,chiggins@example.com,USA,2025-07-31
1795,Scott,Murray,bentleylisa@example.net,Canada,2025-11-14
1796,Ryan,Odonnell,ashleyjohnson@example.com,Canada,2023-12-08
1797,Samantha,Pham,qatkinson@example.com,USA,2026-02-03
1798,Maurice,Beltran,joshuabowers@example.com,Canada,2025-01-05
1799,Vicki,Baker,jasontownsend@example.net,Canada,2025-08-01
1800,Joy,Mullins,megangates@example.com,Canada,2024-09-10
1801,Amanda,Trujillo,leslietorres@example.net,Australia,2023-11-29
1802,Richard,Howell,katherineharris@example.net,USA,2025-02-04
1803,Matthew,Kim,kari25@example.org,Canada,2023-12-22
1804,Bonnie,Stout,katherine82@example.com,Canada,2025-06-29
1805,Charles,Davis,jphelps@example.net,Canada,2024-08-28
1806,Michael,Anderson,vgarcia@example.com,USA,2025-06-24
1807,Tara,Nguyen,scottwilliams@example.net,USA,2024-02-07
1808,Victoria,Johnson,marthalucero@example.org,Canada,2026-04-07
1809,Scott,Cain,alexandersanchez@example.org,Canada,2026-03-18
1810,Timothy,Gonzales,robertabbott@example.net,Canada,2024-11-01
1811,Barbara,Barrera,tfrancis@example.com,USA,2026-01-18
1812,Joseph,Wood,lukekelly@example.net,USA,2024-01-16
1813,Michelle,Andersen,laurariley@example.org,Canada,2026-08-01
1814,Kristen,Romero,gnichols@example.net,Canada,2024-04-27
1815,Michael,Park,stevenandrews@example.org,,2025-01-07
1816,Samuel,Garza,bentongeorge@example.net,Australia,2024-12-25
1817,Debra,Huang,jdillon@example.org,Canada,2025-09-07
1818,Cameron,Higgins,stacey09@example.com,USA,2024-12-06
1819,Kathy,Anderson,clewis@example.com,USA,2025-04-03
1820,Emily,Rivera,ithomas@example.net,Canada,2025-05-26
1821,Michelle,Arellano,josephmichael@example.org,Canada,2025-12-17
1822,Chad,Brown,ucross@example.org,Canada,2024-05-20
1823,Carolyn,Blake,maryjohnson@example.com,USA,2025-10-28
1824,Martin,Davis,rberry@example.com,USA,2026-01-20
1825,Patrick,Wells,isaac45@example.org,USA,2025-10-05
1826,Natasha,Porter,jorgegonzalez@example.com,USA,2026-08-06
1827,Cynthia,Morgan,warrenandrew@example.net,Canada,2023-10-27
1828,Angela,Fleming,jacksontamara@example.net,Australia,2023-09-04
1829,Mark,Torres,michele23@example.net,USA,2025-07-02
1830,Hunter,Robinson,collin29@example.com,Canada,2025-05-12
1831,Patricia,Mccarthy,williamolsen@example.com,Australia,2023-09-24
1832,Benjamin,Medina,aguirrelarry@example.com,USA,2023-12-18
1833,Felicia,Lawrence,racheljimenez@example.net,USA,2024-02-08
1834,Christie,Rogers,jmcfarland@example.com,USA,2025-12-28
1835,Sherry,Barnett,morganmichael@example.org,UK,2026-07-09
1836,Travis,Bauer,howardsabrina@example.com,USA,2026-01-26
1837,Renee,Zimmerman,abbottchristopher@example.net,Canada,2024-08-07
1838,Alison,Andrews,psherman@example.org,Canada,2024-06-26
1839,Derek,Gallagher,sheryl66@example.com,Australia,2024-10-08
1840,Tracy,Henry,anna96@example.com,Canada,2025-02-17
1841,Kristie,Mitchell,rosebobby@example.org,Canada,2024-07-23
1842,Briana,Mccullough,daniellestevenson@example.net,Canada,2023-09-21
1843,Tammy,Cruz,tamara06@example.net,Canada,2025-03-01
1844,Melinda,Hicks,lozanocorey@example.org,USA,2026-04-26
1845,Jennifer,Jones,tylerduncan@example.net,Australia,2023-09-08
1846,Sandra,Harris,glassadam@example.org,Canada,2025-08-13
1847,Rose,Rivera,valerieserrano@example.com,Canada,2026-05-23
1848,Richard,Moore,christyscott@example.com,Canada,2025-09-05
1849,Jennifer,Barrera,jamie46@example.net,UK,2023-09-02
1850,Madison,Bennett,lisafreeman@example.net,USA,2023-09-02
1851,Heather,Williams,sanderson@example.org,Canada,2023-11-07
1852,Danny,Moore,ijones@example.com,UK,2024-02-21
1853,Jody,Moses,smitchell@example.com,UK,2026-03-16
1854,Jose,Juarez,mcarson@example.org,UK,2025-04-21
1855,Tyler,Martinez,harrisondaniel@example.org,UK,2023-10-02
1856,Paul,Miller,allenchristina@example.com,Canada,2025-11-08
1857,Scott,Hammond,kaylahardy@example.org,USA,2025-05-06
1858,Stacy,Peterson,sandra57@example.org,USA,2026-05-06
1859,Brian,James,william32@example.net,UK,2024-03-21
1860,Diane,Gonzales,pjones@example.net,USA,2025-03-23
1861,Angela,Thomas,brian16@example.net,USA,2025-03-29
1862,Christine,Jackson,mitchell21@example.net,USA,2024-05-04
1863,Patrick,Hart,hmack@example.org,Canada,2025-12-04
1864,Austin,Gardner,banksrenee@example.net,USA,2025-07-28
1865,Justin,Jensen,pkent@example.net,Australia,2025-02-09
1866,John,Baird,jmendoza@example.com,Australia,2025-03-31
1867,Michael,Thomas,sylviaprice@example.com,Canada,2026-04-14
1868,Micheal,Smith,douglas76@example.net,Canada,2026-04-12
1869,Melissa,Archer,marygomez@example.com,Canada,2024-11-25
1870,Robert,Quinn,dfarley@example.com,USA,2024-08-26
1871,Elizabeth,Anderson,johnmarquez@example.net,UK,2024-03-22
1872,Morgan,Hopkins,rachel86@example.com,Canada,2025-07-27
1873,Jason,Thomas,danielsshaun@example.net,USA,2024-11-15
1874,James,Morgan,donnagiles@example.com,UK,2024-03-06
1875,Scott,Benson,lbradley@example.com,USA,2026-08-04
1876,Erin,Hammond,zandrews@example.org,USA,2024-02-03
1877,Leslie,Sanchez,kathryntucker@example.net,USA,2026-06-09
1878,Cheryl,Moss,lowekristin@example.org,USA,2023-09-14
1879,Samantha,Booth,melissa55@example.org,Canada,2025-11-13
1880,Susan,Parker,coxregina@example.net,USA,2026-05-09
1881,Sean,Morgan,keithgarcia@example.net,USA,2024-02-13
1882,Nicole,Martin,patelchristine@example.org,UK,2025-04-28
1883,Courtney,Graves,hannah31@example.net,USA,2026-06-23
1884,Regina,Davis,taylorparker@example.com,USA,2025-01-25
1885,Katie,Willis,sarah99@example.org,Canada,2024-12-24
1886,Andrew,Vasquez,nicole15@example.org,USA,2024-03-03
1887,Claire,Byrd,danieldonovan@example.net,Canada,2024-03-25
1888,Cynthia,Carter,gomeztonya@example.com,Canada,2023-09-08
1889,Patricia,Butler,michaelking@example.net,USA,2024-06-24
1890,Abigail,Moon,kflores@example.org,Australia,2025-08-02
1891,Jackie,Baker,rmorgan@example.net,Canada,2026-08-16
1892,Diane,Hopkins,andrea29@example.org,Canada,2025-11-04
1893,Andrew,James,cjames@example.net,UK,2025-08-27
1894,Heidi,Rogers,vrussell@example.org,Canada,2026-06-20
1895,Jennifer,Tran,fcampbell@example.com,USA,2026-05-24
1896,Christopher,Wade,michelle10@example.org,USA,2026-01-21
1897,Daniel,Jones,calvin93@example.org,USA,2026-03-25
1898,Alec,Smith,molly91@example.org,Canada,2025-05-21
1899,Tammy,Costa,kristi19@example.org,Canada,2023-10-22
1900,Dominic,Hardin,lopezjennifer@example.org,USA,2023-08-26
1901,Latasha,Hall,lovepaul@example.net,USA,2025-03-24
1902,Thomas,Gonzalez,ljacobs@example.com,Canada,2024-07-02
1903,Erica,Hancock,ramoswilliam@example.org,USA,2024-03-01
1904,James,Thomas,hollywarner@example.org,Canada,2024-03-15
1905,Melinda,Avila,franciscoreid@example.net,USA,2024-07-12
1906,Robert,Davidson,ronaldsummers@example.net,Canada,2024-05-11
1907,Adrian,Zamora,juan21@example.org,Australia,2023-10-29
1908,Max,Quinn,wmiller@example.net,Canada,2024-12-22
1909,Tiffany,Craig,brianna59@example.net,Canada,2026-07-08
1910,Ashley,Acosta,shannon75@example.com,Canada,2024-07-16
1911,Tracy,Gardner,jeremyjackson@example.net,Canada,2024-09-11
1912,Steven,Murray,dford@example.com,UK,2024-02-05
1913,Joann,Cruz,markskristina@example.com,Australia,2026-08-10
1914,Crystal,Ross,hamiltonlisa@example.org,Canada,2024-02-03
1915,Sophia,Robinson,myersedward@example.com,Canada,2024-03-25
1916,Tyler,Moore,jeremy79@example.net,USA,2025-02-19
1917,Ryan,York,dcosta@example.com,UK,2026-07-10
1918,Carl,Morris,jfranklin@example.org,USA,2025-03-12
1919,Troy,Robinson,tsmith@example.net,Canada,2024-02-11
1920,Crystal,Sutton,mcarr@example.org,Canada,2025-03-24
1921,Matthew,Brooks,mikewaller@example.org,USA,2023-09-10
1922,Mitchell,Sanchez,haley57@example.com,Canada,2025-04-21
1923,Barbara,Rivera,rachelsheppard@example.net,USA,2025-05-10
1924,Rhonda,Erickson,lisawright@example.net,Canada,2025-01-17
1925,Andrew,Dixon,cruzeddie@example.com,USA,2023-11-19
1926,Travis,Morrison,carl63@example.com,Canada,2025-10-10
1927,Michael,Strickland,owright@example.org,USA,2024-08-14
1928,Mallory,Olson,kristenfrye@example.com,USA,2026-08-05
1929,Cassandra,Herrera,susanharper@example.org,USA,2024-07-10
1930,Bruce,Dyer,john66@example.net,canada,2026-02-04
1931,Alex,Green,kennethjohnson@example.net,USA,2025-12-04
1932,Christian,Marshall,seanreyes@example.org,USA,2025-06-02
1933,Katherine,Rodriguez,stephen39@example.com,USA,2024-06-29
1934,Brenda,Morris,martinezmindy@example.net,USA,2025-01-25
1935,Donald,Decker,opierce@example.com,USA,2025-07-30
1936,Randall,Nguyen,schneidermario@example.net,,2023-10-04
1937,William,Sharp,tylermcintosh@example.org,Canada,2024-02-04
1938,Alexandra,Bentley,christopherward@example.com,UK,2024-08-26
1939,Robert,Potter,dmorales@example.net,USA,2024-11-20
1940,Kristine,Neal,olsenshane@example.org,Canada,2025-12-04
1941,Misty,Perez,newmanangela@example.org,Canada,2025-07-26
1942,Heidi,Mendoza,robinsonjesse@example.org,Canada,2026-07-03
1943,Devin,Flores,qavila@example.com,USA,2023-09-12
1944,Kathy,Vasquez,cpierce@example.org,USA,2025-05-29
1945,Jason,Aguilar,baileychristopher@example.com,USA,2025-03-02
1946,Maria,Sanders,amandaherman@example.net,USA,2025-07-04
1947,Joseph,Brooks,mmoore@example.net,Canada,2024-05-28
1948,James,Hurst,swilson@example.com,Canada,2023-09-22
1949,Carrie,Curtis,hharris@example.org,Canada,2024-10-19
1950,Daniel,Fitzpatrick,jameshudson@example.net,Canada,2024-07-14
1951,Hannah,Lewis,michael03@example.net,Canada,2026-04-23
1952,Megan,Robinson,collinsjavier@example.org,Canada,2026-03-21
1953,Jamie,Arroyo,dcortez@example.com,USA,2025-06-11
1954,Frederick,Vasquez,laura31@example.net,USA,2023-12-17
1955,Aaron,Johnson,vincentstacey@example.org,Australia,2024-07-19
1956,Patrick,Carroll,coltonrichardson@example.net,Australia,2024-03-18
1957,Rodney,Walter,ramirezdesiree@example.com,USA,2025-12-13
1958,Rachel,Turner,stephen31@example.net,Canada,2025-11-14
1959,Evelyn,Johnson,hthompson@example.org,USA,2025-10-24
1960,Spencer,Tanner,joseph97@example.org,USA,2025-10-31
1961,Eric,Brown,fjohnson@example.com,Canada,2026-02-17
1962,Robert,Dudley,douglassusan@example.com,Canada,2025-10-08
1963,Jennifer,Harris,andrew43@example.org,UK,2025-09-15
1964,Lisa,Forbes,russomary@example.com,Canada,2025-04-25
1965,Jacqueline,Conner,mitchellchristopher@example.com,USA,2025-01-03
1966,Thomas,Martin,jessica82@example.com,USA,2025-11-04
1967,Michael,Thompson,wwatson@example.com,Canada,2024-01-30
1968,Emily,Preston,bward@example.org,Canada,2025-06-11
1969,Nicole,Cook,debbie78@example.net,Canada,2024-02-18
1970,Brad,Hunter,carolfernandez@example.net,Canada,2024-02-12
1971,Lauren,Taylor,makaylasanders@example.com,Canada,2026-04-13
1972,Veronica,Stephens,johnstonjonathan@example.net,UK,2025-08-19
1973,Fred,Perez,tracy55@example.net,Canada,2026-06-13
1974,Alexandra,Weiss,barbarabrady@example.net,USA,2025-11-22
1975,Daniel,Bowman,smoore@example.org,Canada,2025-10-14
1976,Patricia,Costa,simpsonruth@example.net,Australia,2026-06-28
1977,John,Sullivan,amberdavis@example.org,Canada,2023-09-16
1978,Anthony,Martinez,mariabecker@example.org,Canada,2024-05-25
1979,Stephanie,Henderson,dorothy09@example.com,UK,2024-09-01
1980,Nicholas,Torres,lreid@example.org,UK,2025-09-04
1981,Tiffany,Porter,anthony76@example.net,Canada,2025-12-12
1982,Roberto,Matthews,stacy70@example.com,UK,2023-10-03
1983,Tony,Bullock,fking@example.org,USA,2024-05-16
1984,Maria,Welch,gibsonkaitlyn@example.org,USA,2025-06-13
1985,Taylor,Morris,arobinson@example.org,Canada,2023-09-02
1986,David,Huffman,wallssean@example.net,Canada,2024-03-07
1987,Joshua,Cunningham,kingdavid@example.net,USA,2025-02-10
1988,Rachel,Carter,billburke@example.com,USA,2023-12-20
1989,Eric,Monroe,timothywright@example.com,Canada,2025-12-19
1990,Lindsay,Whitehead,lwilliams@example.org,USA,2024-08-28
1991,Felicia,Bruce,jenniferstokes@example.org,USA,2023-12-11
1992,Donald,Yang,kimmichael@example.net,Canada,2024-12-05
1993,Jeanette,Hurst,cynthia16@example.com,USA,2023-09-27
1994,Samuel,Miles,brownjose@example.net,Canada,2024-09-16
1995,Richard,Calhoun,davidmartin@example.net,USA,2024-03-13
1996,James,Keller,angela71@example.net,USA,2024-03-12
1997,Robert,Castro,jamesevans@example.net,Australia,2025-09-28
1998,Alex,Brown,rodriguezelizabeth@example.net,Canada,2025-03-25
1999,Kevin,Cain,samantha73@example.org,Canada,2025-08-18
2000,Timothy,Lewis,paulschultz@example.net,Canada,2026-03-20
2001,Chad,Estrada,michellejones@example.net,Canada,2026-08-10
2002,Charles,Martin,xfranco@example.org,Canada,2026-02-14
2003,Richard,Goodwin,harrellkimberly@example.org,UK,2024-03-20
2004,Jessica,Brooks,oobrien@example.net,Canada,2026-05-12
2005,Timothy,Avery,wlucas@example.net,Canada,2024-02-10
2006,Carol,Roberts,reynoldsanthony@example.org,USA,2025-04-28
2007,Janet,Waters,woodphillip@example.com,Canada,2025-08-03
2008,Valerie,Peterson,samantha78@example.com,USA,2024-10-18
2009,Monica,Barker,taylordavis@example.com,Canada,2026-07-25
2010,Amanda,Jensen,kingjoseph@example.com,USA,2026-04-06
2011,Brooke,Perez,rebecca93@example.com,Canada,2026-07-22
2012,James,Rogers,mramirez@example.com,Canada,2025-08-24
2013,Jacob,Austin,leahbarker@example.org,UK,2025-09-13
2014,Michael,Daniels,james79@example.net,Canada,2024-02-28
2015,Jenny,Walter,jamietyler@example.com,USA,2024-03-09
2016,Deborah,Crawford,peterlove@example.net,Canada,2025-01-06
2017,Matthew,Scott,kingtammy@example.net,Canada,2026-08-04
2018,Aaron,Lopez,sarah78@example.net,UK,2026-02-06
2019,William,Fisher,brent67@example.net,Canada,2023-12-18
2020,Samuel,Edwards,herbertward@example.org,USA,2023-10-05
2021,Chad,Rodriguez,david16@example.org,canada,2023-10-04
2022,Donna,Brown,morganclaudia@example.com,USA,2024-06-28
2023,John,Robinson,sarah53@example.org,,2023-09-16
2024,Breanna,Farmer,lindabryan@example.org,Canada,2025-04-06
2025,Andre,Martin,lisa11@example.org,Canada,2026-03-05
2026,Jeffrey,Stevens,patricialowery@example.com,canada,2023-12-17
2027,John,Parker,ogriffin@example.org,USA,2026-03-07
2028,Ricky,Wallace,jocelyncruz@example.net,Australia,2025-11-21
2029,Andrew,Hubbard,nicolehenry@example.net,Canada,2024-08-31
2030,Andrew,Romero,mmassey@example.org,canada,2024-10-03
2031,Jade,Burke,zjackson@example.org,Canada,2024-04-16
2032,Michael,Hill,rachel69@example.com,USA,2026-07-09
2033,Glenda,Elliott,chavezlauren@example.com,USA,2025-05-09
2034,Michael,Smith,bramsey@example.org,Australia,2024-12-13
2035,Michael,Adams,timothy23@example.net,USA,2025-07-28
2036,Carol,Patrick,wernermichael@example.org,Canada,2023-11-28
2037,Ruth,Davis,wrightalicia@example.com,Canada,2024-12-30
2038,Kelly,Garrison,monica23@example.com,Canada,2024-07-28
2039,Abigail,Hall,oliverashley@example.net,Canada,2024-03-01
2040,Amy,Mcmahon,joelmorton@example.org,Canada,2025-06-12
2041,Chase,Mejia,lisa28@example.org,UK,2025-12-22
2042,Angela,Wood,ericfrederick@example.org,USA,2025-12-31
2043,Mark,Jackson,william08@example.net,USA,2026-04-28
2044,Phillip,Jackson,imoore@example.org,Canada,2026-03-23
2045,Mary,Berry,steven72@example.net,UK,2023-12-20
2046,John,Bowman,jonesnicholas@example.org,USA,2024-07-01
2047,Allison,Burns,upierce@example.com,Canada,2026-04-22
2048,Steven,Holland,kristin96@example.com,,2025-03-17
2049,Rickey,Gordon,cmartinez@example.org,USA,2023-11-10
2050,Virginia,Wilkinson,munozrobert@example.com,Canada,2024-07-15
2051,Andrew,Freeman,lewiskimberly@example.org,USA,2024-12-27
2052,Brittany,Blake,deborahturner@example.org,USA,2024-01-24
2053,Rachel,Mckee,tommy77@example.com,Canada,2026-04-15
2054,Steven,Perry,sanchezdustin@example.net,Australia,2026-05-29
2055,Kenneth,Brown,pblankenship@example.com,UK,2023-11-15
2056,Kelly,Nicholson,ewilliams@example.org,USA,2024-09-11
2057,James,Weeks,alexgarcia@example.net,USA,2025-10-09
2058,Joseph,Johnson,crystalwatson@example.com,Canada,2024-11-06
2059,Lauren,Stevens,justin08@example.net,USA,2024-01-04
2060,Samuel,Freeman,estradaamy@example.net,USA,2025-05-03
2061,Carlos,Donaldson,trivera@example.com,Canada,2025-10-31
2062,Cynthia,Thomas,christopherreyes@example.com,USA,2024-04-19
2063,Bradley,Smith,jameshudson@example.com,UK,2026-01-14
2064,Nicole,Simmons,veronica30@example.org,USA,2024-02-17
2065,Benjamin,Acosta,robinsonrose@example.org,Canada,2026-05-31
2066,Trevor,Miller,vcain@example.net,USA,2025-10-27
2067,Nathan,Harrison,barbara85@example.net,Canada,2025-08-19
2068,Alison,Contreras,linda33@example.org,Canada,2024-12-09
2069,Joseph,Case,victor60@example.net,Canada,2024-07-16
2070,Michelle,Rodriguez,angelarichard@example.org,Canada,2026-04-13
2071,John,Stein,terrywilliam@example.com,USA,2025-11-12
2072,Robert,Rivera,sanchezcindy@example.net,USA,2023-11-02
2073,Lee,Small,bsullivan@example.org,Canada,2024-11-17
2074,Tiffany,Cook,david37@example.com,UK,2026-06-03
2075,Randy,Lewis,satkinson@example.org,UK,2025-06-21
2076,Frederick,Moore,brittney11@example.org,UK,2023-11-20
2077,Joan,Hernandez,fvasquez@example.net,Canada,2025-08-01
2078,Victoria,Smith,antoniocarter@example.com,USA,2025-09-03
2079,Samantha,Graves,williamspatricia@example.com,Australia,2023-12-09
2080,Wendy,Miller,mendezlori@example.org,USA,2026-01-03
2081,Penny,Holloway,lrodriguez@example.com,Canada,2025-06-26
2082,Alicia,Decker,dillon79@example.com,Canada,2024-02-10
2083,Kimberly,Robertson,sobrien@example.com,USA,2023-09-26
2084,Melissa,Ortega,wpatrick@example.net,UK,2024-07-22
2085,Desiree,Briggs,proman@example.com,USA,2025-08-21
2086,Jason,Murray,benjaminbrown@example.org,USA,2024-01-30
2087,Whitney,Martinez,campbellmarvin@example.com,Canada,2025-05-17
2088,Jennifer,Graham,spearselizabeth@example.net,USA,2025-04-18
2089,Briana,Pineda,pauladouglas@example.com,UK,2024-02-09
2090,James,Jones,randalllinda@example.com,Canada,2024-03-13
2091,Tyler,Barrett,ubowers@example.com,USA,2024-01-14
2092,Mark,Levy,wbarrett@example.net,Australia,2026-03-30
2093,Jack,Booth,stephanieperry@example.com,Canada,2026-04-07
2094,Matthew,Williams,johnmunoz@example.com,USA,2026-05-12
2095,Jennifer,Butler,welchjennifer@example.net,Canada,2024-10-03
2096,Aaron,Webb,jasoncook@example.net,USA,2026-03-19
2097,Julie,Hill,lpreston@example.net,USA,2026-06-02
2098,James,Carrillo,gibsonjennifer@example.net,USA,2024-07-05
2099,Wendy,Bryant,marvin69@example.net,USA,2026-07-14
2100,Bryan,Gallegos,mhickman@example.net,Canada,2024-05-01
2101,Leslie,Garza,pbaker@example.org,UK,2026-02-02
2102,Elizabeth,Riley,hbaker@example.org,USA,2023-10-05
2103,Stephanie,Cole,dsmith@example.org,Canada,2026-01-17
2104,Joshua,Olsen,usmith@example.net,USA,2026-01-01
2105,Kayla,Alvarado,nzhang@example.net,USA,2025-08-15
2106,Keith,Wilson,saraprice@example.net,Canada,2024-08-16
2107,Amy,Gonzalez,pmiller@example.org,UK,2026-06-24
2108,Andrew,Anderson,gary44@example.com,UK,2024-02-15
2109,Ronald,Daniel,connor44@example.net,Canada,2025-09-17
2110,Danielle,Jones,morganfarrell@example.org,Australia,2026-07-02
2111,Cameron,Townsend,tammy17@example.com,Canada,2024-01-02
2112,Katie,Chan,edixon@example.net,Canada,2025-06-25
2113,Kristen,Kelly,gomezpaul@example.org,Canada,2025-04-10
2114,John,Smith,gayfrancis@example.com,UK,2024-02-13
2115,Lisa,Nichols,writter@example.net,USA,2024-09-10
2116,Matthew,Price,ggarcia@example.com,Canada,2024-04-10
2117,James,Walsh,cherryjulie@example.net,Canada,2026-06-10
2118,Kimberly,Grant,phughes@example.com,USA,2024-03-27
2119,Bobby,Chavez,duncanandre@example.net,Canada,2026-06-10
2120,Deborah,Perry,montesmichelle@example.org,UK,2024-01-15
2121,Cody,Meyer,watkinsthomas@example.net,UK,2026-08-17
2122,Jessica,Peterson,hartmandanielle@example.org,USA,2024-07-29
2123,Lynn,Carter,brownkevin@example.org,Australia,2025-09-22
2124,Lisa,Kidd,matthew61@example.net,Canada,2024-09-23
2125,Tyrone,Rodgers,sjohnson@example.com,Australia,2024-03-11
2126,Christopher,Taylor,coxcody@example.com,USA,2025-12-10
2127,Lucas,Martinez,brandimiller@example.org,USA,2024-06-20
2128,Mckenzie,Pierce,cainana@example.net,Canada,2026-04-01
2129,Amy,Escobar,craig60@example.com,UK,2026-05-25
2130,Robert,Barrett,joyce21@example.org,Canada,2026-06-27
2131,Brianna,Rodriguez,zwilliams@example.com,Canada,2024-11-08
2132,Daniel,Moore,christopherjackson@example.net,Canada,2026-05-24
2133,Jackie,Garcia,ruizjessica@example.org,USA,2024-02-23
2134,Susan,Shields,veronicasmith@example.net,USA,2026-04-07
2135,Barbara,Blair,travisyoung@example.com,USA,2024-04-09
2136,Elizabeth,Lee,max69@example.com,UK,2026-05-16
2137,Keith,Wright,mannjonathan@example.net,Canada,2025-02-17
2138,Tiffany,Sullivan,julievazquez@example.net,USA,2024-03-11
2139,Danielle,Wilson,davidwilliams@example.org,Canada,2025-11-15
2140,Jessica,Sutton,tammyhill@example.org,UK,2025-05-12
2141,Denise,Love,gutierrezmatthew@example.com,UK,2024-01-27
2142,Jennifer,Floyd,mark66@example.net,,2025-03-12
2143,Joshua,Alvarado,jamiegomez@example.net,canada,2026-03-19
2144,Eileen,Burns,samuel40@example.com,,2025-01-11
2145,Bryan,Small,goodmanalice@example.org,USA,2024-11-17
2146,Nicole,Taylor,gregory07@example.net,UK,2023-11-01
2147,Shawn,Turner,shannonbarker@example.com,USA,2026-02-27
2148,Tabitha,Nelson,iwalker@example.org,Canada,2025-12-24
2149,Deanna,Cruz,danielgriffith@example.net,USA,2024-05-27
2150,Corey,Atkins,julie01@example.net,UK,2026-07-06
2151,Daniel,Roach,lisa89@example.net,canada,2026-01-13
2152,Alyssa,White,amadden@example.org,Canada,2026-07-07
2153,Mark,Norris,abradley@example.com,USA,2024-03-20
2154,Daniel,Torres,zking@example.com,UK,2025-05-25
2155,Courtney,Santiago,cody79@example.org,Canada,2026-04-23
2156,Mark,Hodge,thomas38@example.com,Canada,2025-02-12
2157,Ryan,Hart,garciapaula@example.org,canada,2024-11-14
2158,Bradley,Mcdonald,garciaveronica@example.net,canada,2024-12-17
2159,Derek,Rojas,nathanjohnson@example.org,USA,2026-05-24
2160,Robert,Esparza,forozco@example.com,USA,2026-05-30
2161,Cheryl,Davis,kylie83@example.org,USA,2025-01-24
2162,Joshua,Jackson,howetracy@example.org,USA,2026-01-10
2163,Paige,Garcia,sandyramirez@example.com,Canada,2025-09-23
2164,Sarah,Mullins,anthonydavis@example.net,UK,2025-05-09
2165,Elizabeth,Lee,jimwilliams@example.org,USA,2024-03-23
2166,Jason,Anderson,cbrown@example.org,Australia,2025-06-30
2167,Anthony,Swanson,michaelsherman@example.com,USA,2026-02-21
2168,Ryan,Watts,thomassmith@example.com,Canada,2023-09-29
2169,Gregory,Cameron,wrodriguez@example.org,USA,2024-04-10
2170,Eric,Rodriguez,hollymartin@example.net,Canada,2025-03-14
2171,Angela,Byrd,olivia29@example.net,USA,2025-08-14
2172,Jason,Cole,cherylnorton@example.com,Canada,2024-08-02
2173,Catherine,Howe,gonzalezkenneth@example.net,Canada,2025-01-12
2174,Christopher,Perkins,rachelhall@example.net,UK,2025-03-28
2175,Mercedes,Castro,lblankenship@example.net,Canada,2025-11-07
2176,Derek,Holmes,laurenallen@example.org,UK,2025-03-01
2177,Catherine,Wilkerson,ambermiller@example.net,Canada,2025-04-02
2178,Jordan,Rivera,mariawilliams@example.com,USA,2026-03-10
2179,Jamie,Pratt,hollydavis@example.org,USA,2025-07-06
2180,Charles,Le,rojasmarc@example.org,USA,2025-09-06
2181,Victoria,Morgan,cannonkimberly@example.net,Canada,2025-09-17
2182,Michelle,Sharp,morriskatherine@example.net,Canada,2025-05-25
2183,Christopher,Lee,gonzalespatricia@example.net,Canada,2024-10-02
2184,Kristin,Goodman,ballvanessa@example.com,Canada,2024-10-10
2185,Darius,Rocha,karen42@example.org,USA,2025-04-11
2186,Dylan,Barnett,hmitchell@example.org,Australia,2024-02-03
2187,Madison,Roberts,edwardstaylor@example.net,UK,2024-12-10
2188,Anthony,Greene,stanleynina@example.com,USA,2024-09-03
2189,Matthew,Ward,alyssa66@example.net,USA,2024-01-03
2190,Robert,Salinas,vickiwood@example.org,USA,2024-09-26
2191,Lorraine,Glover,jblair@example.net,Canada,2023-10-04
2192,Terry,Russell,robertchase@example.net,UK,2025-01-07
2193,Michael,Lutz,davidbrown@example.org,USA,2026-06-04
2194,Michelle,King,zamorarose@example.net,USA,2023-08-27
2195,Connie,Green,amywells@example.org,Canada,2025-03-09
2196,Nicholas,Gallagher,rossjohn@example.net,Canada,2023-11-01
2197,Heather,Montgomery,jessica89@example.net,USA,2025-08-24
2198,Jessica,Russell,andrewsuarez@example.net,UK,2024-01-12
2199,Jennifer,Kirk,tlewis@example.com,USA,2023-11-20
2200,Morgan,Short,sonia62@example.com,Canada,2026-06-23
2201,Nathaniel,Roberts,lopezkristina@example.net,Australia,2025-08-31
2202,Matthew,Vega,james01@example.com,Canada,2024-10-08
2203,Robert,Ramirez,william88@example.org,Canada,2025-12-15
2204,Jessica,Richardson,mariahill@example.net,Canada,2026-07-22
2205,Steven,Decker,nunezmatthew@example.com,USA,2025-09-12
2206,Brian,Farrell,jamesrobinson@example.com,UK,2024-03-21
2207,Alicia,Matthews,fosterjeffrey@example.org,Canada,2026-01-21
2208,Christopher,Dawson,ufox@example.org,UK,2025-04-09
2209,Catherine,Gonzalez,mccoyjames@example.org,Canada,2024-01-16
2210,Dawn,Key,khanmelissa@example.net,UK,2023-11-14
2211,Christopher,Brady,uchang@example.com,USA,2023-12-04
2212,Susan,Garrison,smithjack@example.org,UK,2026-08-19
2213,Anthony,Rodriguez,irodriguez@example.net,Canada,2025-03-18
2214,Alexander,Barker,thomas74@example.net,Australia,2024-06-27
2215,Tiffany,Wilson,nrangel@example.net,USA,2024-04-12
2216,Micheal,Conner,normajones@example.net,Canada,2023-11-07
2217,David,Fox,daniel43@example.org,UK,2024-10-30
2218,Thomas,Massey,katherinerussell@example.org,Canada,2026-01-31
2219,Eric,Lewis,charleshayes@example.com,UK,2024-08-26
2220,Chase,Scott,dominguezmeredith@example.com,Canada,2024-01-11
2221,Amanda,Shepard,gallegoscrystal@example.com,USA,2024-05-08
2222,Selena,Patterson,stonecody@example.net,USA,2024-01-10
2223,Kimberly,Smith,acevedonancy@example.org,Canada,2025-03-14
2224,James,Myers,meyerskathryn@example.com,Canada,2024-02-06
2225,Stanley,Flores,corythompson@example.org,Canada,2024-05-26
2226,Matthew,Williams,lhicks@example.com,USA,2025-05-09
2227,Todd,Boone,phines@example.org,Canada,2025-07-02
2228,Tracey,Guerra,kara01@example.org,USA,2024-07-20
2229,Angela,Leon,vdeleon@example.com,Canada,2024-05-08
2230,Michelle,Durham,ricklewis@example.net,Canada,2024-10-05
2231,Jennifer,Brown,shannon09@example.org,USA,2025-02-28
2232,Victoria,Carpenter,prattjustin@example.org,Canada,2026-06-11
2233,Jennifer,Chavez,brandi26@example.net,UK,2025-10-03
2234,Cindy,Garrett,qkane@example.com,UK,2026-02-16
2235,Darlene,Malone,hdavis@example.com,USA,2024-01-28
2236,Kristen,Riley,dylancunningham@example.com,USA,2023-09-14
2237,Vincent,Collins,stephaniezamora@example.org,UK,2024-03-11
2238,Kimberly,Weiss,kimberly66@example.net,canada,2025-04-26
2239,Sharon,Russell,branchthomas@example.com,Canada,2025-07-23
2240,Stephen,Butler,maygordon@example.org,Canada,2024-07-26
2241,Sherry,Ramsey,markbates@example.com,USA,2025-08-03
2242,Rachel,Meyer,hufftina@example.org,Canada,2026-05-01
2243,Susan,Clay,jarvisrachel@example.net,USA,2025-06-20
2244,Matthew,Dunn,richardhines@example.net,Australia,2025-09-01
2245,Ryan,Adams,wberry@example.com,UK,2025-07-12
2246,Sandra,Robinson,gstokes@example.net,USA,2026-02-17
2247,Nicole,Miranda,ashley14@example.org,Canada,2025-12-20
2248,Raymond,Hernandez,melissa40@example.org,UK,2026-02-19
2249,Frank,Goodwin,smithmelissa@example.com,USA,2025-06-10
2250,Rebecca,Price,wilsontina@example.com,Canada,2025-02-24
2251,Charles,Barnett,madison00@example.org,Canada,2024-10-06
2252,Brian,Wong,cartercatherine@example.net,UK,2024-08-08
2253,Shawn,Ayala,monicaavery@example.net,USA,2024-11-14
2254,Douglas,Blair,dananelson@example.com,UK,2024-12-16
2255,Carol,Myers,kleinshane@example.org,UK,2025-10-25
2256,Kathryn,Jenkins,caitlyncooper@example.net,USA,2026-01-13
2257,Julie,Vasquez,dlivingston@example.org,USA,2025-05-02
2258,Sarah,Jones,andrew88@example.com,Canada,2023-11-03
2259,James,Harris,christopheranderson@example.com,Canada,2024-09-17
2260,Sarah,Harris,irodriguez@example.org,Canada,2025-01-11
2261,Jamie,Ferrell,erikamiller@example.org,USA,2023-08-22
2262,Daniel,Christensen,mandypetty@example.com,USA,2024-01-14
2263,Tyler,Berry,nicholas33@example.com,UK,2023-11-11
2264,Elizabeth,Phillips,brittany29@example.com,Canada,2023-10-13
2265,Michelle,Carter,dudleycody@example.com,USA,2024-06-29
2266,Brian,Hayes,marilyn67@example.net,USA,2023-12-18
2267,Donald,Ford,kcontreras@example.org,USA,2023-11-12
2268,Mary,Fowler,lshannon@example.net,USA,2026-02-13
2269,Curtis,Lee,ijackson@example.com,Canada,2025-11-04
2270,Travis,Simon,bhall@example.org,USA,2026-04-06
2271,Amber,Mcdowell,amyferrell@example.com,Canada,2023-09-22
2272,Jeremy,Christensen,vasquezjacqueline@example.net,,2025-10-18
2273,Roy,Becker,chavezisabel@example.com,USA,2026-03-22
2274,Tyler,Mccullough,michellesmith@example.org,USA,2024-10-07
2275,Douglas,Hopkins,henrysoto@example.com,Australia,2025-08-29
2276,Christopher,Long,alexis58@example.com,USA,2026-06-14
2277,Gloria,Sullivan,jessicamills@example.org,USA,2023-11-09
2278,Ashley,Murphy,wnovak@example.net,USA,2026-07-03
2279,Angela,Ferguson,joe99@example.net,USA,2024-07-03
2280,Amy,Smith,davidsellers@example.com,Canada,2026-01-13
2281,Stephanie,Holt,eileendaniels@example.net,Canada,2025-06-07
2282,Heather,Romero,deborah49@example.com,Canada,2026-03-06
2283,Chelsea,Spencer,hollandjustin@example.com,USA,2025-07-08
2284,William,Rivers,dominguezscott@example.com,Canada,2026-05-30
2285,Joe,Stephens,mmyers@example.net,Canada,2025-12-11
2286,Diane,Johnson,xhill@example.org,Canada,2026-07-13
2287,Bryan,Burton,isimpson@example.com,Australia,2024-10-16
2288,Edward,Hanson,twagner@example.org,Canada,2026-02-24
2289,David,Black,troybrady@example.net,USA,2025-03-27
2290,Erin,Smith,faithsparks@example.com,Canada,2023-10-17
2291,Joseph,Johnson,karla66@example.net,USA,2025-07-01
2292,Gina,Carroll,nunezgary@example.net,Canada,2024-03-01
2293,Julie,Phelps,john86@example.com,Canada,2025-06-02
2294,James,Gomez,jacob32@example.net,USA,2025-03-27
2295,Barbara,Adams,ogreer@example.org,Canada,2025-04-11
2296,Rachel,Armstrong,petersonfrank@example.org,Canada,2025-09-10
2297,Sabrina,Lopez,jennifer72@example.com,Canada,2024-10-21
2298,Tanya,Jackson,mirandawalker@example.net,Canada,2025-06-18
2299,Glenda,Garcia,castropeter@example.com,Canada,2023-09-19
2300,Debbie,Stone,jherring@example.com,Canada,2023-09-08
2301,Luke,Freeman,mallory30@example.org,UK,2024-07-23
2302,Cindy,Rich,housedaniel@example.com,USA,2025-06-08
2303,Fred,Gonzalez,brandi40@example.org,USA,2026-02-26
2304,Jason,Parker,kelly15@example.com,Canada,2024-03-30
2305,Jay,Thompson,lisaalvarez@example.net,Australia,2023-12-06
2306,Lauren,West,brandon94@example.org,Canada,2025-09-24
2307,Dawn,Rodriguez,johnsonmichael@example.com,Canada,2024-10-14
2308,Allison,Bright,mhoffman@example.net,USA,2026-02-22
2309,Katherine,Smith,david88@example.net,Canada,2026-03-17
2310,Michael,Martin,savannahgrant@example.com,Canada,2024-11-20
2311,Stephanie,Shields,csparks@example.net,USA,2024-12-18
2312,Kenneth,Jackson,gmccarthy@example.com,UK,2026-08-03
2313,Patricia,Ramirez,jessica65@example.com,USA,2026-01-01
2314,Mckenzie,Roberts,kevinmendez@example.org,USA,2026-07-17
2315,Lisa,Patterson,anthony00@example.org,Australia,2024-02-08
2316,Kurt,Fowler,charlesyoung@example.net,Canada,2026-04-09
2317,Nicole,Wilcox,miranda13@example.org,Canada,2024-08-11
2318,Timothy,Boyd,lpeters@example.net,Canada,2023-12-10
2319,Kevin,Rosales,ncruz@example.net,Canada,2025-02-09
2320,Victor,Jefferson,rodneynolan@example.com,Canada,2025-10-18
2321,Kelly,Gutierrez,andersonmeghan@example.net,UK,2025-10-01
2322,Samantha,Roberts,foxlinda@example.org,USA,2025-10-05
2323,Lindsey,Rodriguez,jamesbrown@example.org,USA,2025-06-16
2324,Natasha,Brewer,claire06@example.net,Canada,2023-08-30
2325,Christopher,Sanchez,tracy38@example.com,UK,2024-09-03
2326,Amanda,Wang,fstone@example.net,Australia,2025-01-02
2327,Kristin,Yoder,qmarshall@example.net,UK,2026-07-23
2328,Anna,Baker,nicholashuffman@example.org,Canada,2024-08-12
2329,Christine,Dixon,qreyes@example.net,USA,2024-05-12
2330,Curtis,Brown,jenniferhorne@example.net,Canada,2025-01-16
2331,Bryan,Mcdaniel,scottlove@example.org,Canada,2026-06-01
2332,Diana,Levy,nguyengerald@example.net,Canada,2026-07-03
2333,Renee,Lewis,gkeith@example.net,USA,2024-12-02
2334,Mark,Nash,bowmanjoel@example.net,USA,2024-01-26
2335,Peggy,Nguyen,jacqueline39@example.net,Canada,2024-03-31
2336,Angela,Parker,umartinez@example.net,Canada,2025-01-10
2337,Julia,Snyder,lindseyroberts@example.org,USA,2025-05-08
2338,Jose,King,ucarr@example.org,Canada,2024-03-06
2339,Sean,Summers,ksmith@example.org,Canada,2024-12-16
2340,Fernando,Rivera,fwolf@example.net,Canada,2023-12-23
2341,Tracy,Woodard,devon88@example.org,USA,2024-01-12
2342,Anthony,Leonard,taylormichael@example.net,Canada,2026-01-04
2343,Michelle,Kelley,benjaminwilliams@example.net,Canada,2025-02-07
2344,Lisa,Parks,gstone@example.net,Canada,2024-12-14
2345,Frances,Steele,elizabeth52@example.org,Australia,2025-07-20
2346,Preston,Brown,harrisjoshua@example.com,USA,2024-05-06
2347,Paul,Miller,daniel15@example.org,USA,2026-07-02
2348,Monica,Duncan,johnsonedward@example.net,Canada,2024-02-21
2349,Sara,Mcmahon,elizabeth14@example.org,USA,2025-01-26
2350,Desiree,Moss,brianmorrow@example.org,Canada,2025-05-14
2351,Victoria,Miller,hdavis@example.org,USA,2024-10-31
2352,Cynthia,Dennis,clarkdavid@example.net,UK,2026-05-30
2353,Susan,Ortiz,brianobrien@example.net,USA,2025-08-29
2354,Darren,Reyes,andersonhenry@example.org,UK,2025-06-28
2355,Anthony,Taylor,dorothy87@example.org,USA,2024-03-25
2356,Cindy,Blair,carterjames@example.com,Canada,2024-08-25
2357,Amanda,Guerrero,qcurtis@example.com,UK,2025-12-20
2358,Dale,Duran,gregory14@example.org,Canada,2026-01-03
2359,Felicia,Garrett,sandraheath@example.net,USA,2025-08-19
2360,Tina,Hernandez,nicholas09@example.org,Canada,2025-09-27
2361,Michael,Ponce,efranco@example.net,Canada,2025-11-05
2362,Aaron,Galvan,david97@example.org,Canada,2025-12-19
2363,Jeremy,Chavez,joshuacoleman@example.com,Canada,2025-04-15
2364,Amber,Hughes,jasonjohnson@example.org,USA,2026-04-21
2365,Kimberly,Johnson,bconrad@example.org,USA,2024-09-21
2366,Fernando,Hall,kramirez@example.net,Canada,2025-06-30
2367,Scott,Griffith,reynoldsmichelle@example.org,Canada,2024-11-15
2368,David,Heath,petersonjose@example.org,USA,2026-02-14
2369,Gabrielle,May,jacquelinedelacruz@example.org,Canada,2024-05-21
2370,David,Jensen,kfrye@example.net,USA,2024-12-28
2371,Rodney,Buchanan,woodbrittany@example.com,USA,2024-10-02
2372,Ronald,Thompson,johnskinner@example.org,UK,2026-02-24
2373,John,Hamilton,williamsbrian@example.org,USA,2026-01-11
2374,Willie,Williams,shafferjill@example.com,Canada,2025-04-20
2375,Craig,Ross,burnsrodney@example.org,USA,2025-04-09
2376,Zachary,Burnett,seth29@example.org,Canada,2026-03-30
2377,Daniel,Cooper,fordjames@example.org,Canada,2024-11-11
2378,Cristian,Brown,martinnovak@example.com,USA,2024-09-20
2379,Alyssa,Hill,james62@example.org,Canada,2025-10-01
2380,Angel,Cunningham,michaelvillarreal@example.net,USA,2024-09-14
2381,Ronald,Jordan,tyler31@example.net,UK,2023-08-27
2382,James,Lambert,catherinemoore@example.com,UK,2026-05-28
2383,Mary,Preston,fmorrow@example.com,UK,2025-05-24
2384,Alicia,Rivas,dsmith@example.com,Canada,2024-11-05
2385,Ronald,Collins,courtney01@example.org,Canada,2023-10-16
2386,Brianna,Estrada,sloanbenjamin@example.net,USA,2025-08-08
2387,Brenda,Stephens,hooveranna@example.net,Canada,2026-03-19
2388,Crystal,Adams,edwardselizabeth@example.net,USA,2023-11-02
2389,Kristen,Williams,mortonkenneth@example.net,USA,2026-02-07
2390,Sarah,Foster,pfowler@example.org,USA,2024-03-26
2391,Brittany,Jennings,jreyes@example.net,Canada,2024-07-07
2392,Robert,Reyes,hernandeztodd@example.org,Canada,2025-02-03
2393,Ashley,Wright,kathleenkim@example.org,Canada,2025-11-06
2394,Tammy,Santiago,brandi19@example.com,Canada,2026-01-22
2395,Carl,Carson,frederick62@example.org,UK,2024-04-12
2396,Brent,Murray,danieljenkins@example.org,Canada,2025-08-15
2397,Donna,Mccoy,cody81@example.org,Canada,2024-09-29
2398,Jacqueline,Gilbert,hlester@example.org,Canada,2026-07-26
2399,Sydney,Simon,sarah80@example.org,USA,2026-07-20
2400,Sarah,Shannon,amanda21@example.com,USA,2026-06-24
2401,Nicole,Boyd,ashleyalexander@example.net,Canada,2024-10-04
2402,Sarah,Ryan,cainjordan@example.org,Canada,2024-11-22
2403,Luke,Estrada,meganjames@example.org,Canada,2024-07-15
2404,Richard,Duran,villawilliam@example.com,Canada,2025-08-30
2405,Brittany,Moody,gcastro@example.org,USA,2025-01-10
2406,Karen,Lane,dbeck@example.com,USA,2023-10-08
2407,Michael,Reeves,rebecca19@example.com,Canada,2023-12-23
2408,Ronald,Snyder,gregorymitchell@example.net,Canada,2025-04-19
2409,Jeffrey,Sharp,daniel79@example.net,Australia,2025-08-25
2410,Raymond,Carter,dyersara@example.net,USA,2025-07-23
2411,Mary,Bennett,jenniferwalls@example.com,USA,2023-09-19
2412,Shawn,Edwards,wallaceeric@example.com,Canada,2023-12-12
2413,Douglas,Zavala,bethany36@example.com,USA,2025-04-07
2414,David,Shaw,josephross@example.net,Canada,2025-02-21
2415,Christina,Beard,tracifoster@example.org,USA,2026-08-11
2416,Karen,Wallace,colemancindy@example.org,Australia,2023-11-27
2417,Charles,Lutz,williskatherine@example.net,Canada,2024-05-20
2418,Donna,Benitez,yolandamarks@example.net,Canada,2024-11-10
2419,Jesse,Alvarez,vkline@example.org,Canada,2026-08-01
2420,Bradley,Scott,moraleskimberly@example.net,Canada,2023-09-15
2421,Gabriel,Knox,karen72@example.com,Canada,2024-01-05
2422,Connor,Stewart,marksheidi@example.com,Canada,2023-09-21
2423,Ashley,Morales,harrisonjoy@example.net,USA,2023-11-01
2424,Zachary,Graves,paynestephanie@example.net,USA,2023-08-25
2425,Richard,Whitaker,collinmiller@example.com,Canada,2024-11-17
2426,Melanie,Garcia,marydean@example.com,UK,2025-07-08
2427,Stacey,Gardner,hollyperkins@example.net,Canada,2025-06-29
2428,Scott,Conrad,sbradley@example.org,Australia,2024-08-14
2429,Brianna,Werner,rodriguezchristina@example.net,Canada,2025-06-08
2430,Henry,Kirk,pvang@example.net,UK,2026-06-04
2431,Pamela,Williams,joneschristian@example.net,USA,2025-10-28
2432,Jeremy,Carlson,uclark@example.org,UK,2024-11-14
2433,Jenna,Martinez,mark90@example.com,Australia,2025-02-04
2434,Brandon,Wheeler,lindsay48@example.net,Canada,2024-05-22
2435,Brandon,Knapp,rfleming@example.net,Australia,2026-03-23
2436,Christina,Reynolds,ywilliams@example.com,Canada,2024-06-04
2437,Alexis,Gibbs,leroy57@example.com,Canada,2024-08-28
2438,Patricia,Duncan,kayla33@example.net,Canada,2026-01-20
2439,Anthony,Anderson,jonathan66@example.org,USA,2026-03-15
2440,Jack,Barnes,brian65@example.net,Canada,2025-06-18
2441,Jeremy,Brown,lmartin@example.org,USA,2024-02-29
2442,Kelly,Richmond,epatterson@example.net,USA,2025-08-10
2443,Lance,Taylor,christina60@example.org,USA,2023-11-16
2444,Juan,Lucero,watsonteresa@example.net,UK,2026-01-31
2445,John,Robles,aholder@example.net,Canada,2023-09-07
2446,Thomas,Black,folson@example.net,Canada,2024-01-09
2447,Nancy,Thompson,scott04@example.com,Canada,2024-01-16
2448,Jennifer,Sparks,daniellecoleman@example.org,Canada,2025-10-30
2449,Samantha,Brown,jeremy75@example.org,Canada,2024-12-05
2450,Heather,Blair,murraymichael@example.net,Canada,2024-02-23
2451,Tonya,Gould,kylemartinez@example.net,Canada,2025-09-21
2452,Jesse,Nguyen,michael40@example.org,Australia,2025-08-31
2453,Ruben,Torres,justin75@example.net,USA,2024-01-28
2454,James,Beard,taylorjames@example.net,Canada,2026-08-05
2455,Justin,Medina,nfleming@example.net,USA,2026-01-31
2456,Christopher,Gonzales,pduran@example.net,,2024-07-08
2457,Darlene,Newton,mjackson@example.net,Canada,2025-04-03
2458,Gina,Weiss,agomez@example.net,USA,2025-04-08
2459,Laurie,Jones,crivers@example.com,USA,2024-08-16
2460,Cynthia,Johnson,markgardner@example.org,Canada,2024-06-09
2461,Patricia,Rivera,nicolesmith@example.net,Australia,2026-01-01
2462,Joy,Robertson,galexander@example.com,UK,2025-03-07
2463,Carl,Coleman,joshuaking@example.net,USA,2026-07-04
2464,Jose,Simmons,lorikoch@example.net,USA,2023-11-02
2465,Carrie,Robinson,smithgina@example.net,USA,2025-08-24
2466,John,Larson,amandahorne@example.net,Canada,2025-08-15
2467,Morgan,Moss,hmcneil@example.net,Canada,2025-12-19
2468,Nicole,Duran,torrestricia@example.com,Canada,2025-05-17
2469,Dean,Mendoza,mary24@example.com,USA,2024-05-02
2470,Lisa,Hensley,lpage@example.com,USA,2024-01-13
2471,James,Hawkins,brittanymartin@example.org,Canada,2024-05-09
2472,Laura,Hernandez,gallowaydonna@example.com,Australia,2023-09-23
2473,Samantha,Moore,tonyaholmes@example.net,UK,2026-05-30
2474,Jennifer,Hawkins,garymartinez@example.org,USA,2023-09-07
2475,Jerry,Small,brownalexa@example.com,USA,2024-12-09
2476,Danny,Kent,hespinoza@example.org,UK,2025-04-13
2477,Lisa,Lopez,srobles@example.org,Canada,2026-05-23
2478,Joe,Tran,debra19@example.net,,2025-11-26
2479,Kristi,Hill,jamesparker@example.net,Canada,2024-08-02
2480,Erica,Davis,gonzalezkendra@example.org,USA,2025-01-03
2481,Karen,Moon,woodlisa@example.com,Canada,2026-06-30
2482,Brianna,Kim,riverarebecca@example.org,UK,2024-12-11
2483,Teresa,Barnett,eadams@example.org,Australia,2026-05-09
2484,Phillip,Watson,fletcherjanet@example.org,Canada,2026-08-07
2485,Aaron,Griffin,craig99@example.com,USA,2025-12-15
2486,Terrance,Mills,richardsonanna@example.org,Australia,2024-12-05
2487,Amy,Phillips,nicholasswanson@example.net,USA,2025-07-03
2488,Erik,Lawson,riceamber@example.net,UK,2025-04-21
2489,Rachael,Knight,rrice@example.net,USA,2025-07-24
2490,Kimberly,Jones,watsonbrittany@example.org,Canada,2024-09-22
2491,Megan,Hudson,mjohnson@example.org,Canada,2024-01-07
2492,Sherry,Anderson,shawn89@example.net,Canada,2026-02-17
2493,Jacob,Smith,tranadam@example.net,USA,2024-09-28
2494,Donald,Jones,gward@example.com,Canada,2026-07-21
2495,David,Tucker,janice27@example.com,USA,2024-10-17
2496,Jackson,Jones,juanfranklin@example.net,USA,2024-11-05
2497,Devin,Adams,donaldhahn@example.com,USA,2025-03-05
2498,Charles,Brown,jennifer54@example.org,UK,2023-12-15
2499,Angela,Becker,todd05@example.com,Australia,2025-12-23
2500,David,Kirk,davidkane@example.com,Canada,2026-02-17
2501,Jennifer,Smith,brownreginald@example.net,UK,2026-05-02
2502,Robert,Sampson,ijackson@example.com,USA,2026-03-07
2503,Theodore,Thompson,samanthacarr@example.net,USA,2026-04-18
2504,Joshua,Brown,hmeyer@example.org,Australia,2024-02-14
2505,Jose,Chavez,taylorrobert@example.com,Canada,2026-06-18
2506,Amy,Velazquez,adam10@example.com,Canada,2026-06-20
2507,Darlene,Mullins,davisautumn@example.org,UK,2025-06-21
2508,Megan,Blackwell,zavaladiane@example.com,Canada,2024-03-12
2509,Christopher,Beard,jeremy70@example.net,UK,2024-01-18
2510,Bradley,Ford,rwheeler@example.org,UK,2023-08-27
2511,Timothy,Escobar,wileyaudrey@example.com,Canada,2025-04-28
2512,Mark,Carter,laurenboyd@example.com,UK,2025-06-02
2513,Ashley,Grimes,mcooper@example.com,Canada,2024-06-22
2514,Thomas,Wilson,chunglaura@example.net,,2026-06-01
2515,Tiffany,Harris,lisa13@example.net,USA,2025-12-16
2516,Austin,Cook,michaelhoffman@example.net,Australia,2024-11-05
2517,Gabrielle,Jones,jason57@example.com,Canada,2025-03-18
2518,Nicole,Allen,robertbrown@example.com,USA,2026-07-29
2519,Ryan,Mcgee,jlee@example.org,USA,2026-08-10
2520,Wendy,Macdonald,amyponce@example.com,USA,2026-01-15
2521,Patrick,Jarvis,richard28@example.org,USA,2024-08-18
2522,Brian,Velasquez,janet65@example.com,Canada,2025-07-01
2523,Michael,Diaz,kmoore@example.org,Canada,2025-10-29
2524,Alec,Johnson,rachel51@example.org,Canada,2025-02-12
2525,Holly,Cross,prestoncory@example.org,UK,2026-08-18
2526,Steven,Romero,rdavis@example.org,Canada,2024-01-24
2527,Linda,Padilla,dfleming@example.net,Canada,2025-09-30
2528,Gary,Johnson,samantha54@example.net,Australia,2026-06-17
2529,Felicia,Bolton,estradaian@example.com,Canada,2025-12-29
2530,Rachel,Howard,smithmichelle@example.net,Australia,2026-05-25
2531,Christian,Rodriguez,michellearias@example.com,USA,2026-07-16
2532,Diana,Parks,scott95@example.org,UK,2024-12-14
2533,Bradley,Davenport,hubbardjanet@example.org,Canada,2025-01-11
2534,Andrea,Galvan,dawn31@example.org,Canada,2023-09-01
2535,Philip,Bernard,taramejia@example.org,USA,2024-03-31
2536,Phyllis,Wilson,michael03@example.com,UK,2023-10-10
2537,Cheryl,Compton,caleb84@example.net,USA,2025-06-24
2538,Clayton,Walker,nicole92@example.net,Canada,2024-09-18
2539,Kathleen,Sanchez,gina52@example.org,USA,2024-09-21
2540,Chad,Brown,khudson@example.org,USA,2025-07-27
2541,Raymond,Patterson,jonespaul@example.com,USA,2025-01-26
2542,Bradley,Dominguez,wendymason@example.net,USA,2025-09-05
2543,Jennifer,Huber,ashleyroberts@example.net,UK,2025-09-25
2544,Valerie,Atkins,smithtravis@example.com,USA,2025-11-30
2545,Meghan,Cook,robinsoncynthia@example.org,Canada,2023-11-09
2546,Jason,Gray,david62@example.com,USA,2023-12-15
2547,Amanda,White,burtondoris@example.net,Canada,2025-09-29
2548,Edward,Mccormick,mark11@example.org,Canada,2025-11-07
2549,Anthony,Williams,ccombs@example.com,Canada,2024-05-15
2550,Dana,Haley,pdixon@example.org,Canada,2024-02-04
2551,Rebecca,Davis,ywallace@example.org,Canada,2025-06-27
2552,Adam,Kemp,susan75@example.net,Canada,2025-04-22
2553,Tina,Hayes,christopherwatkins@example.net,UK,2025-12-14
2554,Larry,Foster,stephanieallen@example.net,Australia,2026-01-19
2555,Harold,Smith,stephengomez@example.org,Canada,2023-11-15
2556,Steven,Ford,nealdavid@example.com,Australia,2023-12-25
2557,Laurie,Wilkinson,jenniferpierce@example.org,USA,2024-03-16
2558,Jackie,Jackson,carlosmeadows@example.net,Canada,2025-12-30
2559,Alexa,Browning,parksariana@example.com,Canada,2023-12-16
2560,Daniel,Kim,martin81@example.net,USA,2025-05-28
2561,Lawrence,Brady,sjackson@example.org,USA,2024-10-13
2562,Zachary,Fletcher,sally78@example.net,USA,2025-06-13
2563,Jason,Kelley,jfranklin@example.net,Canada,2026-05-13
2564,Timothy,Jackson,martin40@example.net,Canada,2023-12-05
2565,Willie,Jackson,dmartin@example.org,Canada,2025-04-17
2566,Christina,Herrera,derekdougherty@example.org,Canada,2024-05-24
2567,Joshua,Freeman,diana28@example.net,Canada,2023-12-20
2568,Robert,Ashley,barbara30@example.net,Canada,2024-01-07
2569,Courtney,Smith,walterstiffany@example.com,UK,2026-06-14
2570,Heather,Robinson,davidgonzales@example.com,Australia,2026-03-11
2571,David,Liu,nathanlee@example.org,Canada,2025-02-23
2572,Robert,Mercado,mking@example.org,UK,2025-09-07
2573,Mallory,Cooper,sarahgonzales@example.com,Canada,2024-09-15
2574,Rebecca,Davis,davidjones@example.org,canada,2025-08-05
2575,Vicki,Davis,harrisonnicholas@example.net,Canada,2023-10-05
2576,Shirley,Perkins,davidglover@example.com,USA,2024-05-19
2577,Tammy,Weaver,carl66@example.org,canada,2024-02-03
2578,Christopher,Melton,barnesalexis@example.org,USA,2024-09-27
2579,Angela,Richardson,zskinner@example.com,Canada,2026-07-02
2580,Natalie,Williams,jackiespears@example.org,USA,2025-05-08
2581,Linda,Cox,turnerjustin@example.com,Canada,2024-07-16
2582,Barry,Sanford,rpetty@example.com,UK,2025-06-14
2583,Jacob,Walker,tcooper@example.net,USA,2025-06-14
2584,Gary,Lopez,paulhamilton@example.org,Canada,2023-11-26
2585,Tanya,Scott,vwade@example.com,USA,2026-06-18
2586,Angela,Flores,craigrobertson@example.net,USA,2025-07-19
2587,Stephanie,Ferguson,mavery@example.net,Canada,2025-06-28
2588,Jodi,Conrad,danielleramsey@example.net,USA,2023-11-22
2589,Carolyn,Fleming,jeffrey85@example.org,Canada,2026-04-20
2590,Jennifer,Rivers,stacey25@example.net,USA,2023-10-24
2591,Amanda,Walker,stacy03@example.org,UK,2023-11-16
2592,Mary,Charles,xsullivan@example.net,UK,2024-06-09
2593,Michelle,Osborne,khendricks@example.net,USA,2024-06-11
2594,Mark,Chavez,jennifer53@example.com,USA,2026-07-16
2595,Samuel,Elliott,phillip98@example.com,Canada,2026-07-11
2596,Bryce,Clark,david25@example.com,USA,2024-09-30
2597,Amanda,Odonnell,sara94@example.net,Canada,2023-11-25
2598,Matthew,Hodges,marcuscase@example.net,USA,2024-10-12
2599,Kevin,Griffin,castanedajohn@example.com,Canada,2026-04-01
2600,Joshua,Allen,bakerpaul@example.com,Canada,2023-10-18
2601,Elizabeth,Baker,johnmerritt@example.com,USA,2026-02-01
2602,Kevin,Stewart,jason07@example.net,Canada,2024-11-16
2603,Diane,Ellis,woodwarderin@example.org,USA,2023-09-23
2604,Debbie,Simon,wbentley@example.org,Canada,2024-01-24
2605,David,Richardson,jdavis@example.com,Canada,2024-08-04
2606,Jason,Ochoa,jocelyn26@example.net,USA,2026-01-12
2607,Jordan,Richard,fwilliams@example.org,Canada,2025-07-26
2608,Frank,Wong,holtrobert@example.com,Canada,2026-04-07
2609,Lori,Walker,iford@example.net,USA,2024-12-05
2610,Evelyn,Russell,taylorrodriguez@example.org,Canada,2025-07-29
2611,Brandon,Hines,lisa78@example.org,UK,2023-09-17
2612,Sharon,Nguyen,johnsonsamantha@example.com,Canada,2026-03-17
2613,Gregory,Anderson,jacob73@example.org,Canada,2024-11-30
2614,Cassandra,Perez,hammondjeff@example.com,USA,2025-03-23
2615,Courtney,Miller,rebekahgonzalez@example.org,Canada,2024-10-09
2616,Michael,Fletcher,uthompson@example.org,Canada,2025-06-10
2617,Jacob,Barber,wbowers@example.org,Canada,2025-10-18
2618,Tammy,Bell,reneehernandez@example.org,Canada,2025-07-23
2619,Kelli,Ramos,patriciamorrison@example.org,UK,2023-08-23
2620,Michael,Wells,kimberlyperez@example.org,Canada,2024-11-27
2621,Christopher,Bell,harrisonchristopher@example.org,USA,2025-04-17
2622,Stephen,Dixon,ylawson@example.org,UK,2025-12-06
2623,Lindsay,Gallegos,patrickgarcia@example.com,Canada,2024-01-05
2624,Randy,Gomez,patriciagrant@example.net,UK,2025-07-14
2625,Ian,Davis,owade@example.com,Canada,2026-05-29
2626,Kathleen,Ferguson,kimberly73@example.com,Australia,2024-12-19
2627,Jose,Thomas,tinahaas@example.org,Canada,2026-06-30
2628,Samantha,Romero,websterkelly@example.org,USA,2024-09-04
2629,Veronica,Hodge,jenniferortega@example.net,USA,2025-07-13
2630,Jack,Navarro,richard62@example.net,Canada,2026-08-14
2631,Matthew,Watson,mcculloughjohn@example.net,USA,2026-01-04
2632,Timothy,Lindsey,wyattdanny@example.org,USA,2024-06-14
2633,Gabriela,Vasquez,careyadam@example.net,Canada,2024-08-01
2634,Melissa,Dodson,delgadomario@example.org,Canada,2026-04-21
2635,Charles,Hampton,richardbrown@example.com,USA,2025-08-18
2636,Jermaine,Clayton,ysandoval@example.org,USA,2024-07-30
2637,Joshua,Alvarez,lucas91@example.org,Australia,2026-06-13
2638,Donna,Richardson,rmadden@example.org,USA,2023-11-14
2639,Katie,Nunez,ronnie09@example.net,Australia,2023-11-30
2640,Jennifer,Vargas,brittanyhayes@example.com,USA,2024-09-17
2641,Jack,Woods,shepherdandrew@example.org,Canada,2024-12-10
2642,Eric,Smith,udavis@example.net,Canada,2023-11-28
2643,Kyle,Everett,karenjordan@example.net,USA,2024-11-06
2644,Amanda,Holland,hjohnson@example.com,USA,2024-04-14
2645,Frederick,Henry,zhall@example.net,Canada,2026-08-05
2646,Jacob,Kim,bleonard@example.com,Canada,2026-07-08
2647,Heather,Maynard,awong@example.com,Australia,2024-05-08
2648,Dana,Clark,james91@example.net,USA,2025-12-12
2649,Mark,Lopez,hunter12@example.org,Canada,2024-02-11
2650,Brenda,Bell,hamptontom@example.com,,2024-06-15
2651,Justin,Bowman,timothy00@example.org,Canada,2024-11-25
2652,Anna,Foster,amy67@example.com,Canada,2024-07-13
2653,Seth,Cole,nicole16@example.org,Canada,2024-10-17
2654,Michael,Vazquez,scottmark@example.org,Canada,2024-11-09
2655,Michael,Hale,lgonzalez@example.net,USA,2024-10-18
2656,Joseph,Simmons,sydneyalexander@example.org,Canada,2026-04-15
2657,Ariana,Howard,nwalker@example.org,UK,2025-09-21
2658,Brittney,Ball,michealrodriguez@example.net,UK,2024-02-14
2659,Robert,Clark,jimmy15@example.net,Canada,2024-07-04
2660,Alice,Horn,cheryl54@example.com,USA,2025-08-11
2661,John,Compton,nancy43@example.com,USA,2025-10-07
2662,Kristen,Conner,cheryl69@example.net,UK,2025-05-28
2663,Karen,Sanchez,joshua74@example.org,Canada,2025-05-13
2664,Joseph,Ortiz,foxerica@example.net,USA,2025-09-26
2665,George,Walker,vincent29@example.net,USA,2025-01-25
2666,Savannah,Mcneil,cory21@example.org,Canada,2026-08-19
2667,Kathleen,Griffin,vazquezdarius@example.com,Canada,2025-12-03
2668,Timothy,Turner,james65@example.com,USA,2025-01-20
2669,Brenda,Villarreal,benjaminsmith@example.com,USA,2024-06-21
2670,Ryan,Torres,hernandezcheryl@example.net,Canada,2023-10-20
2671,Anthony,Merritt,daniel13@example.net,USA,2026-03-25
2672,Mathew,Long,allison96@example.org,Canada,2024-08-18
2673,Matthew,Byrd,jmaynard@example.com,USA,2026-07-21
2674,Christian,Berry,sherylgreen@example.com,,2025-04-18
2675,Jaime,Dominguez,fhughes@example.org,UK,2024-04-22
2676,Amber,Watson,kennethwhite@example.com,Canada,2024-02-10
2677,Emily,Taylor,jamesellis@example.org,Canada,2024-06-07
2678,Jared,Rodriguez,jesse79@example.com,Canada,2025-02-24
2679,Heather,Owen,iharrington@example.org,Canada,2023-09-26
2680,Lacey,Hinton,jennifer29@example.com,USA,2024-10-13
2681,Brandi,Williams,lucasteresa@example.com,Canada,2026-04-22
2682,Caleb,Baker,turnermckenzie@example.org,UK,2024-02-08
2683,Amanda,Moody,stacey22@example.net,Canada,2025-06-20
2684,Juan,Myers,shanerogers@example.org,Canada,2024-03-27
2685,Dennis,Mcknight,albertsmith@example.com,Canada,2024-11-03
2686,Victoria,Lewis,halljeffrey@example.com,Canada,2024-11-11
2687,Scott,Gross,santiagoronald@example.com,,2024-09-25
2688,Lisa,Kim,ethomas@example.net,Canada,2025-06-20
2689,Karen,Edwards,thompsondarlene@example.org,USA,2023-10-22
2690,Shelly,Thompson,jessicahawkins@example.com,Canada,2026-02-01
2691,George,Johnson,jennifer20@example.org,USA,2025-04-05
2692,Stephen,Potts,davisjennifer@example.org,USA,2025-08-16
2693,David,Williams,brian64@example.net,Canada,2026-04-15
2694,Steven,Parsons,deckerthomas@example.net,USA,2025-09-17
2695,Manuel,Green,deanmarisa@example.org,Australia,2026-06-01
2696,Brendan,Ward,amandaknapp@example.org,USA,2026-01-02
2697,Taylor,Hernandez,whitelevi@example.org,USA,2026-01-17
2698,Brenda,Watts,ilong@example.com,canada,2025-10-11
2699,Robin,Hardy,staceywashington@example.net,USA,2024-03-14
2700,Ashley,Shepard,corymiller@example.org,USA,2023-12-30
2701,Stephen,Palmer,heidihaas@example.net,USA,2024-11-19
2702,Samantha,Mendez,gibsonbrandon@example.com,Australia,2024-07-06
2703,Barry,Soto,carmengomez@example.net,Canada,2026-07-21
2704,Christina,Benson,carlymoss@example.org,Canada,2025-02-13
2705,Gerald,Thomas,vdougherty@example.com,USA,2024-05-21
2706,Angela,White,wardkeith@example.org,UK,2023-12-23
2707,Gregory,Shelton,brittany63@example.org,Canada,2025-11-10
2708,Aaron,Ryan,jamesroberts@example.com,Canada,2024-12-19
2709,Rebecca,Smith,lromero@example.com,Canada,2023-09-03
2710,Steven,Brock,daltonchristina@example.com,Canada,2025-12-08
2711,Gabrielle,Jones,jake77@example.com,USA,2025-07-05
2712,Rebecca,Sanders,ernestrich@example.net,USA,2024-08-02
2713,Jesse,Lopez,ywells@example.org,Canada,2024-02-13
2714,Michael,Hernandez,zmiller@example.com,Canada,2025-04-07
2715,Donald,Jacobs,valdezashley@example.org,Canada,2024-02-03
2716,Justin,Jones,jrobinson@example.net,Canada,2024-08-04
2717,Katherine,Haynes,phall@example.com,USA,2025-08-23
2718,Lisa,Brewer,margaretsharp@example.net,Australia,2025-12-06
2719,Hector,Reynolds,rogersjonathon@example.net,UK,2023-09-20
2720,Elizabeth,Morgan,jamierodriguez@example.net,Canada,2025-04-02
2721,Melissa,Williams,janetmoore@example.net,UK,2023-11-21
2722,Melissa,Davis,kimberlywatson@example.com,USA,2025-03-04
2723,Rhonda,Rodriguez,amanda68@example.com,USA,2025-03-31
2724,Victoria,Evans,garciabrandi@example.net,USA,2024-08-14
2725,Angela,Brown,vanessa20@example.org,Canada,2026-01-08
2726,Gregory,Reilly,hramos@example.com,Canada,2024-05-16
2727,Lee,Murphy,slittle@example.com,Canada,2025-11-19
2728,Kimberly,Wilson,nramsey@example.com,,2025-08-12
2729,Daniel,Thomas,lstokes@example.org,Canada,2024-03-20
2730,Andre,Vaughn,mitchellcheryl@example.net,USA,2024-04-15
2731,Teresa,Campbell,kpace@example.net,USA,2026-03-27
2732,Christopher,Huffman,whernandez@example.com,USA,2025-05-27
2733,Brooke,Austin,pearsonwillie@example.org,Canada,2023-12-21
2734,Andrea,Brown,bhenderson@example.net,Australia,2025-09-14
2735,Gary,Smith,baileyjames@example.org,Australia,2025-04-04
2736,James,Foster,smithcrystal@example.com,USA,2026-01-25
2737,Joseph,Mercado,andreasmith@example.com,,2025-04-19
2738,Evan,Butler,donnacunningham@example.net,USA,2023-10-29
2739,Shannon,Ferguson,dmartin@example.com,Australia,2026-06-10
2740,Michaela,Thompson,nicolemason@example.com,Canada,2025-08-28
2741,Nicole,Harris,vrussell@example.org,Canada,2025-02-26
2742,Cynthia,Ware,dthompson@example.org,,2024-05-19
2743,Andrea,Sanford,smithcharles@example.org,Canada,2025-08-18
2744,Kylie,Harris,jenniferhernandez@example.net,Canada,2025-04-05
2745,William,Arellano,rachael79@example.net,USA,2026-03-17
2746,Allison,Nguyen,sullivanpaula@example.com,USA,2024-10-17
2747,Debra,Henderson,margaret20@example.net,USA,2026-05-03
2748,Amanda,Garcia,john19@example.org,Canada,2025-01-14
2749,Sean,Ortiz,shull@example.org,UK,2024-09-11
2750,Brittney,Riley,amberevans@example.net,USA,2025-02-17
2751,Jessica,Smith,jacquelinebennett@example.net,Canada,2026-07-01
2752,Reginald,Cruz,cherylgomez@example.org,USA,2024-01-20
2753,Shane,Parker,matthewwalker@example.com,Canada,2025-08-26
2754,Courtney,Smith,irojas@example.net,Canada,2026-03-23
2755,Andrew,Adams,nthomas@example.com,UK,2024-11-27
2756,Vanessa,Torres,zandrews@example.com,Canada,2023-09-14
2757,Adam,Casey,rparker@example.com,USA,2024-05-27
2758,Michael,Williamson,richard18@example.org,UK,2026-01-17
2759,Laurie,Boone,jenkinsjohn@example.com,USA,2025-03-12
2760,Crystal,Clark,osbornkelly@example.net,Canada,2025-03-28
2761,Joseph,Stewart,elizabethrobertson@example.com,Canada,2026-04-07
2762,Mark,Jackson,martindonald@example.com,Canada,2023-10-03
2763,Ricardo,Tran,smithamy@example.com,USA,2025-03-29
2764,Johnny,Meyer,aaronwiley@example.net,Canada,2025-04-21
2765,Nancy,Ballard,timothy88@example.org,Canada,2025-06-30
2766,Jillian,Green,tranrobert@example.org,Australia,2023-09-06
2767,Sara,West,rose00@example.org,USA,2023-10-11
2768,Michael,Myers,xgarcia@example.net,Canada,2024-09-15
2769,James,Pruitt,paul18@example.com,USA,2025-12-09
2770,James,Gonzales,ryan90@example.net,USA,2025-12-03
2771,Robin,Gaines,schmidtfernando@example.net,Canada,2026-01-18
2772,Anthony,Welch,ronaldoneal@example.org,Canada,2023-10-13
2773,Joseph,Phillips,david90@example.com,UK,2025-02-02
2774,Elizabeth,Blevins,xcardenas@example.org,USA,2024-07-16
2775,Benjamin,Thomas,darrylkent@example.net,USA,2025-06-06
2776,Monica,Taylor,ltate@example.org,Canada,2024-01-05
2777,Alan,Young,scott04@example.com,canada,2024-07-23
2778,Rachel,Torres,gail55@example.net,Canada,2024-04-22
2779,Samuel,Jackson,amandaedwards@example.com,canada,2026-02-17
2780,Tara,Roberts,jeffery29@example.org,Canada,2023-08-25
2781,John,Anderson,staceyarias@example.org,Canada,2026-06-05
2782,Kimberly,Young,cynthiaford@example.org,UK,2024-11-30
2783,Joseph,Day,christinapeters@example.net,Australia,2025-08-30
2784,Angela,Jackson,george52@example.net,USA,2026-03-20
2785,Craig,Wilson,tracy91@example.com,UK,2023-11-02
2786,Matthew,Williams,coxcarol@example.com,Canada,2024-12-25
2787,Kyle,Ruiz,danielle52@example.com,Australia,2024-12-14
2788,Allison,Paul,daniel71@example.com,Canada,2025-05-19
2789,Jacqueline,Whitney,sgonzalez@example.net,Australia,2024-03-31
2790,Mathew,Freeman,walkerdavid@example.org,Australia,2024-11-25
2791,Morgan,Jones,johnnewman@example.net,USA,2026-07-31
2792,Ronald,Johnson,lhunter@example.net,Australia,2023-11-04
2793,Laura,Castillo,sgonzalez@example.net,USA,2024-12-10
2794,Leslie,Brown,davidholt@example.com,Canada,2024-08-14
2795,Donna,House,timothyshaffer@example.net,Canada,2023-10-15
2796,William,Boyer,roger73@example.com,USA,2024-06-23
2797,Patrick,Miller,yramos@example.org,Canada,2025-06-01
2798,Raymond,Frederick,jeffrey62@example.net,USA,2025-06-14
2799,Jonathan,Bennett,vgreen@example.org,Australia,2025-06-20
2800,Barbara,Tyler,rodriguezamanda@example.net,Canada,2024-08-28
2801,Jeremy,Smith,marissasutton@example.com,USA,2024-02-17
2802,Janet,Fernandez,salvarado@example.com,UK,2024-02-24
2803,Kenneth,Hill,christine97@example.net,Australia,2024-10-01
2804,George,Bartlett,madison75@example.net,Australia,2025-10-08
2805,Michael,Meyer,kirbybrett@example.org,USA,2023-11-08
2806,Julie,Ford,wilkinskevin@example.net,Australia,2024-03-14
2807,Charlene,Heath,murraysara@example.net,USA,2025-03-23
2808,Ruth,Baker,lisa43@example.com,Canada,2025-02-15
2809,Morgan,Mills,ghendrix@example.org,USA,2024-03-08
2810,Jeff,Johnson,karen81@example.org,USA,2025-05-16
2811,Chelsea,Odom,hillsabrina@example.net,Canada,2023-09-03
2812,Lori,Rojas,marthagriffin@example.net,USA,2023-10-12
2813,Leslie,Castro,lmiddleton@example.org,USA,2024-04-20
2814,Kristina,Davis,julie80@example.net,Canada,2025-01-12
2815,Kaitlyn,Mack,james60@example.net,USA,2025-11-14
2816,David,Allen,smithsusan@example.net,USA,2024-01-06
2817,Ashley,Wells,debbieedwards@example.org,USA,2024-05-14
2818,Ronald,Berry,margaret18@example.net,Canada,2024-01-03
2819,Justin,Brown,kevinespinoza@example.org,Canada,2024-11-02
2820,Rebecca,Cantu,wharris@example.com,Canada,2024-01-22
2821,Scott,Robinson,william96@example.net,Australia,2024-05-16
2822,Michael,Lindsey,bushcourtney@example.net,Canada,2024-08-08
2823,Morgan,Potter,odavis@example.com,USA,2024-12-27
2824,John,Curtis,phoover@example.net,Canada,2025-02-06
2825,Jacob,Reed,garciakelly@example.com,Canada,2026-07-05
2826,Christina,Keller,thomaswhite@example.org,UK,2026-03-16
2827,Amy,Fisher,vortiz@example.org,USA,2024-07-10
2828,Adriana,Gray,jonathan61@example.org,Canada,2026-04-27
2829,Cindy,Horton,cynthia35@example.net,Canada,2026-04-03
2830,Cynthia,Evans,brad51@example.org,Canada,2024-03-16
2831,Ann,Smith,abaird@example.com,USA,2024-01-25
2832,Robert,Henderson,bakerjonathon@example.com,USA,2024-12-30
2833,Allison,Riley,laura09@example.com,Canada,2025-05-13
2834,Brady,Simpson,heather90@example.net,Canada,2024-02-28
2835,William,Gallagher,sheena87@example.com,Canada,2026-04-02
2836,Karen,Bell,mariahwang@example.net,UK,2025-11-19
2837,Shawn,Singleton,chavezpamela@example.org,Australia,2025-07-25
2838,Roger,Tran,mccormickkatherine@example.com,Canada,2025-12-19
2839,Kathy,Johnson,stacey98@example.net,USA,2026-05-05
2840,William,Harris,vramos@example.com,,2026-07-11
2841,Jeffrey,Young,ecampbell@example.com,Canada,2023-09-06
2842,John,Hall,jacobscindy@example.org,USA,2026-06-19
2843,Michael,Hunt,lcosta@example.net,UK,2024-01-08
2844,Dean,Baker,tarabradshaw@example.org,Australia,2025-08-09
2845,George,Kane,carrjennifer@example.com,USA,2024-12-27
2846,Dennis,Adams,carl07@example.net,Canada,2025-05-31
2847,Janet,Garcia,erikwatson@example.org,USA,2026-02-27
2848,Dawn,Brown,tklein@example.org,Canada,2026-07-03
2849,Sandra,Thomas,amy70@example.net,USA,2025-10-30
2850,Angela,Hernandez,kbird@example.com,Canada,2024-04-02
2851,Gregory,Miller,ywilkinson@example.org,USA,2024-03-12
2852,Alexis,Collier,geraldgarcia@example.net,Canada,2026-02-14
2853,Brett,Lee,gfox@example.net,Canada,2024-10-13
2854,Brent,Smith,pwest@example.org,UK,2023-10-22
2855,Sarah,Maxwell,wheelerkimberly@example.org,Canada,2024-10-23
2856,Leah,Griffith,duncanjames@example.net,USA,2025-05-22
2857,Alejandro,Marshall,anthony17@example.org,Canada,2024-01-18
2858,Stephanie,Hart,johnsonsteven@example.net,Canada,2025-01-08
2859,Jake,Osborne,fjackson@example.org,Canada,2024-04-01
2860,Lisa,Knight,pwilkerson@example.com,Canada,2025-02-15
2861,Jacob,Johnson,leslie46@example.org,UK,2026-08-20
2862,Daniel,Jackson,wellsadam@example.com,Canada,2024-07-22
2863,Richard,Lucero,mandymalone@example.com,Australia,2026-03-18
2864,Sarah,Anderson,douglas60@example.org,USA,2024-08-31
2865,Jason,Matthews,thomasjessica@example.net,Canada,2025-10-30
2866,Brandy,Torres,esalinas@example.org,USA,2024-10-06
2867,Andrew,Craig,wmay@example.com,USA,2023-12-03
2868,Sandra,Ruiz,pearsoncarrie@example.com,USA,2025-10-19
2869,Andrew,Arellano,josephcooper@example.net,Canada,2024-09-18
2870,Amber,Rodriguez,andersondaniel@example.net,Canada,2023-12-21
2871,Stephanie,Herrera,jacksonrussell@example.com,canada,2026-08-14
2872,Jacqueline,Oconnor,jscott@example.com,Australia,2026-01-05
2873,Rebekah,Palmer,dmartinez@example.com,UK,2026-08-21
2874,Rebecca,Porter,larry40@example.net,Canada,2025-11-20
2875,Samuel,Sandoval,daviladaniel@example.org,USA,2025-02-09
2876,Christine,Bradley,kimbradley@example.com,USA,2025-05-09
2877,Jessica,Rice,philliphayden@example.net,USA,2024-01-09
2878,James,Nguyen,joshuaadams@example.com,Canada,2024-06-13
2879,Shirley,Williams,davidandrews@example.net,USA,2024-11-13
2880,Joshua,Lopez,jacksonwhitney@example.org,Canada,2025-11-13
2881,Travis,Mcmillan,michellehoward@example.com,Canada,2023-08-23
2882,Jared,Robinson,smithamy@example.com,UK,2024-05-20
2883,Kelly,Klein,lchavez@example.org,Canada,2025-06-22
2884,Aaron,Meyer,martinezdavid@example.org,Canada,2023-09-16
2885,Stephanie,Jefferson,vbradley@example.net,Canada,2024-02-04
2886,Jimmy,Jennings,sarahharmon@example.net,Australia,2025-08-28
2887,Sierra,Ray,nsingh@example.org,canada,2024-10-20
2888,Amber,Quinn,amy18@example.com,Canada,2025-01-29
2889,Jonathan,Sanchez,johnsoncandice@example.net,UK,2025-03-08
2890,Gabrielle,Wright,zamorajennifer@example.org,UK,2026-07-01
2891,Christopher,Davis,floreseileen@example.net,Canada,2025-07-29
2892,Heather,Rivera,katherinemccarty@example.com,USA,2024-02-02
2893,Andrew,Fields,jonesjames@example.org,canada,2024-06-21
2894,Robert,Griffin,mharding@example.net,USA,2024-05-22
2895,Brandi,Padilla,jreynolds@example.net,Canada,2023-10-19
2896,Brian,Taylor,patrickjasmine@example.net,UK,2026-05-15
2897,Haley,Hernandez,denisepalmer@example.net,USA,2026-05-28
2898,Keith,Smith,htaylor@example.com,Canada,2025-02-20
2899,Chad,Baker,rebecca73@example.com,Canada,2025-07-20
2900,James,Collins,maxwellgibson@example.org,Canada,2024-07-09
2901,Erik,Davis,andrearivera@example.net,Canada,2023-12-27
2902,Robert,Jones,kristievillegas@example.com,USA,2025-05-01
2903,Justin,Cline,cwilson@example.org,Canada,2025-01-12
2904,Gerald,Brown,dortiz@example.org,Canada,2024-01-09
2905,John,Thomas,johnsonjennifer@example.net,USA,2026-05-12
2906,James,Strong,fjones@example.org,Canada,2023-09-23
2907,Rebecca,Potts,alexander66@example.com,Australia,2024-04-23
2908,Lisa,Vance,larry04@example.net,Canada,2024-03-03
2909,Drew,Gonzales,melissaevans@example.org,Canada,2023-12-17
2910,Christopher,Young,victor34@example.com,Canada,2026-03-05
2911,Jordan,Bailey,amiller@example.net,Canada,2024-02-23
2912,Shelby,Sherman,margaretbarnett@example.org,Canada,2024-10-27
2913,Valerie,Hicks,ypadilla@example.com,USA,2026-06-08
2914,Krista,Cisneros,joshuajones@example.net,Australia,2026-04-11
2915,Nicole,Ortiz,rdixon@example.net,Canada,2024-07-08
2916,Stuart,Miller,belindafowler@example.com,USA,2023-09-07
2917,Robert,Cantu,vincent74@example.org,USA,2024-01-06
2918,Lawrence,Nelson,kyleparker@example.com,UK,2026-04-11
2919,Karen,Kelley,hernandezmatthew@example.net,Canada,2024-12-08
2920,Johnny,Rodgers,frank49@example.org,Canada,2023-09-09
2921,Reginald,Vazquez,dawn11@example.org,Canada,2025-08-25
2922,Cheyenne,Schroeder,schmidtsteven@example.org,USA,2026-03-18
2923,Roy,Parker,erica48@example.net,UK,2026-01-21
2924,Jennifer,Rice,brenda68@example.org,Canada,2026-08-14
2925,Richard,Cline,reedcorey@example.org,Canada,2026-08-14
2926,Hunter,Martin,larry41@example.net,UK,2024-03-13
2927,Michelle,Wilson,nwilliams@example.net,UK,2026-06-29
2928,Rodney,Colon,tylergarcia@example.net,Australia,2025-07-25
2929,William,Brown,harrisbryan@example.net,USA,2024-03-30
2930,Brooke,Pierce,millerlindsey@example.org,Canada,2026-06-15
2931,Jason,Ellison,pli@example.org,USA,2025-11-21
2932,Tyler,Garcia,jgill@example.com,USA,2023-10-10
2933,Kara,Wilkerson,jhenson@example.com,Canada,2025-09-09
2934,Christina,Potter,bowenjonathan@example.net,USA,2025-08-01
2935,Megan,Fields,michelle01@example.org,USA,2024-04-03
2936,Samuel,Walker,jasminjohnson@example.org,Canada,2025-04-24
2937,Erica,Hood,ruizkimberly@example.net,USA,2025-12-02
2938,Jennifer,Mcdonald,brodriguez@example.net,USA,2025-09-16
2939,Daniel,Gilbert,davidharris@example.net,Australia,2026-04-11
2940,Brianna,Travis,timothy18@example.org,Canada,2025-02-03
2941,Mary,Williams,gcastro@example.org,Canada,2024-03-08
2942,Justin,Smith,kristen78@example.org,USA,2023-09-07
2943,Denise,Caldwell,james23@example.com,Canada,2026-07-13
2944,Francis,Holloway,yrichards@example.com,USA,2025-06-12
2945,Kathryn,Arnold,qgreen@example.com,USA,2023-09-12
2946,Lauren,Fleming,carl91@example.org,Canada,2025-05-16
2947,Toni,Huynh,christopherbrown@example.org,USA,2026-02-26
2948,Patricia,Colon,ejones@example.org,USA,2024-04-16
2949,Michael,Krause,patricia24@example.org,Canada,2025-09-30
2950,Heather,Harvey,beckyroberts@example.com,Australia,2025-02-23
2951,Jeffrey,Smith,rodgerscaroline@example.org,,2026-01-30
2952,Leslie,Perez,craigbuck@example.com,USA,2025-01-24
2953,Michael,Aguirre,zwolfe@example.net,USA,2026-01-08
2954,Jerry,Parrish,jesse81@example.org,USA,2023-08-25
2955,Andre,Wilson,rhonda64@example.org,Australia,2025-02-09
2956,Lori,Richards,hfoley@example.com,USA,2025-01-20
2957,Andrea,Flores,taylorkaylee@example.com,USA,2026-05-12
2958,Mark,Garcia,brittanyhubbard@example.com,UK,2025-02-27
2959,Matthew,Green,odickerson@example.org,Canada,2025-12-04
2960,Lisa,Murray,jessicasmith@example.com,UK,2025-12-31
2961,Ryan,Rojas,kelsey67@example.com,Canada,2024-01-23
2962,Michael,Alexander,murraybruce@example.net,Canada,2025-01-11
2963,Michael,Trujillo,pschmidt@example.org,Canada,2025-01-30
2964,Jennifer,Robinson,ostewart@example.net,Australia,2023-09-08
2965,Jacob,Ramos,pittmanwesley@example.com,UK,2025-10-03
2966,Emily,Reyes,annacook@example.com,USA,2025-09-11
2967,Richard,Hernandez,hlopez@example.com,USA,2026-08-18
2968,Shane,Patterson,alexdelgado@example.com,USA,2025-09-08
2969,Douglas,Dougherty,sherryclark@example.net,Australia,2026-07-16
2970,Richard,Butler,michaelmartinez@example.net,USA,2024-12-06
2971,William,Alvarez,russellemily@example.org,Canada,2026-01-11
2972,Zachary,Mayer,ogarza@example.org,Canada,2023-10-24
2973,Matthew,Wood,jordanreed@example.org,USA,2025-09-13
2974,Sherry,Munoz,thomaslane@example.net,USA,2023-11-21
2975,Rebecca,Carlson,qpatterson@example.org,Canada,2024-07-31
2976,Erin,Rojas,vcole@example.com,Canada,2025-02-20
2977,Nicole,Porter,max26@example.org,UK,2025-05-26
2978,Michelle,Allen,dylan27@example.org,Canada,2026-03-21
2979,Kara,Anderson,henrymccarthy@example.org,USA,2026-06-21
2980,Dylan,Garcia,huffmaria@example.net,Australia,2026-04-20
2981,Ronald,Martinez,krodriguez@example.org,Canada,2025-12-23
2982,Eric,Ware,daniel48@example.com,Canada,2025-05-15
2983,Jesse,Brooks,houstonstephanie@example.org,USA,2024-04-05
2984,Melissa,White,roachjulie@example.net,UK,2026-01-09
2985,Alexander,Shea,jack64@example.com,USA,2026-02-15
2986,Bruce,Payne,hayesnicole@example.org,Australia,2026-05-28
2987,Linda,Miller,seanosborne@example.com,Canada,2025-09-11
2988,Shelly,Carter,jasongutierrez@example.com,USA,2024-03-10
2989,Sabrina,Bennett,melissaroy@example.com,USA,2024-02-13
2990,Joshua,Wallace,ruthsmith@example.org,UK,2026-07-06
2991,Antonio,Sanders,jordan25@example.net,Canada,2025-10-28
2992,Lisa,Pierce,halejeffery@example.net,UK,2024-04-24
2993,Steven,Moore,fwhite@example.org,USA,2026-04-28
2994,David,Hughes,denise49@example.com,Canada,2023-10-26
2995,Maria,Higgins,vfoster@example.org,Canada,2024-12-31
2996,Gabriel,Newman,tiffany97@example.com,UK,2025-07-05
2997,Courtney,Brooks,gsharp@example.net,Canada,2024-12-10
2998,Lisa,Barnes,wchaney@example.com,Canada,2026-03-06
2999,Andrew,Williams,ortegasandra@example.net,Canada,2026-07-08
3000,Megan,Larson,jacobjones@example.com,UK,2025-12-20
3001,Shirley,Macias,christineramirez@example.net,USA,2025-05-10
3002,Austin,Perez,michaellee@example.org,USA,2024-02-27
3003,Susan,Sanchez,williamslisa@example.net,Canada,2026-01-20
3004,Maurice,Mcpherson,montgomeryjessica@example.com,USA,2024-06-27
3005,Laura,Vega,perezrichard@example.net,USA,2026-01-29
3006,Lindsey,Mitchell,cindyfischer@example.org,UK,2024-03-20
3007,Francis,Horn,lellison@example.com,UK,2024-01-13
3008,Lisa,Johnson,daviddecker@example.com,Canada,2025-11-23
3009,Christopher,Hobbs,wallacemathew@example.net,USA,2024-10-25
3010,Rebecca,Carr,stephaniewilson@example.org,Canada,2026-07-16
3011,Richard,Jones,xparker@example.com,USA,2024-02-13
3012,Rebecca,Cruz,danielle93@example.com,Canada,2024-08-30
3013,Valerie,Davis,henrygriffin@example.net,Canada,2024-04-29
3014,Timothy,Hall,banderson@example.com,Canada,2025-01-21
3015,Edward,Farrell,gking@example.org,USA,2025-09-28
3016,Pamela,Simmons,ostokes@example.org,Canada,2023-08-26
3017,Brittany,Keller,leslie24@example.org,USA,2024-03-18
3018,Janet,Brown,michellegomez@example.com,Canada,2023-12-03
3019,Jason,Ingram,perkinsdaniel@example.org,Canada,2025-08-21
3020,Brandon,York,dlowery@example.net,USA,2024-01-22
3021,Steven,Dickson,heather42@example.org,Canada,2026-07-20
3022,Walter,Young,courtney58@example.org,Canada,2025-05-30
3023,Jill,Costa,kelsey77@example.org,USA,2024-12-06
3024,Cynthia,Gallegos,suzannegilmore@example.org,Canada,2025-05-28
3025,Valerie,Jordan,howardchristina@example.org,Canada,2024-02-19
3026,Tanner,Daniels,susan40@example.net,Canada,2024-08-21
3027,Wesley,Mueller,mariaweaver@example.com,Australia,2025-09-26
3028,Jennifer,Woods,bkramer@example.net,USA,2025-02-28
3029,Raymond,Martinez,michaelbradshaw@example.net,USA,2026-04-06
3030,Jillian,Miller,kjackson@example.org,USA,2024-03-10
3031,Michael,Fischer,michaelflynn@example.net,Canada,2024-11-08
3032,Katherine,Zhang,ajackson@example.org,Canada,2025-05-28
3033,Johnathan,White,davissonya@example.org,USA,2024-05-17
3034,Joshua,Roberts,brookefrench@example.net,Canada,2025-09-29
3035,Robert,Jackson,awilliams@example.com,Canada,2023-08-22
3036,Samantha,Snow,mccartymichael@example.org,Canada,2024-03-11
3037,Thomas,Mitchell,smithjesse@example.org,Canada,2023-10-15
3038,Kathleen,Andrews,nathangonzalez@example.net,Australia,2024-03-03
3039,Ethan,Huff,millerbrittany@example.com,Canada,2026-03-12
3040,Heather,Barnes,huynhdouglas@example.com,USA,2025-08-13
3041,Luke,Campbell,mcleankaitlin@example.org,Canada,2025-01-22
3042,Ryan,Anderson,jeffery85@example.org,Australia,2023-09-07
3043,Mark,Ford,josephdavis@example.com,Canada,2025-08-13
3044,Meredith,Nunez,tonyamercado@example.com,Canada,2023-12-25
3045,Dawn,Sparks,justin16@example.com,USA,2024-01-19
3046,James,Garcia,joshua41@example.net,USA,2024-03-24
3047,Guy,Harrison,emills@example.com,Canada,2026-04-28
3048,Karen,Henderson,kristymunoz@example.org,Canada,2025-07-05
3049,Brady,Ramirez,elamb@example.com,Canada,2026-03-19
3050,Craig,Pierce,boltonmary@example.com,Canada,2025-07-01
3051,Anne,Thompson,blakejackson@example.net,Canada,2024-04-18
3052,Kyle,Ingram,mackgary@example.com,USA,2024-09-03
3053,Kimberly,Flynn,carmstrong@example.net,Canada,2025-12-02
3054,Alex,Howard,kendra53@example.com,Canada,2026-03-01
3055,Derrick,Hansen,campbelltaylor@example.org,USA,2025-03-09
3056,Jessica,Adams,krauseaaron@example.com,Australia,2024-04-26
3057,Nancy,Garrett,timothy42@example.org,USA,2024-10-23
3058,Joshua,Morris,conleyantonio@example.org,Canada,2025-01-25
3059,Chris,Powers,torresmeghan@example.net,Canada,2024-11-13
3060,Clifford,Walker,joshua70@example.com,Australia,2025-10-27
3061,Christopher,Goodwin,natalie46@example.com,Canada,2024-01-12
3062,Natalie,Fischer,ztran@example.org,Canada,2024-09-28
3063,Kenneth,Benson,lisa99@example.org,USA,2026-06-15
3064,Edward,Alvarez,barbararodriguez@example.net,USA,2024-07-24
3065,Blake,Gibson,psmith@example.com,USA,2024-11-15
3066,Nicole,Johnson,perezjohn@example.com,,2026-05-20
3067,Brittany,Sanchez,sandersdeanna@example.net,Canada,2024-04-09
3068,Lisa,Ruiz,kelleyderek@example.net,Australia,2024-03-10
3069,Robert,Mathews,kimberly90@example.net,Canada,2024-12-29
3070,Deborah,Jordan,waynerivera@example.net,USA,2026-01-23
3071,Brandon,Ruiz,ashleyharris@example.net,USA,2026-01-29
3072,Heather,Steele,barcher@example.net,USA,2026-03-03
3073,Lauren,Little,anthonydana@example.net,Canada,2024-01-20
3074,Maria,Benson,bakermelissa@example.com,Canada,2025-12-07
3075,Kathy,Gardner,cvega@example.org,USA,2024-11-10
3076,Jamie,Combs,moralesfrancisco@example.net,UK,2026-04-30
3077,Alexis,Lee,katiehicks@example.net,Australia,2023-11-17
3078,Wanda,Velasquez,tracyhoffman@example.com,Canada,2025-09-29
3079,Tammy,Hammond,stevenellis@example.org,Canada,2025-03-29
3080,Lynn,Parker,george94@example.org,canada,2023-09-24
3081,Jennifer,Garza,teresamiller@example.org,USA,2026-07-06
3082,Kevin,Mayo,rodriguezmichael@example.net,UK,2025-06-21
3083,Robert,Johnson,egeorge@example.net,Canada,2024-08-28
3084,Amanda,Lee,jonathan98@example.org,USA,2026-07-07
3085,Joseph,Hoffman,donna30@example.net,USA,2024-01-29
3086,Monica,Gregory,owensamber@example.com,USA,2025-01-19
3087,Michelle,Smith,rfinley@example.net,Canada,2024-04-21
3088,Daniel,Ware,garciadebra@example.com,Canada,2026-04-15
3089,Beverly,Sharp,rachelvaldez@example.org,USA,2024-08-16
3090,James,Cole,wilsonbrian@example.net,Canada,2026-07-28
3091,Robert,Evans,nhobbs@example.org,USA,2025-03-06
3092,Amber,Holmes,gibsonrichard@example.net,Australia,2024-02-19
3093,Sonya,Pierce,marissa85@example.org,Canada,2025-08-14
3094,Andrew,Thomas,stephanie27@example.net,UK,2024-06-19
3095,Charles,Fernandez,rgiles@example.org,Canada,2025-10-18
3096,Nicole,Cruz,jacksonthomas@example.com,USA,2024-01-14
3097,Angela,Moreno,allendavid@example.org,Australia,2025-07-18
3098,Linda,Gamble,qlee@example.com,Canada,2024-06-12
3099,Mark,Larson,dawncook@example.net,Canada,2025-09-05
3100,Nancy,Yoder,whitejill@example.com,Canada,2026-01-26
3101,Sarah,Thomas,dianebrooks@example.com,Canada,2025-06-05
3102,Brenda,Mcmillan,summerellis@example.org,USA,2023-08-31
3103,Andrea,Adams,tsullivan@example.org,UK,2024-05-21
3104,Nicholas,Juarez,andersonkaren@example.org,Canada,2024-10-06
3105,Dean,Hubbard,bobby53@example.net,Canada,2025-12-06
3106,Jonathan,Molina,xclarke@example.com,Canada,2025-09-04
3107,Tara,Russo,mary88@example.org,USA,2023-12-30
3108,Morgan,Hudson,xwright@example.com,Canada,2026-06-16
3109,Ricardo,Hernandez,susanhall@example.org,USA,2024-10-12
3110,Lindsay,Munoz,ecampbell@example.org,USA,2024-10-03
3111,Lance,Velasquez,denniswilliams@example.com,USA,2024-03-12
3112,Alice,Lopez,ielliott@example.org,Canada,2024-10-15
3113,Raymond,Levy,wthompson@example.com,USA,2025-06-20
3114,Brittany,Preston,briannamclaughlin@example.net,Canada,2025-04-13
3115,Jason,Walton,zgrimes@example.net,Canada,2025-03-08
3116,Jennifer,Hayes,nathannorman@example.org,UK,2024-07-17
3117,John,Fox,millsmichelle@example.com,USA,2026-04-29
3118,Lisa,Davis,carriereese@example.net,Canada,2023-11-22
3119,Vickie,Powell,smithcarl@example.com,Canada,2023-10-15
3120,Tiffany,Hale,nthomas@example.net,Canada,2025-11-17
3121,Carlos,Sparks,melissaharrell@example.net,Canada,2026-06-12
3122,Chad,Turner,harrislisa@example.com,Canada,2024-08-08
3123,Rachel,Bridges,landerson@example.net,Canada,2025-04-05
3124,Deanna,Wall,vphillips@example.net,USA,2026-06-17
3125,Derek,Kerr,christine20@example.net,canada,2024-03-09
3126,Matthew,Hall,bholder@example.net,USA,2026-06-19
3127,Curtis,Harding,kmartinez@example.net,USA,2026-05-27
3128,Tiffany,Johnson,richard20@example.org,Canada,2025-01-22
3129,Michael,Burton,westricky@example.org,Australia,2026-06-13
3130,Ryan,Cook,whernandez@example.net,UK,2026-05-21
3131,Dawn,Wise,collinslaura@example.com,UK,2025-02-09
3132,David,Martin,tamaradouglas@example.com,UK,2025-08-14
3133,Leslie,Sullivan,williamstracy@example.org,Australia,2025-07-26
3134,Charles,Ewing,bryan61@example.net,USA,2025-12-03
3135,Harry,Williams,martha99@example.net,Canada,2023-11-07
3136,James,Washington,stevelee@example.net,USA,2024-03-10
3137,Kelly,Davies,melanie48@example.net,USA,2023-08-22
3138,Joseph,Reynolds,ibrady@example.com,USA,2026-03-28
3139,Kim,Edwards,leblancnicole@example.net,USA,2026-02-24
3140,Robert,Jones,hartmancrystal@example.net,Canada,2025-04-23
3141,Kimberly,Howard,qneal@example.org,Canada,2026-03-25
3142,Brittany,Miller,patrick40@example.net,Australia,2026-01-30
3143,Angela,Gomez,cooperamy@example.org,USA,2025-10-28
3144,Lindsey,Morris,tgreen@example.net,USA,2024-10-25
3145,Michael,Guzman,weeksbrandon@example.com,Canada,2026-02-07
3146,Aaron,Mitchell,patriciaowen@example.net,Canada,2024-07-28
3147,Patricia,Wilson,traci39@example.net,UK,2025-04-11
3148,Gregory,Brock,beckerbrianna@example.com,USA,2025-12-11
3149,Katie,Rodgers,allennathan@example.net,USA,2025-04-20
3150,Gabrielle,Ramirez,kelleramanda@example.org,USA,2024-02-04
3151,Marc,Franklin,christopher64@example.net,USA,2024-12-13
3152,Caroline,Camacho,matthewbutler@example.org,Canada,2023-10-21
3153,James,Duke,joseph08@example.net,USA,2026-05-04
3154,Kathleen,Pittman,uwilliams@example.net,Canada,2025-04-24
3155,Victoria,Williams,blakeshelton@example.org,Canada,2025-06-09
3156,Christina,Fernandez,michelle11@example.org,USA,2025-09-06
3157,Renee,Cochran,vgarcia@example.net,Australia,2024-06-19
3158,Matthew,Williams,laurenallen@example.net,Canada,2023-12-30
3159,Brittney,Powell,virginia22@example.org,UK,2024-07-30
3160,Caroline,Ruiz,alvarezstephanie@example.com,Canada,2025-10-09
3161,Kenneth,Barber,boyererika@example.net,Canada,2025-12-15
3162,Samantha,Woodard,wallacebryan@example.com,Canada,2025-11-16
3163,Mackenzie,Armstrong,barbarafisher@example.com,Canada,2026-01-19
3164,Whitney,Anderson,uwhite@example.net,USA,2025-11-30
3165,Nicholas,Smith,theresataylor@example.com,Canada,2023-11-10
3166,Amanda,Smith,todd87@example.org,USA,2024-04-14
3167,Paul,Morales,sarah06@example.org,Australia,2023-10-06
3168,Randy,Hamilton,watsondavid@example.net,Canada,2026-04-20
3169,Christopher,Schultz,mary98@example.net,USA,2024-01-01
3170,Michele,Willis,mcneilbrian@example.net,Canada,2024-05-08
3171,Anthony,Diaz,franklinmatthew@example.net,USA,2024-03-28
3172,Sherri,Sherman,xhorton@example.org,Canada,2026-03-18
3173,Autumn,Holloway,nwilliams@example.net,Canada,2025-03-28
3174,Bradley,Roy,fbailey@example.com,Canada,2025-08-16
3175,Jonathan,Nelson,bradleymitchell@example.net,Canada,2026-07-12
3176,Juan,Mitchell,jeffrey11@example.net,,2023-09-08
3177,Ann,Higgins,wbailey@example.net,USA,2024-04-09
3178,Olivia,Bruce,raymond62@example.org,UK,2025-06-06
3179,Gina,Hernandez,djensen@example.com,UK,2025-09-26
3180,Noah,Young,agarcia@example.org,USA,2024-07-26
3181,Rodney,West,shane26@example.com,Canada,2023-09-08
3182,James,Marsh,diazmichael@example.org,Canada,2024-10-05
3183,James,Smith,uhall@example.net,Canada,2026-06-29
3184,Rodney,Lamb,rodney58@example.com,Canada,2025-05-10
3185,Nathaniel,White,charles39@example.com,USA,2024-07-24
3186,Ashley,Brown,uschmitt@example.net,USA,2024-09-25
3187,Colton,Cain,usilva@example.net,Canada,2025-01-07
3188,Ashley,Moss,vgraham@example.com,Canada,2026-03-07
3189,Richard,Lewis,paul18@example.org,UK,2024-03-22
3190,Marco,Lawson,courtney87@example.com,USA,2025-04-12
3191,Adam,Parks,ingramtara@example.net,Canada,2025-09-20
3192,Melanie,Solis,weaverjohn@example.org,UK,2026-01-21
3193,Craig,Lopez,morrisonryan@example.org,Australia,2024-04-15
3194,Melissa,Thomas,rlewis@example.org,Canada,2024-04-08
3195,Yesenia,Sullivan,bill82@example.com,Canada,2024-05-11
3196,Frank,Foster,lbennett@example.net,USA,2024-03-13
3197,Frederick,Kennedy,christyfletcher@example.org,Australia,2025-10-20
3198,Michelle,Pearson,taylorgina@example.org,UK,2025-05-13
3199,John,Frey,hendersonjacob@example.org,Canada,2025-03-09
3200,Kelly,Lewis,troy19@example.net,Canada,2025-03-19
3201,Pamela,Smith,urivera@example.org,USA,2024-08-15
3202,Joseph,Peterson,cbrown@example.com,USA,2024-12-12
3203,Hannah,Dean,andreawalker@example.org,Canada,2023-08-26
3204,Marisa,Kramer,jasonmoore@example.com,UK,2026-08-14
3205,Jenny,Hernandez,trevormcdonald@example.org,USA,2024-04-01
3206,Charles,Tanner,friedmanrichard@example.com,UK,2025-10-30
3207,Anthony,Lang,clarkmichael@example.org,UK,2024-10-09
3208,Austin,Mendez,claireflynn@example.org,USA,2025-07-12
3209,Christopher,Holloway,tmoody@example.net,Canada,2023-10-19
3210,Rachael,Nelson,wkennedy@example.com,USA,2025-02-26
3211,Ronnie,Fisher,ashley06@example.org,Canada,2023-09-06
3212,Billy,Mann,lindabates@example.com,USA,2025-07-17
3213,Laura,Acevedo,sonya14@example.net,Canada,2024-12-24
3214,Leslie,Tucker,danschaefer@example.net,USA,2025-09-26
3215,Ashley,Washington,megan91@example.com,Canada,2025-06-08
3216,Janice,Simmons,lisa04@example.net,Canada,2025-09-29
3217,Dorothy,Thomas,bhampton@example.com,Canada,2024-04-15
3218,David,Walker,patricia12@example.org,Canada,2024-02-10
3219,Amy,Padilla,guerrerorenee@example.com,USA,2025-06-27
3220,Anna,Morgan,allen12@example.net,USA,2024-12-27
3221,Judith,Huerta,derricklee@example.net,USA,2026-07-22
3222,Jacqueline,Torres,oevans@example.org,Canada,2024-08-29
3223,Jennifer,Francis,gbrown@example.net,Canada,2025-03-20
3224,Regina,Anderson,ifox@example.net,Canada,2025-02-01
3225,Mark,Payne,carlos80@example.com,Canada,2025-09-24
3226,Vanessa,Gonzalez,barbara56@example.com,UK,2025-01-15
3227,Tiffany,Greene,peter58@example.com,Canada,2025-09-12
3228,Cindy,Bradley,rlee@example.net,Canada,2024-05-12
3229,Adam,Oliver,zmoore@example.org,Canada,2023-10-16
3230,Amy,Berry,robertcruz@example.org,Canada,2023-08-30
3231,Robert,Kelly,jessica86@example.com,canada,2024-08-18
3232,Elizabeth,Mills,wmorris@example.com,USA,2026-04-21
3233,Michael,Esparza,jonathanjordan@example.org,Canada,2023-08-29
3234,Paul,Griffin,istokes@example.com,Canada,2025-09-08
3235,Michael,Perry,jonathan12@example.org,Canada,2026-04-25
3236,Michelle,Green,afitzpatrick@example.org,Canada,2026-01-16
3237,Marissa,Harris,bbarr@example.org,Canada,2025-03-05
3238,Jesus,Flores,ucamacho@example.org,Australia,2024-12-30
3239,Susan,Russell,maciaskenneth@example.com,USA,2024-02-06
3240,Jason,Day,thompsonlaura@example.com,USA,2025-10-31
3241,Amber,Fitzgerald,anthonyfranklin@example.com,Canada,2025-11-17
3242,Jason,Contreras,silvaryan@example.org,Canada,2026-02-09
3243,Thomas,Washington,rtaylor@example.com,USA,2026-08-11
3244,Angela,Rodriguez,paul48@example.org,USA,2024-07-14
3245,Robin,Marshall,karen67@example.com,USA,2026-08-08
3246,Terri,Smith,tyrone39@example.com,Canada,2025-09-01
3247,Pamela,Silva,taylortoni@example.org,USA,2024-02-22
3248,Christina,Nelson,solistara@example.com,Canada,2026-05-16
3249,Caroline,Farmer,abigail90@example.com,UK,2024-03-18
3250,Larry,Williams,elliottscott@example.com,USA,2025-01-19
3251,Amanda,Stevens,stephanie14@example.org,USA,2025-03-06
3252,Ronald,Adams,jamesmason@example.net,Canada,2024-01-10
3253,Catherine,Buchanan,zhorton@example.com,USA,2023-12-16
3254,Robert,Sanchez,garysnow@example.org,Canada,2025-11-06
3255,Michael,Dunn,gabriel67@example.com,Canada,2026-06-04
3256,Jason,Sweeney,alee@example.com,Canada,2024-11-05
3257,Megan,Lewis,watsontina@example.net,USA,2026-05-29
3258,Lauren,Davis,kenneththomas@example.com,Canada,2026-02-09
3259,Lorraine,Hart,ldean@example.org,Canada,2026-06-10
3260,Sarah,Young,ohardy@example.net,UK,2025-01-22
3261,Shannon,Shaw,hoopernicole@example.org,Canada,2025-01-19
3262,Maria,Brown,rstewart@example.net,USA,2025-04-07
3263,Dana,Brown,lisa79@example.com,Canada,2025-09-30
3264,Chad,Moody,ucrawford@example.org,Canada,2025-06-02
3265,Chris,Cardenas,cameronkaitlyn@example.com,USA,2025-03-07
3266,Michael,Brown,jmorrison@example.net,Canada,2024-07-18
3267,William,Franklin,jjackson@example.org,USA,2025-02-26
3268,Andrea,Ramos,aliciacallahan@example.org,USA,2025-09-11
3269,Raymond,Hernandez,lmaldonado@example.org,USA,2026-06-12
3270,Kristie,Morrison,joanna88@example.org,USA,2024-02-07
3271,Ashley,Mccormick,yboone@example.org,Canada,2025-03-03
3272,Dennis,Stokes,zsmith@example.com,Canada,2025-10-13
3273,Melissa,Carlson,williamsbrenda@example.org,USA,2025-01-30
3274,Dwayne,Peters,otran@example.org,USA,2024-06-18
3275,Jasmine,Bates,mstanley@example.com,UK,2026-05-27
3276,John,Stewart,dhenry@example.net,UK,2025-06-25
3277,Michelle,Logan,wendylee@example.com,UK,2025-09-16
3278,Alexander,Tucker,jodicannon@example.net,USA,2026-05-03
3279,Jeffery,Morris,crystal57@example.net,Canada,2026-05-09
3280,Michael,Schneider,rwilliamson@example.net,USA,2024-04-22
3281,Joshua,Short,bradley58@example.net,USA,2024-04-07
3282,Teresa,Collins,pam01@example.org,Canada,2026-06-13
3283,Tiffany,Mcguire,gonzalezamanda@example.com,UK,2023-12-24
3284,Courtney,Long,manningbrandi@example.com,UK,2026-04-10
3285,Shannon,Griffin,russodouglas@example.net,USA,2026-07-23
3286,Linda,Burton,ronald44@example.com,Canada,2026-07-27
3287,Autumn,Carter,lorihenderson@example.com,Canada,2026-07-02
3288,Lisa,Jones,sharonaustin@example.com,UK,2024-04-17
3289,Victor,Stanley,kellysierra@example.com,UK,2024-12-30
3290,Sally,Guzman,elainehall@example.net,Canada,2024-10-26
3291,Anita,Paul,taylormaria@example.com,Canada,2025-04-25
3292,Sandra,Stanley,wendyperez@example.org,UK,2024-07-15
3293,Nicholas,Haney,casey54@example.net,Canada,2024-05-19
3294,Ryan,Price,tlozano@example.com,USA,2026-01-09
3295,Meghan,Fletcher,hthompson@example.com,Australia,2025-11-13
3296,Ashley,Gardner,dorseytony@example.net,Canada,2026-06-08
3297,Sarah,Wilson,ramosmatthew@example.org,USA,2026-05-01
3298,Chase,Beck,ecunningham@example.net,Canada,2026-02-21
3299,Justin,Murillo,kristinevans@example.com,Canada,2025-08-22
3300,Paul,Preston,lisa37@example.com,UK,2024-07-02
3301,Jill,Anderson,amandaroberts@example.net,Canada,2026-08-18
3302,Tasha,Townsend,cainroger@example.net,Australia,2024-09-06
3303,Sarah,Johnson,lmann@example.org,USA,2025-04-24
3304,Jacob,Bennett,vmartinez@example.com,Canada,2026-08-10
3305,Robert,Cisneros,taylorlawrence@example.com,Canada,2026-05-21
3306,Joshua,Shepherd,taylormelinda@example.org,Canada,2024-01-15
3307,Holly,Robinson,jonesvanessa@example.net,Canada,2024-12-13
3308,Rodney,Walker,nfreeman@example.net,Canada,2023-09-08
3309,Thomas,Chavez,murphycynthia@example.com,Canada,2026-01-30
3310,David,Carter,jasonfrank@example.com,USA,2023-10-29
3311,Kevin,Foster,ryan42@example.com,USA,2026-01-29
3312,Daniel,Reyes,ywalton@example.org,USA,2023-11-02
3313,Brenda,Christensen,oenglish@example.com,USA,2024-09-15
3314,Katherine,Fowler,yjennings@example.com,Canada,2026-01-27
3315,Kenneth,Williams,saranovak@example.net,Canada,2024-08-10
3316,Teresa,Paul,matthew34@example.com,USA,2026-06-01
3317,Jonathan,Dunn,itaylor@example.net,USA,2024-04-28
3318,Aaron,Harrison,suejones@example.com,Canada,2024-06-19
3319,Jessica,Dominguez,gloria49@example.org,UK,2024-02-01
3320,Christopher,Green,dfox@example.net,USA,2026-02-09
3321,Jason,Anderson,robertsbrandy@example.com,USA,2024-05-15
3322,Tyler,Graham,palmerbrett@example.net,Canada,2026-01-19
3323,Wayne,Brown,fhanna@example.com,USA,2024-04-03
3324,Christopher,Davis,wrightryan@example.net,USA,2024-11-16
3325,Crystal,Landry,tuckeramy@example.net,USA,2025-01-02
3326,Brandon,Powers,rodney25@example.com,USA,2026-02-26
3327,Richard,Kelley,thomasronald@example.net,UK,2025-08-10
3328,John,Stokes,watsonjose@example.net,USA,2025-11-13
3329,Alexander,Johnson,jameslopez@example.net,Canada,2024-12-07
3330,Matthew,Holland,renee05@example.org,USA,2024-02-22
3331,Joyce,Davis,anthonyortiz@example.org,USA,2023-12-12
3332,Charles,Flores,andrewbird@example.com,USA,2024-11-29
3333,John,Allison,davidfarrell@example.com,Canada,2023-10-01
3334,Vickie,Hall,jackthompson@example.com,Canada,2024-10-09
3335,Diana,Davis,jeffersondaniel@example.org,UK,2024-05-28
3336,Kristopher,Walker,leedarlene@example.com,USA,2024-03-07
3337,Nicholas,Dudley,ericquinn@example.com,UK,2024-08-23
3338,Michelle,Shelton,david42@example.net,USA,2024-11-02
3339,Kendra,Evans,apatterson@example.org,USA,2024-06-06
3340,William,Jordan,gordon09@example.com,USA,2024-05-19
3341,Karen,Fields,pweber@example.com,UK,2025-08-16
3342,Andrea,Weber,christygreer@example.com,USA,2024-11-07
3343,Kim,Cook,wendyholden@example.com,USA,2024-10-01
3344,Marvin,Boone,tony62@example.com,Canada,2026-01-01
3345,Monica,Dixon,gbutler@example.com,USA,2025-01-21
3346,Victoria,Robinson,ssweeney@example.com,USA,2024-02-12
3347,Natalie,Waters,sandra66@example.net,Canada,2024-08-04
3348,Jesus,Clark,omartinez@example.net,Canada,2025-04-17
3349,Matthew,Wright,james67@example.net,Canada,2024-02-03
3350,Dakota,Wells,danielleboyer@example.net,Canada,2026-06-10
3351,Stephanie,Mcgee,mariolewis@example.net,Canada,2024-07-01
3352,Amy,Porter,ksanchez@example.org,Canada,2024-11-16
3353,Craig,Cross,kennethruiz@example.net,UK,2024-05-07
3354,Charlene,Preston,perrymichael@example.org,USA,2025-08-29
3355,Vincent,Garcia,heatherdavis@example.org,Canada,2023-09-16
3356,Lindsay,Wells,sbrown@example.org,Canada,2025-12-18
3357,Kerri,Hahn,amanda67@example.net,USA,2026-05-08
3358,Andrew,Kemp,kdennis@example.org,Canada,2023-12-29
3359,Tiffany,Werner,lbowers@example.com,UK,2025-12-27
3360,Scott,White,mary92@example.com,USA,2026-03-02
3361,Kenneth,Christensen,sallylee@example.org,USA,2025-01-07
3362,Kaitlin,Richards,alexander69@example.com,Canada,2025-02-26
3363,Elizabeth,Holder,whiterobert@example.com,USA,2025-10-17
3364,Ashley,Davis,rhayes@example.org,Canada,2024-11-15
3365,Pamela,Walker,jeffrey10@example.org,Australia,2026-07-04
3366,Daniel,Bell,wilsonkimberly@example.org,USA,2025-05-05
3367,Joseph,Richards,leejesse@example.com,Canada,2024-04-14
3368,Samantha,Barnes,ndouglas@example.net,Canada,2024-06-16
3369,Laura,Campbell,christopher01@example.com,Canada,2025-02-13
3370,Jay,Jones,regina11@example.com,USA,2023-09-02
3371,Justin,Pena,ingrambrandon@example.com,Canada,2025-08-10
3372,Sandra,English,hernandezanna@example.com,USA,2026-03-14
3373,Sara,Powell,adkinscharles@example.net,Canada,2025-06-12
3374,John,Thomas,jonathanwoodard@example.com,USA,2024-07-18
3375,Jose,Moore,clarkjames@example.com,UK,2023-10-28
3376,Timothy,Joyce,tuckersheila@example.net,USA,2023-12-09
3377,Samantha,Reyes,nguyentimothy@example.net,USA,2026-04-16
3378,Krystal,Wilson,kirstendavis@example.net,Canada,2024-07-26
3379,Melanie,Smith,kevinmarshall@example.org,Canada,2024-02-15
3380,Sarah,Peters,robertsdavid@example.net,USA,2025-01-06
3381,Crystal,Stewart,epeck@example.net,Canada,2024-04-11
3382,Ryan,Sweeney,travis46@example.org,Canada,2025-06-15
3383,John,Kramer,johnsondana@example.com,Canada,2025-06-25
3384,Daniel,Odom,pattonyolanda@example.org,Canada,2024-05-21
3385,Edward,Bailey,jonesjohn@example.com,,2024-04-16
3386,Brett,Carlson,lchurch@example.com,UK,2023-11-02
3387,Amy,Olsen,gary52@example.net,Canada,2025-02-16
3388,Larry,Jones,cynthiacampbell@example.net,USA,2026-01-24
3389,Sarah,Owens,abigail56@example.com,Canada,2025-06-14
3390,William,Hendrix,tinajohnson@example.org,USA,2025-05-30
3391,Courtney,Cross,qhayes@example.com,Canada,2024-04-06
3392,Michael,Wagner,melissalopez@example.net,UK,2025-10-23
3393,Stanley,Price,kathleenward@example.com,UK,2023-09-19
3394,Patrick,Smith,alvaradochristopher@example.net,Canada,2026-05-27
3395,Daniel,Walker,ahicks@example.org,UK,2024-06-02
3396,Kristin,Hunt,mcdowelladam@example.net,Australia,2026-07-31
3397,Robert,Weaver,chambersvanessa@example.org,UK,2025-02-04
3398,Amanda,Smith,gjackson@example.net,UK,2023-12-22
3399,Michael,Sparks,donaldthomas@example.org,Canada,2024-03-07
3400,Angela,Campbell,thomas28@example.org,USA,2024-09-17
3401,Catherine,Larson,smithchristopher@example.net,Canada,2025-11-22
3402,Joseph,Jacobs,perezpamela@example.org,Canada,2025-10-02
3403,Sharon,Reed,mckenziesonya@example.com,Australia,2024-03-21
3404,Tammy,Acevedo,fredday@example.net,Canada,2024-01-12
3405,Margaret,Moody,oroberts@example.net,USA,2026-06-12
3406,Michael,Burns,georgesteven@example.org,UK,2023-09-23
3407,Sara,Smith,johnsonkevin@example.net,UK,2024-07-02
3408,Michelle,Harding,kevinaustin@example.org,Australia,2025-12-31
3409,William,Escobar,keith86@example.com,Canada,2024-07-02
3410,Nicole,Anderson,thompsondarlene@example.net,Canada,2025-04-21
3411,Chelsey,Johnson,katelynjimenez@example.net,Canada,2025-07-26
3412,Tammy,Nunez,stevenrichards@example.org,Canada,2025-08-22
3413,Connor,Holloway,pking@example.net,Canada,2024-11-05
3414,Barbara,Flores,angela57@example.com,Canada,2025-06-01
3415,Kevin,Tate,jacob06@example.net,USA,2026-07-14
3416,Ashley,Williams,michael28@example.net,USA,2026-01-15
3417,Ruben,Bennett,pricerobert@example.org,Canada,2024-05-03
3418,Katelyn,Watson,millerlucas@example.com,USA,2024-11-18
3419,Sara,Barnes,evansrachel@example.org,Canada,2024-01-22
3420,Jeffrey,Smith,james69@example.net,Canada,2024-02-14
3421,Chloe,Sanders,kevin72@example.com,USA,2026-01-17
3422,Lisa,Schmidt,johntaylor@example.com,USA,2024-02-28
3423,Kevin,Smith,hillshawn@example.org,USA,2024-07-24
3424,Jennifer,Peterson,uburke@example.net,Canada,2024-08-26
3425,Stephen,Singleton,cruzmary@example.net,UK,2026-01-24
3426,Alexis,Ramirez,shannon33@example.org,USA,2025-08-11
3427,Christine,Morgan,michael31@example.com,USA,2025-07-23
3428,Sandra,Taylor,rperez@example.org,USA,2026-05-17
3429,Donald,Graham,rebeccavaughn@example.net,UK,2023-11-29
3430,Eric,Washington,carolinecalderon@example.org,USA,2024-07-18
3431,Richard,Weaver,rebeccahoward@example.org,USA,2025-05-30
3432,Rachel,Reyes,thomasmooney@example.org,Australia,2024-10-29
3433,Valerie,Weiss,maddoxdavid@example.org,USA,2025-05-25
3434,Vincent,Turner,adrian20@example.com,Canada,2023-12-04
3435,Brenda,Rodriguez,dawnlewis@example.net,USA,2024-04-25
3436,Cassandra,Miller,smithdebbie@example.org,Canada,2025-10-06
3437,Deborah,Jordan,vthomas@example.com,Canada,2025-10-14
3438,Erica,Graves,palmermiguel@example.net,USA,2024-07-25
3439,Jessica,Riley,jeremymitchell@example.com,Australia,2025-10-26
3440,Tiffany,Taylor,christophercruz@example.net,Australia,2025-01-16
3441,Sabrina,Ferguson,mitchellnicholas@example.com,Canada,2025-11-03
3442,Mary,Wallace,mendezsierra@example.com,USA,2024-03-23
3443,Christina,Gaines,santiagoterri@example.com,Canada,2026-07-19
3444,Jennifer,Morgan,gregory76@example.org,Australia,2024-01-06
3445,Kristen,Moore,underwooddeborah@example.com,Australia,2025-04-12
3446,Richard,Jones,moorejohn@example.net,USA,2023-12-24
3447,Timothy,Payne,ojohnson@example.com,UK,2025-07-15
3448,James,Sanchez,jamestucker@example.net,USA,2024-09-14
3449,Eric,Melton,hcardenas@example.net,USA,2024-06-28
3450,William,Gutierrez,smiller@example.org,Canada,2025-06-16
3451,James,Williams,shawnrogers@example.org,USA,2025-05-07
3452,Amanda,Velez,morganwarner@example.org,USA,2024-04-05
3453,Jordan,Cooper,njames@example.org,USA,2026-07-21
3454,Kari,Nichols,dakota83@example.net,Canada,2025-02-16
3455,Matthew,Jones,paula82@example.org,Australia,2023-12-03
3456,Kimberly,Contreras,olsenlinda@example.org,Canada,2025-09-27
3457,Philip,White,oglenn@example.com,USA,2023-10-30
3458,Drew,White,leslie53@example.org,USA,2025-02-07
3459,Mary,Chambers,sarah69@example.com,USA,2026-07-28
3460,Jorge,Alexander,brianna22@example.com,USA,2026-01-30
3461,Becky,Erickson,smithrichard@example.org,Canada,2024-08-01
3462,Susan,Lane,imurphy@example.com,Canada,2026-03-20
3463,Douglas,Chambers,wcannon@example.com,USA,2026-04-07
3464,Jennifer,White,jodipark@example.net,USA,2024-12-17
3465,Kimberly,Scott,michelle12@example.net,Canada,2023-12-20
3466,Samuel,Patton,rachel22@example.org,USA,2024-07-07
3467,Trevor,Pierce,mitchellmichael@example.com,USA,2025-10-22
3468,Steven,Wiley,darren84@example.net,USA,2025-08-09
3469,Stephen,Harris,claytonchavez@example.net,UK,2026-02-28
3470,Sherry,Meza,jamesbrewer@example.org,Canada,2025-09-19
3471,Sara,Hale,levi67@example.com,Canada,2025-12-08
3472,Sean,Foster,qmccoy@example.org,USA,2026-03-09
3473,Kristen,Morton,hgonzalez@example.org,USA,2026-08-09
3474,Nicole,Petersen,underwoodmary@example.net,USA,2025-08-31
3475,Kelly,Hull,paulking@example.net,UK,2024-04-01
3476,Victoria,Lewis,ylowe@example.org,UK,2026-06-24
3477,William,Mays,vjimenez@example.net,Australia,2023-11-24
3478,Jamie,Smith,danielle49@example.com,USA,2026-04-24
3479,Nancy,Greene,hartmitchell@example.com,USA,2024-06-23
3480,Jennifer,Williams,dustinhowell@example.org,Canada,2026-05-13
3481,Sarah,Brooks,jonesrachel@example.com,Canada,2024-10-24
3482,Thomas,Cobb,fernandezbrandon@example.net,USA,2025-11-03
3483,Barbara,Todd,mitchelldanielle@example.org,Canada,2024-06-25
3484,Joseph,Brown,gcruz@example.com,Australia,2023-11-13
3485,Jason,Rivera,hilldebbie@example.com,USA,2024-07-27
3486,Luis,Wagner,bobbyfowler@example.org,USA,2026-05-28
3487,Zachary,Stewart,seth77@example.net,Canada,2024-06-04
3488,Christopher,Ho,mooresteven@example.net,canada,2023-12-12
3489,Phyllis,Rose,timothygarcia@example.org,Canada,2023-12-16
3490,Zachary,Price,krodriguez@example.net,Canada,2025-01-18
3491,Marie,Gonzales,elizabethmoore@example.org,Canada,2025-01-25
3492,Bobby,Flores,cooktiffany@example.org,USA,2024-10-05
3493,Jonathan,Schneider,chapmanrobert@example.com,UK,2025-10-03
3494,Amy,Wright,vanessalane@example.net,UK,2025-12-13
3495,William,Campbell,jross@example.org,USA,2025-01-16
3496,Kimberly,Olson,jonesmark@example.com,Canada,2026-06-05
3497,Ronald,Washington,adamgolden@example.org,UK,2023-08-29
3498,Kristina,Peterson,rachelmurray@example.com,UK,2025-11-25
3499,Russell,Castro,jonathanjones@example.com,Canada,2026-01-26
3500,Jennifer,Martin,nancywood@example.com,USA,2024-12-01
3501,Tammy,Smith,ameyers@example.net,Canada,2026-05-22
3502,Sandra,Martinez,fowlerkathy@example.org,UK,2025-04-21
3503,Jennifer,Jackson,eleon@example.com,Australia,2026-05-26
3504,Stephanie,Wilson,donald27@example.net,Canada,2025-02-24
3505,Peter,Smith,smithrebecca@example.org,UK,2023-11-10
3506,Margaret,Moran,donald44@example.com,USA,2024-04-15
3507,Erica,Williams,sallison@example.net,Australia,2024-12-23
3508,Terry,Todd,rmichael@example.net,USA,2025-05-21
3509,Thomas,Bennett,zbailey@example.com,UK,2025-12-12
3510,Richard,Williams,pwarren@example.org,Canada,2024-07-02
3511,Joseph,Smith,edwin42@example.net,Canada,2024-10-11
3512,Jennifer,Gonzalez,sweber@example.org,Canada,2024-01-08
3513,Christopher,Jones,john90@example.com,Australia,2023-09-14
3514,Heather,Mendoza,robertfarmer@example.com,UK,2025-02-12
3515,Danielle,Wilson,benjamin10@example.org,UK,2024-10-30
3516,Maria,Hernandez,johnsonantonio@example.com,Australia,2024-09-07
3517,Ashley,Clark,megan59@example.com,Canada,2026-03-25
3518,Samantha,Harris,keith83@example.com,Canada,2025-02-11
3519,Christopher,Lopez,ashley79@example.org,Canada,2026-02-03
3520,Patrick,Waller,ymercer@example.com,Canada,2025-09-03
3521,John,Moore,christophercooley@example.com,Canada,2025-09-19
3522,Lisa,Russell,dustin82@example.com,USA,2024-10-25
3523,Mason,Garrison,vanessajimenez@example.org,Canada,2024-07-04
3524,Benjamin,Johnson,andrewmyers@example.org,Canada,2023-11-24
3525,Elizabeth,Bennett,floresbridget@example.net,Canada,2025-12-08
3526,Joshua,Holloway,zrich@example.net,Canada,2024-03-31
3527,Brian,Newman,vanessaflores@example.com,Australia,2026-03-05
3528,Renee,James,lisadavis@example.org,USA,2023-10-23
3529,Benjamin,Williams,cameronramos@example.org,Australia,2025-10-26
3530,Lisa,Collins,thompsondawn@example.org,Canada,2024-08-24
3531,Stephanie,Brown,colleenwilliams@example.net,Canada,2024-04-30
3532,Sandra,Mccarthy,fbutler@example.org,USA,2025-12-13
3533,Phillip,Ferguson,huntlisa@example.org,Canada,2026-08-05
3534,Emily,Patterson,baileytracey@example.net,Canada,2024-07-19
3535,Stephen,Terry,kayla05@example.net,Canada,2024-04-19
3536,Victoria,Roy,johnsonmichael@example.net,Canada,2026-06-24
3537,Emily,Harmon,atkinsryan@example.org,Canada,2025-06-14
3538,Christine,Roberts,codyrichards@example.org,Canada,2025-11-17
3539,Donald,Henderson,thomasrussell@example.com,USA,2025-07-31
3540,Katherine,Garcia,ssimmons@example.org,Canada,2025-03-01
3541,Timothy,Kane,dominiquedaniels@example.org,Canada,2024-11-12
3542,Joel,Gardner,angel62@example.com,UK,2026-05-31
3543,George,Moore,creynolds@example.net,Canada,2026-02-17
3544,Zachary,Hudson,sethsanders@example.com,Canada,2026-08-10
3545,Mark,Lopez,fordbeverly@example.org,UK,2026-01-24
3546,Ariana,Rodriguez,matthew77@example.com,Canada,2024-02-04
3547,Marcus,Morrison,bjames@example.net,Canada,2026-02-26
3548,Rhonda,Wood,stewartsandra@example.net,USA,2026-06-18
3549,Kelly,Mejia,mcclainkimberly@example.com,Canada,2025-02-01
3550,Brandi,Armstrong,brittanyrush@example.com,USA,2026-03-29
3551,Michael,Davis,hmiller@example.com,UK,2025-03-20
3552,Benjamin,Marks,kim09@example.org,Canada,2024-06-04
3553,Brooke,Little,fhoffman@example.com,USA,2025-07-22
3554,Victoria,Sims,schroederbrittany@example.org,USA,2024-01-04
3555,Jessica,Hernandez,brownwilliam@example.net,Canada,2023-09-30
3556,Joshua,Duncan,moralesdawn@example.com,USA,2024-02-01
3557,Howard,Perez,rickyclark@example.org,Canada,2025-07-16
3558,Alfred,Jackson,smithstephanie@example.net,USA,2024-03-23
3559,Shelby,Burnett,rebeccacurtis@example.com,Canada,2024-01-21
3560,Jacqueline,Andrews,john40@example.net,USA,2026-01-24
3561,Troy,Casey,romankathryn@example.com,Canada,2024-10-23
3562,Elizabeth,Harper,fgregory@example.com,UK,2023-10-15
3563,Omar,Leach,michaeltorres@example.com,Canada,2024-04-17
3564,Mark,Jones,jrios@example.net,Canada,2025-08-17
3565,Robert,Pennington,elizabethbrennan@example.net,USA,2024-03-26
3566,Kenneth,Figueroa,donnamcintosh@example.net,USA,2025-04-12
3567,Roy,Moore,ncollier@example.com,USA,2026-07-29
3568,Maria,Holmes,ericvalencia@example.com,USA,2025-01-21
3569,Alice,Smith,john69@example.net,USA,2024-04-17
3570,Maria,King,monicadaniel@example.net,UK,2025-09-16
3571,Michelle,Johnson,hineskrystal@example.com,Canada,2026-01-14
3572,Michael,Le,amandamorales@example.org,USA,2025-11-02
3573,Alan,Ellis,gerald93@example.net,UK,2023-10-11
3574,Taylor,Perez,lmeadows@example.com,Australia,2024-06-12
3575,Kristina,Reed,allensara@example.org,UK,2024-11-26
3576,Matthew,Haney,gomezerica@example.net,Canada,2025-09-24
3577,Adam,Riddle,barrettsusan@example.org,Canada,2024-07-28
3578,Matthew,Dyer,reginacarlson@example.net,USA,2025-09-12
3579,Gabrielle,Holloway,woliver@example.com,USA,2024-03-15
3580,Lauren,Hardy,rodriguezjohn@example.com,USA,2025-05-14
3581,Joshua,Melton,dhoward@example.com,USA,2024-02-01
3582,Ryan,Lowe,lindacooper@example.net,UK,2023-10-17
3583,Michael,Walker,angelarhodes@example.com,Canada,2024-07-07
3584,Stephanie,Green,zdavila@example.net,UK,2026-02-09
3585,Connie,Richards,clayton74@example.com,Canada,2026-02-15
3586,Larry,Sutton,whale@example.com,Canada,2024-01-17
3587,Jacob,Bruce,pbryant@example.com,USA,2024-05-22
3588,Cody,Bridges,contrerasmaria@example.com,USA,2026-07-12
3589,Jennifer,Farmer,kathleenscott@example.org,Canada,2024-02-28
3590,Roger,Palmer,dixonkristen@example.com,Canada,2024-10-24
3591,Alexis,Howell,colemanjim@example.net,Australia,2026-02-19
3592,John,Tyler,sandraharper@example.org,Canada,2024-12-11
3593,Troy,Brown,antonio59@example.net,USA,2025-04-04
3594,Samantha,Martinez,ralexander@example.org,USA,2026-06-25
3595,Stephanie,Lewis,mariaschmidt@example.net,USA,2025-03-25
3596,Benjamin,Shaw,sandovaldebra@example.org,USA,2024-01-28
3597,Cathy,Allen,michael28@example.org,Canada,2025-12-29
3598,John,Sanchez,thomaswang@example.com,USA,2024-10-09
3599,Jack,Lynch,higginskelly@example.org,Canada,2025-11-19
3600,Courtney,Lee,boydjasmine@example.net,USA,2024-07-14
3601,Ryan,Gilbert,rosemiller@example.org,Canada,2025-09-11
3602,Melissa,Beck,rwebb@example.net,USA,2023-12-17
3603,Alfred,Thomas,frysharon@example.net,Canada,2024-01-07
3604,Rebecca,Choi,browningjason@example.org,Canada,2025-03-02
3605,Meagan,Thomas,manningjessica@example.com,Canada,2024-04-28
3606,Christine,Moore,randyyoder@example.com,Canada,2024-12-19
3607,Erin,Graham,bwilson@example.com,UK,2024-01-19
3608,Willie,Hayes,ramoskelly@example.net,Canada,2025-11-10
3609,Mary,Miller,brianhill@example.org,Australia,2023-09-02
3610,Vanessa,Smith,hnewton@example.org,Australia,2025-04-27
3611,Angela,Johnson,juliecollins@example.com,USA,2026-04-13
3612,George,Stewart,zchavez@example.org,Canada,2024-05-08
3613,Kimberly,Nelson,joshuacohen@example.com,Canada,2025-09-04
3614,Kenneth,Jones,johncoleman@example.net,USA,2023-12-05
3615,Charles,Sanchez,seanjones@example.com,Canada,2023-12-09
3616,John,Brooks,gardnererik@example.org,Canada,2023-12-07
3617,Amanda,Payne,laura20@example.net,USA,2025-11-10
3618,Gina,Jones,umills@example.net,UK,2024-11-14
3619,Robert,Smith,wongjacqueline@example.org,USA,2025-11-08
3620,Caroline,Owens,deborah67@example.org,Canada,2023-10-11
3621,Andrew,Anderson,holly10@example.com,USA,2026-05-19
3622,Stephen,Hamilton,ann08@example.net,Canada,2024-08-07
3623,Henry,Ellis,christopher19@example.org,Canada,2025-07-03
3624,Lauren,Torres,sarah69@example.com,UK,2024-01-24
3625,Randall,Morgan,greeneshawn@example.com,Canada,2023-11-15
3626,Scott,Navarro,wattsemma@example.net,Canada,2024-11-19
3627,Donald,Coleman,richard26@example.com,Canada,2026-05-30
3628,Scott,Robinson,watsontroy@example.com,UK,2023-12-07
3629,Amy,Christian,cburgess@example.org,USA,2025-10-29
3630,Jeff,Rios,elizabeth14@example.com,USA,2026-01-01
3631,Nina,Thompson,nharris@example.org,USA,2024-07-12
3632,Erin,Jones,gbutler@example.net,Canada,2024-07-13
3633,Connie,Garcia,kennethperez@example.net,USA,2024-10-29
3634,Amanda,Fisher,bgreen@example.com,Canada,2024-10-20
3635,Nicholas,Davila,ewatkins@example.org,Canada,2024-04-15
3636,Andrea,Chan,aaronramirez@example.org,USA,2025-02-05
3637,Carrie,Davidson,sdaniel@example.org,Australia,2025-12-07
3638,Barbara,White,kimberlymann@example.net,Canada,2023-12-24
3639,Dawn,Olson,reyescarmen@example.com,Canada,2023-10-31
3640,Rebecca,Williams,bethmiller@example.com,Canada,2024-02-24
3641,William,Campbell,stoneandrew@example.net,Canada,2023-12-25
3642,Heather,Barton,epearson@example.com,UK,2025-09-02
3643,Alicia,Daniel,marissa74@example.net,USA,2025-06-25
3644,Claudia,Brown,sarahtaylor@example.com,USA,2024-01-05
3645,Joshua,Nash,vanessa58@example.net,USA,2023-12-04
3646,Christine,Alvarado,reynoldstravis@example.net,Canada,2026-01-15
3647,Melissa,Grimes,richard31@example.com,USA,2024-03-28
3648,Clinton,Carlson,marissa72@example.net,Canada,2026-03-28
3649,Robert,Barnes,chelsea37@example.net,USA,2025-02-27
3650,Christopher,Combs,alicianorris@example.net,Australia,2025-08-01
3651,Paige,Brown,heidiwilson@example.org,USA,2025-07-26
3652,Alexander,Jones,ybailey@example.net,Canada,2025-09-22
3653,Danny,Walker,robertmartinez@example.org,UK,2023-11-14
3654,Christina,Rose,beth04@example.net,Canada,2025-06-11
3655,Brian,Alvarez,carolynbrady@example.com,Canada,2025-03-09
3656,Mason,Walker,pmckee@example.net,Canada,2025-06-07
3657,Brenda,Blake,hernandezmelissa@example.net,Canada,2024-04-16
3658,Crystal,Thomas,kimberly51@example.com,USA,2026-01-24
3659,Chad,Greene,marcusgilmore@example.org,USA,2025-07-11
3660,Megan,Leach,marilyn62@example.org,UK,2026-02-04
3661,Victoria,Mann,hshepherd@example.net,USA,2025-04-07
3662,Jesus,George,jonathan38@example.com,USA,2024-08-04
3663,Clifford,Price,morrisonalan@example.com,Canada,2025-06-07
3664,Adrienne,Doyle,curtisroy@example.net,Canada,2024-07-22
3665,Nicole,Riley,rtaylor@example.net,USA,2023-09-26
3666,Tricia,Carr,jacquelinemurray@example.net,Canada,2025-12-19
3667,Jacob,Curtis,barneswilliam@example.org,UK,2026-04-09
3668,Jason,Howell,sarahchavez@example.com,Canada,2025-09-18
3669,David,Sandoval,theresa24@example.org,Canada,2025-08-03
3670,Debbie,Moss,clifford98@example.net,Canada,2024-04-29
3671,Lisa,Jenkins,jackyoung@example.com,Canada,2024-07-25
3672,Alexis,Snow,bankskyle@example.com,Canada,2024-02-22
3673,Kathleen,Tran,eric02@example.net,USA,2024-06-23
3674,Lindsey,Molina,wolfekyle@example.com,Canada,2024-09-09
3675,Patricia,Davis,vsandoval@example.com,USA,2026-08-10
3676,Alan,Lang,dakota75@example.org,Canada,2025-07-02
3677,Christine,Brown,taylorflores@example.net,Canada,2024-01-16
3678,Mary,Branch,romeromakayla@example.com,Canada,2026-03-21
3679,Elizabeth,Underwood,johnsonjames@example.com,UK,2024-08-06
3680,Joseph,Curry,austinfrye@example.org,Canada,2025-01-29
3681,Jennifer,Reynolds,xgreene@example.org,USA,2025-05-07
3682,Jesus,Medina,carrollchristopher@example.org,Canada,2025-07-07
3683,Amber,Webster,houstonlaura@example.com,USA,2024-01-07
3684,Desiree,Trevino,aaron62@example.net,Canada,2025-11-15
3685,Joseph,Lee,emily89@example.org,USA,2026-06-30
3686,Jonathan,Kennedy,crosbyjoan@example.com,USA,2024-12-12
3687,Cheryl,Dennis,xparsons@example.com,Australia,2024-03-01
3688,John,Hoffman,iacevedo@example.net,Canada,2024-08-17
3689,Andrew,Adams,lori09@example.com,Canada,2024-02-16
3690,Katherine,Hansen,chelsea70@example.org,Canada,2025-05-06
3691,Lindsay,Jacobs,ncampbell@example.com,UK,2025-06-10
3692,Mary,Ruiz,bradley71@example.net,USA,2025-03-17
3693,Adam,Gill,joshua88@example.com,USA,2024-04-10
3694,Joshua,Mitchell,hestrada@example.com,Canada,2024-12-04
3695,Brianna,Carr,stephen61@example.com,Canada,2025-09-27
3696,Melissa,Johnson,fsilva@example.com,Canada,2025-07-02
3697,Rebekah,Miller,laurengreen@example.net,Australia,2026-06-08
3698,Shane,Rogers,acalderon@example.com,USA,2025-10-27
3699,Aaron,Morgan,racevedo@example.org,Australia,2024-10-16
3700,Eileen,Green,jamesbenson@example.com,Canada,2025-06-21
3701,Danielle,Graham,andrew45@example.org,USA,2025-07-29
3702,Kimberly,Ortiz,toddcollins@example.org,USA,2026-02-11
3703,Kara,Baker,laurahamilton@example.com,Canada,2026-02-18
3704,Amanda,Jackson,laurie14@example.org,UK,2026-03-04
3705,Mark,Baird,ambersavage@example.com,Australia,2024-12-02
3706,Gerald,Bennett,willie16@example.org,UK,2025-03-10
3707,Karl,Sanchez,dvillarreal@example.net,USA,2024-10-17
3708,Marcus,Bell,cortezchristopher@example.org,Canada,2026-03-10
3709,Donald,Dunn,fburke@example.net,Canada,2025-08-01
3710,Aaron,Carter,dylan77@example.com,Australia,2025-03-18
3711,Katherine,Williams,paulperry@example.org,Canada,2026-06-23
3712,Julie,Lewis,erin39@example.com,USA,2024-11-05
3713,Kimberly,Gray,jessemedina@example.net,USA,2026-07-12
3714,James,Wood,tdavis@example.net,USA,2026-05-06
3715,Shane,Robinson,blackwellkevin@example.com,Australia,2025-01-08
3716,Olivia,Thompson,yzamora@example.org,Canada,2026-06-20
3717,Sean,Edwards,hicksrachel@example.net,Canada,2026-05-20
3718,Catherine,Cervantes,kristen59@example.com,Canada,2025-09-09
3719,Debra,Everett,devon53@example.com,Canada,2025-11-20
3720,Kristin,Humphrey,riverskristen@example.com,Canada,2024-10-21
3721,Robert,Alvarez,bakeredward@example.com,Canada,2024-11-25
3722,Michael,Parker,tbell@example.org,UK,2023-11-13
3723,Karen,Miranda,brianchapman@example.org,,2025-07-27
3724,Brandon,Rosales,hogannathan@example.com,Canada,2025-10-25
3725,Edward,Garner,matthew85@example.net,Canada,2025-08-11
3726,Michael,Peterson,robinhancock@example.org,Australia,2026-06-18
3727,Russell,Johnson,hensleybenjamin@example.com,Canada,2023-09-22
3728,Yvonne,Doyle,brownjohn@example.com,Canada,2025-05-24
3729,Karen,Ward,mmiller@example.net,Canada,2025-12-07
3730,Warren,Vargas,fbass@example.org,USA,2025-04-13
3731,Felicia,Flores,kaitlynwest@example.com,Canada,2024-11-04
3732,Charles,Cross,fwest@example.net,Australia,2025-07-26
3733,Deborah,Dixon,ramirezsteven@example.net,Canada,2024-11-15
3734,Emily,Garrison,jkelley@example.net,USA,2025-06-25
3735,Joy,Joseph,richard99@example.com,Canada,2023-09-09
3736,Dawn,Jones,jacquelineholt@example.org,USA,2025-10-30
3737,Audrey,Lopez,bodonnell@example.com,USA,2024-06-21
3738,Timothy,Allen,jthompson@example.org,USA,2024-05-25
3739,Michael,Robinson,patelnicholas@example.com,USA,2025-02-03
3740,Shannon,Sanchez,kingjessica@example.net,USA,2024-08-28
3741,Jose,Evans,maria03@example.com,UK,2025-06-15
3742,Julian,Smith,sabrinaperez@example.net,UK,2025-01-30
3743,Jeremiah,Howard,medinajulie@example.net,USA,2025-11-26
3744,Richard,Collins,gmendoza@example.org,Canada,2023-11-28
3745,James,Richardson,alankelly@example.com,Canada,2024-03-23
3746,Rachel,Waller,amanda15@example.org,Canada,2026-06-29
3747,Shari,Parsons,dana17@example.net,USA,2025-06-12
3748,Matthew,Dean,lambalexandra@example.net,Canada,2026-04-19
3749,Laura,Jones,teresaspencer@example.com,Canada,2024-08-18
3750,Lindsey,Franco,bennettmichael@example.net,UK,2024-03-03
3751,Amanda,Dunlap,matthewslarry@example.net,UK,2023-11-30
3752,Patricia,Cannon,haneysusan@example.org,UK,2026-02-04
3753,Michelle,Lopez,jadehendrix@example.org,Canada,2024-07-28
3754,Eric,Norris,audrey30@example.net,USA,2025-11-05
3755,Craig,Brown,eric34@example.org,Canada,2026-08-11
3756,Kenneth,Morales,johncook@example.net,Canada,2024-09-15
3757,James,Brown,floresbenjamin@example.org,Canada,2026-01-24
3758,Kenneth,Cole,powerscory@example.org,Canada,2025-06-27
3759,Pamela,Russell,elizabeth55@example.com,Canada,2024-11-09
3760,Mary,Reynolds,mark41@example.net,UK,2025-11-12
3761,Isaiah,Garza,richardaustin@example.net,Canada,2024-06-09
3762,Eric,Butler,donovansamantha@example.org,USA,2023-09-16
3763,Teresa,Hardin,yhendrix@example.net,USA,2025-06-26
3764,Andre,Woodard,ernestwright@example.net,Canada,2024-01-04
3765,Amanda,Butler,edwinmiller@example.com,USA,2024-09-15
3766,Danielle,Jackson,khouston@example.com,Canada,2026-07-03
3767,Anthony,Lee,tyler10@example.org,USA,2024-09-03
3768,Jerry,Bates,travis28@example.net,Canada,2025-01-02
3769,Jade,Moore,williamsdeanna@example.com,Canada,2026-05-18
3770,Joseph,Morgan,qmoss@example.org,Canada,2025-04-22
3771,Sheila,Thomas,christopher52@example.net,USA,2026-01-27
3772,Mark,Forbes,mccarthydylan@example.net,UK,2026-06-25
3773,Reginald,Shaffer,robertsanthony@example.org,Canada,2024-06-04
3774,Robert,Howard,olivia47@example.com,USA,2025-09-19
3775,Catherine,Peterson,scottchristopher@example.net,USA,2026-07-22
3776,Breanna,Rivera,qmccarty@example.org,Australia,2023-09-29
3777,Rachel,Murphy,ryan23@example.net,UK,2025-04-25
3778,Alyssa,Mcintosh,yluna@example.com,USA,2024-11-30
3779,Toni,Davila,charlesprice@example.org,USA,2024-11-20
3780,David,Pennington,dyervictoria@example.net,UK,2026-03-30
3781,Angela,Smith,timothy94@example.net,Canada,2025-11-24
3782,Rachel,Miller,lewisallen@example.com,Canada,2024-01-01
3783,Jennifer,Scott,jessica82@example.net,Canada,2025-05-07
3784,Kyle,Lawrence,greenlisa@example.net,UK,2023-10-13
3785,Michael,Parker,annchapman@example.org,UK,2026-07-06
3786,Robert,Lewis,wilkinsmark@example.org,Canada,2024-01-07
3787,Jessica,Snyder,michelle86@example.net,USA,2025-03-23
3788,Kayla,Davenport,norman29@example.org,USA,2024-09-27
3789,Elizabeth,Bates,moniquemoore@example.org,Canada,2025-10-15
3790,Rachel,Wolf,roseeric@example.com,Australia,2024-04-07
3791,Samuel,Hicks,ronald46@example.com,Canada,2026-05-11
3792,Danielle,Shaw,zramirez@example.net,Canada,2024-04-17
3793,Teresa,Gross,mariah75@example.org,USA,2023-11-16
3794,Michael,Gonzalez,wmorris@example.net,USA,2025-12-31
3795,Mark,Fuller,thill@example.com,Canada,2026-07-15
3796,Christopher,Jennings,tara62@example.com,USA,2024-12-20
3797,Kathleen,Combs,tylerchristine@example.com,USA,2024-05-29
3798,Jeffrey,Austin,kristin15@example.net,Canada,2024-12-11
3799,Olivia,Carr,bmoreno@example.org,Canada,2026-06-12
3800,Alan,Lamb,michaelgordon@example.org,USA,2023-10-27
3801,Daniel,Mueller,millerjill@example.net,Canada,2025-01-24
3802,Danielle,Thompson,duane84@example.net,Australia,2026-01-05
3803,Jason,Barton,timothyortiz@example.org,UK,2025-05-05
3804,April,King,friedmanlinda@example.net,Australia,2026-07-21
3805,Joshua,Leon,reneespencer@example.org,Canada,2026-02-26
3806,Matthew,Robinson,nicholasibarra@example.com,Australia,2024-11-02
3807,Julie,Garcia,mark46@example.org,Canada,2024-09-03
3808,Brenda,Stafford,gilbertsamuel@example.com,Canada,2026-06-07
3809,Makayla,Powell,tylerwilliams@example.com,Canada,2025-11-20
3810,Randall,Horton,claire11@example.net,Canada,2025-09-17
3811,Jennifer,Nicholson,riley28@example.com,USA,2025-11-07
3812,George,Miller,tara38@example.org,USA,2026-03-22
3813,Emily,Gibson,ana12@example.com,Canada,2024-03-08
3814,Jordan,Dunlap,raymond84@example.com,USA,2025-11-19
3815,Aaron,Hoffman,guerramaria@example.org,Canada,2025-08-21
3816,Patricia,Terry,lawsoncalvin@example.com,USA,2024-10-05
3817,Casey,Armstrong,kerry49@example.org,Canada,2024-08-27
3818,Emily,Jordan,christine28@example.net,UK,2025-12-01
3819,Zachary,Schneider,cnelson@example.com,UK,2024-09-09
3820,Kimberly,Aguilar,olsonmichael@example.com,USA,2025-10-24
3821,Jose,Leon,danielletorres@example.com,Canada,2025-04-01
3822,Diane,Garcia,lowen@example.org,Canada,2025-10-25
3823,Maria,Baker,tuckerstacey@example.net,UK,2024-05-12
3824,Michelle,Reed,brittney71@example.org,Canada,2025-08-18
3825,Daniel,Herring,steven34@example.net,Canada,2026-07-10
3826,John,Jones,heather72@example.org,Canada,2024-09-11
3827,Michael,Hayden,richard13@example.com,USA,2024-06-13
3828,Tammy,Walters,cody85@example.net,USA,2024-10-05
3829,Jason,Ortega,johnthomas@example.com,UK,2026-07-16
3830,Michael,Smith,todd94@example.com,Canada,2024-09-21
3831,Walter,Valdez,ywilliams@example.net,Canada,2025-12-16
3832,Jose,Bowman,robertallen@example.net,UK,2025-11-05
3833,Kristin,Little,bsmith@example.com,UK,2023-12-11
3834,Richard,Watkins,gschultz@example.com,Canada,2025-10-29
3835,Travis,Lawrence,terrimartinez@example.com,USA,2025-10-12
3836,Ashley,Vang,victorcampbell@example.net,Canada,2025-12-09
3837,Benjamin,Murray,charlotteprice@example.org,Australia,2023-11-15
3838,Michael,Byrd,changsamuel@example.org,Canada,2026-06-17
3839,Steve,Gibbs,autumn78@example.com,Australia,2025-09-27
3840,Gregory,Rice,erin62@example.org,USA,2025-11-20
3841,Michael,Cochran,elizabethtownsend@example.net,USA,2024-11-28
3842,Richard,Wright,krystaltucker@example.org,Canada,2024-09-28
3843,Emily,Kelly,dwilliams@example.com,USA,2024-01-09
3844,Amanda,Lewis,rasmussenjerry@example.com,Canada,2026-02-06
3845,Karen,Salazar,nelsonbrandon@example.com,Canada,2026-05-16
3846,Kyle,Vasquez,theresa36@example.com,USA,2026-03-11
3847,Sandra,Edwards,ealexander@example.net,Australia,2024-06-10
3848,Sylvia,Gonzalez,beckrobin@example.net,USA,2025-10-20
3849,Linda,Schroeder,jbridges@example.org,USA,2024-10-22
3850,Anthony,Thompson,howard63@example.net,Canada,2025-01-19
3851,Brittany,Baker,thomaswilliam@example.net,Canada,2024-10-22
3852,Sheila,Garcia,emilykrueger@example.org,Canada,2023-11-12
3853,Courtney,Jackson,lindamiller@example.org,USA,2025-05-24
3854,Kristine,Payne,meganpatrick@example.com,Australia,2024-10-27
3855,Katherine,Flores,crystal46@example.com,canada,2025-09-27
3856,Henry,Parks,joshua11@example.net,Canada,2023-12-06
3857,Kelsey,Patel,christopher67@example.org,Canada,2025-03-04
3858,Andrew,Morgan,harrismargaret@example.net,USA,2025-04-04
3859,Hannah,Robinson,xpalmer@example.org,Canada,2025-04-01
3860,Rachael,Atkins,greenemily@example.org,UK,2023-09-21
3861,Charles,Stanley,jamesmorris@example.org,UK,2026-05-03
3862,Daniel,Ramos,rhondasmith@example.org,USA,2025-02-28
3863,Natalie,Foster,taylor70@example.net,Canada,2025-05-11
3864,Victoria,Stanley,igraham@example.org,Canada,2025-12-18
3865,Nicholas,Yang,aaron67@example.net,Canada,2026-02-25
3866,Dana,Lopez,porterbobby@example.net,Canada,2025-03-17
3867,Zachary,Hoffman,dakota69@example.org,Canada,2023-10-10
3868,Olivia,Lambert,pkirk@example.com,USA,2026-01-10
3869,Jonathan,Jordan,daniel91@example.com,USA,2023-10-01
3870,Jennifer,Cohen,chelseasmith@example.com,Canada,2026-01-10
3871,Ashley,Sanford,obrewer@example.com,Canada,2024-01-12
3872,Lisa,Bolton,hfleming@example.net,Canada,2023-11-05
3873,Michelle,Hansen,lopezvictoria@example.org,Canada,2025-05-18
3874,Steven,Smith,gregory53@example.org,UK,2025-06-07
3875,Dana,Sanders,kimberlypeterson@example.org,Canada,2024-11-04
3876,Adam,Thompson,wduncan@example.org,Canada,2025-04-16
3877,William,Richardson,wyatt29@example.org,Canada,2024-03-27
3878,Victoria,Gardner,james91@example.org,UK,2024-11-11
3879,Shane,Mcclure,melissa74@example.com,USA,2026-05-24
3880,Nicholas,Robinson,david21@example.com,Canada,2023-10-12
3881,Lindsey,Davis,jaimeduncan@example.com,USA,2025-03-06
3882,Cynthia,Mann,huynhmatthew@example.net,USA,2024-12-31
3883,Trevor,Vasquez,mlyons@example.org,Australia,2024-09-03
3884,Vincent,Solomon,charles46@example.org,Canada,2024-08-17
3885,Sylvia,King,kathleenwelch@example.net,UK,2024-08-07
3886,John,Cruz,darius87@example.com,Australia,2025-01-04
3887,Michelle,Graham,smithjoshua@example.com,UK,2024-08-11
3888,Stephanie,Cameron,qrhodes@example.org,USA,2026-03-02
3889,Danielle,Kennedy,bradleyperez@example.com,USA,2025-05-18
3890,Robert,Poole,wcook@example.com,Canada,2026-04-30
3891,Joseph,Oneill,chankevin@example.com,USA,2026-05-01
3892,Michele,Willis,nswanson@example.org,USA,2025-04-06
3893,Vicki,Hughes,megan27@example.org,USA,2025-01-01
3894,Kimberly,Silva,lisa47@example.com,Canada,2026-02-18
3895,Daniel,Williams,cmyers@example.com,USA,2024-07-04
3896,Julia,Barnes,khernandez@example.com,UK,2024-02-04
3897,Paul,Ray,william40@example.org,Canada,2025-05-18
3898,Chelsea,Scott,wrice@example.net,UK,2024-11-20
3899,Megan,Gray,sandrafinley@example.net,USA,2026-03-24
3900,Carlos,Stone,ecasey@example.org,UK,2025-07-06
3901,Michelle,Ware,xgonzales@example.com,Canada,2023-10-05
3902,Destiny,Hudson,othomas@example.com,Canada,2025-01-16
3903,Isaiah,Mcgee,yjones@example.org,UK,2023-10-21
3904,Samuel,Allen,david89@example.com,Canada,2024-02-26
3905,Donna,Johnson,karlmartin@example.org,UK,2025-09-10
3906,Kimberly,Williams,jasonlawrence@example.org,USA,2024-05-24
3907,Nicholas,Cobb,davenportstephanie@example.com,USA,2025-05-03
3908,Terri,Zimmerman,rossmaurice@example.org,Canada,2024-03-18
3909,Samuel,Hobbs,kimberly94@example.org,USA,2024-01-18
3910,Matthew,Olson,johnsonpatrick@example.com,Canada,2024-05-26
3911,Nina,Peters,amanda53@example.org,Canada,2023-12-27
3912,Beth,Molina,scottmichael@example.com,Canada,2026-05-09
3913,Alyssa,Smith,terriortiz@example.com,Canada,2026-07-20
3914,Michael,Owen,bhawkins@example.net,Australia,2025-03-24
3915,Susan,Stephens,sheltonbobby@example.net,Australia,2025-05-29
3916,David,Martinez,starkaustin@example.org,Canada,2025-07-03
3917,Jennifer,Nguyen,nbrandt@example.net,USA,2025-12-19
3918,Dorothy,Fernandez,xknight@example.com,Canada,2024-02-12
3919,Nicole,Crawford,kingeric@example.com,USA,2025-05-04
3920,Laura,Thompson,wellselizabeth@example.com,UK,2024-07-26
3921,Danny,Smith,kathleenweaver@example.net,Australia,2023-08-29
3922,Adam,Nguyen,whitetony@example.com,Canada,2025-09-10
3923,Edward,Smith,jessicadouglas@example.org,USA,2023-11-20
3924,Paige,Ward,stacey16@example.com,Canada,2025-03-24
3925,Christine,Barrett,brownpamela@example.com,Australia,2024-11-18
3926,Nancy,Flores,chanmichael@example.com,Canada,2025-09-06
3927,Ashley,King,marciahall@example.net,USA,2024-10-31
3928,Timothy,Kerr,kelly83@example.org,USA,2023-09-05
3929,Tammy,Romero,pthomas@example.net,USA,2025-04-21
3930,Raymond,Mann,simmonslaura@example.com,Canada,2024-08-23
3931,Tiffany,Hernandez,richardjones@example.net,Australia,2025-08-18
3932,Matthew,Padilla,xsmith@example.org,Canada,2025-10-21
3933,Ariana,Crawford,bcaldwell@example.net,,2024-01-10
3934,Charles,Anderson,allisoneric@example.net,Canada,2025-10-20
3935,David,Perez,taracole@example.org,Canada,2026-02-18
3936,Barbara,Rosales,grichards@example.org,USA,2025-06-02
3937,Dakota,Nichols,robin11@example.com,Canada,2026-03-02
3938,Laurie,Brewer,campbellfrederick@example.org,Canada,2026-05-08
3939,Steven,Rivas,hturner@example.com,Canada,2026-05-20
3940,Kerry,Cochran,brandimoore@example.org,Canada,2024-09-04
3941,Christopher,Frost,heatherthompson@example.net,USA,2025-05-13
3942,Tiffany,Conner,pluna@example.net,UK,2024-12-09
3943,Kristine,Castillo,kenneth43@example.net,Canada,2026-04-16
3944,Michelle,Dean,kstone@example.net,Canada,2026-07-25
3945,Nicholas,Woods,rebecca43@example.net,Canada,2026-03-28
3946,Deborah,Conley,hinesjeremy@example.net,Canada,2025-07-31
3947,Danielle,Martinez,aperkins@example.org,USA,2025-07-08
3948,Jennifer,Bradley,guzmanrobert@example.com,USA,2025-02-01
3949,Timothy,Anderson,richardneal@example.net,Canada,2026-02-20
3950,David,Green,sandrawalker@example.net,Canada,2024-05-01
3951,Caitlin,Miller,sandra01@example.net,Canada,2024-08-19
3952,Steven,Rodriguez,goodwinjack@example.org,UK,2024-10-29
3953,Rhonda,Green,robert00@example.net,Australia,2023-11-02
3954,Joseph,Hull,jeffrivera@example.net,Canada,2026-08-05
3955,Joshua,Owen,ericryan@example.org,Canada,2026-02-21
3956,Sydney,Holland,christina67@example.com,UK,2026-01-11
3957,Christopher,Gomez,clarkegabriel@example.org,Australia,2025-11-11
3958,Steven,Chan,cnguyen@example.net,Canada,2024-03-31
3959,Cassie,Smith,warnerdaisy@example.com,Canada,2024-07-16
3960,Shawn,Jones,kevin78@example.com,Canada,2024-05-21
3961,Joan,Nguyen,donna04@example.org,USA,2025-07-24
3962,David,Harvey,jenniferbrady@example.net,Canada,2024-12-08
3963,Stephanie,Shepherd,sophia39@example.org,Canada,2024-07-22
3964,Jerry,Andrews,ramirezmelissa@example.net,USA,2025-12-21
3965,Brittany,White,greg78@example.net,Canada,2024-04-21
3966,Stephen,Wright,mcclainjohn@example.com,USA,2024-05-02
3967,Matthew,Soto,brentodom@example.com,Canada,2024-07-27
3968,Megan,Hernandez,bmahoney@example.net,Canada,2025-05-07
3969,Nicholas,Klein,pmoore@example.org,USA,2024-09-05
3970,Mario,Jones,martinezlorraine@example.com,Canada,2023-12-05
3971,Anthony,Erickson,stacey58@example.com,Australia,2023-10-20
3972,Briana,Burch,hilledwin@example.net,USA,2026-02-03
3973,Emily,Shah,ftorres@example.net,Canada,2025-07-02
3974,Nathan,Watson,andersonjesse@example.org,USA,2026-06-18
3975,Kelli,Jones,richardlynn@example.net,Canada,2026-07-24
3976,Michael,Smith,jessicacollins@example.com,UK,2026-06-08
3977,Terri,Jensen,srodriguez@example.com,Canada,2026-03-19
3978,Lee,Crawford,shannonphilip@example.org,USA,2024-02-28
3979,Zachary,Banks,robert06@example.org,Canada,2025-11-15
3980,Dennis,Christian,patricia63@example.com,Canada,2024-01-13
3981,Morgan,Smith,uayers@example.org,UK,2024-07-03
3982,Brian,Lawson,wmason@example.net,UK,2025-08-05
3983,Caitlin,Murray,torresgina@example.net,Canada,2026-07-13
3984,Andrew,Mahoney,mcgeebrittany@example.org,Canada,2023-10-09
3985,Sabrina,Hubbard,doconnor@example.net,UK,2024-04-15
3986,Eduardo,Guerra,medinajamie@example.com,Australia,2026-01-13
3987,Paula,Douglas,jmays@example.net,Canada,2023-12-24
3988,Tammy,Kennedy,christopher56@example.net,USA,2023-10-11
3989,Michael,Johnson,zcook@example.net,Canada,2025-03-31
3990,Ethan,Mendoza,smithstacy@example.net,UK,2025-02-07
3991,Madison,Ramsey,nunezsherry@example.com,Canada,2024-12-24
3992,Cynthia,Ellis,robert07@example.net,Canada,2024-04-22
3993,Jennifer,Norman,brandonross@example.com,USA,2026-06-30
3994,Abigail,George,dakota45@example.com,Canada,2025-06-17
3995,James,Murray,greentimothy@example.net,USA,2023-09-29
3996,Ryan,Rose,ecole@example.net,Canada,2024-08-26
3997,Travis,Garcia,btorres@example.org,Canada,2024-09-09
3998,Cathy,Diaz,tclark@example.org,Canada,2026-06-02
3999,Christopher,Williams,jclark@example.org,USA,2025-10-18
4000,Dennis,Moreno,roy33@example.com,Canada,2025-10-01
4001,Timothy,Allen,corysimpson@example.net,USA,2025-01-30
4002,Brittany,Martin,srodriguez@example.net,UK,2025-01-29
4003,Eric,Christian,josebrown@example.com,USA,2026-07-04
4004,Kelly,Morris,sheakenneth@example.org,Canada,2025-02-27
4005,Julie,Johnson,ashleycrawford@example.net,Canada,2025-01-05
4006,Abigail,Mendoza,nicholas63@example.org,Canada,2024-03-30
4007,Laura,Campbell,kelseybrown@example.org,Canada,2025-05-18
4008,Kelly,Edwards,christine30@example.com,Canada,2025-09-18
4009,Jennifer,Rodriguez,redwards@example.com,USA,2025-11-26
4010,Elijah,Harvey,michaelboyd@example.com,Canada,2024-02-09
4011,Matthew,Chavez,crystal00@example.org,Canada,2024-01-08
4012,Benjamin,Walker,benjamin67@example.com,Canada,2026-03-14
4013,Theresa,Garcia,christian58@example.net,USA,2025-11-06
4014,Margaret,Garcia,kelseyhunter@example.org,Canada,2024-08-25
4015,Robert,Reynolds,hornjeff@example.org,USA,2025-02-06
4016,Angela,Wise,creid@example.net,Canada,2025-04-23
4017,Lauren,Butler,donald69@example.com,UK,2026-02-15
4018,Lisa,Foley,kevin20@example.org,UK,2024-02-13
4019,Tiffany,Benson,johnstephens@example.com,Canada,2024-03-18
4020,Chad,Oneill,stevenevans@example.org,Canada,2024-04-26
4021,Charles,Houston,gentryanthony@example.org,Canada,2024-10-11
4022,Oscar,Matthews,morakristin@example.net,Canada,2025-12-04
4023,Elizabeth,Ortiz,qmiller@example.com,USA,2026-06-07
4024,Kristin,Marks,rivaslisa@example.net,UK,2024-01-06
4025,Leslie,Gould,pamelabarber@example.com,USA,2025-04-26
4026,Elizabeth,Lewis,novakjeffrey@example.org,UK,2024-06-24
4027,James,Jones,rodriguezmichaela@example.net,Canada,2025-07-16
4028,Larry,Rush,sandra32@example.com,Canada,2025-07-19
4029,Sean,Matthews,collinsshannon@example.net,USA,2024-09-20
4030,Aaron,Garner,romanraven@example.com,Canada,2023-12-09
4031,Donna,Gordon,chadgonzalez@example.com,USA,2026-01-25
4032,Michael,Lozano,leroy22@example.com,Canada,2024-08-15
4033,Tiffany,Greene,gibsonjoseph@example.org,Canada,2024-04-13
4034,Victoria,Cole,christine99@example.net,Australia,2024-12-26
4035,Cassandra,Hall,ericksonphillip@example.net,Canada,2024-07-03
4036,Jacob,Mccoy,chad60@example.org,Australia,2024-02-21
4037,Katherine,Hayes,shelbywarner@example.net,Australia,2023-10-10
4038,Tracy,Gould,christophercopeland@example.org,USA,2023-09-20
4039,Amanda,Sullivan,kenneth12@example.com,USA,2024-04-25
4040,Benjamin,Galvan,brownscott@example.net,USA,2024-11-02
4041,Carol,Mcdowell,ohampton@example.net,UK,2026-02-01
4042,Brittany,Hicks,mcdonaldrachael@example.org,Canada,2024-11-08
4043,Daniel,Mcneil,ayates@example.org,USA,2024-12-21
4044,Stephanie,Hubbard,desireeedwards@example.com,USA,2025-06-04
4045,Lisa,Cabrera,wallacedakota@example.org,Canada,2024-12-18
4046,Audrey,Blake,haneyjoshua@example.org,Canada,2024-02-24
4047,Christopher,Mitchell,duffylisa@example.com,Canada,2026-03-09
4048,Rodney,Ramirez,jesusstanley@example.com,USA,2025-08-18
4049,Jessica,Mercer,nathaniel23@example.net,UK,2026-08-06
4050,Timothy,Frazier,jessicaward@example.org,Canada,2026-04-08
4051,Katherine,Collins,paulpowell@example.com,Australia,2024-04-13
4052,Paul,Rodriguez,dholland@example.org,USA,2023-12-13
4053,Shawn,Nixon,kathryn24@example.net,UK,2025-02-14
4054,Jennifer,Hickman,lauracain@example.com,USA,2026-03-05
4055,Nicholas,Rivera,maryhernandez@example.com,USA,2025-08-13
4056,Paul,Chavez,greenchristian@example.org,Canada,2024-06-16
4057,James,Martinez,ylowery@example.com,UK,2026-06-14
4058,Russell,Diaz,woodsjeremy@example.com,Canada,2025-01-09
4059,David,Gilmore,pricematthew@example.com,UK,2025-09-24
4060,Briana,Salazar,karen64@example.com,Australia,2024-04-06
4061,Brittany,Benson,ssmith@example.net,Canada,2026-07-27
4062,Debbie,Ward,bradfordjerry@example.net,Canada,2024-05-08
4063,Doris,Alvarez,ramseyvalerie@example.com,USA,2026-07-02
4064,Brandy,Hernandez,david05@example.org,Canada,2025-07-02
4065,Glenn,Mercer,williamschristopher@example.org,UK,2025-08-22
4066,Kara,Miller,roger61@example.net,Canada,2025-01-06
4067,Anna,French,taylorchristopher@example.org,Canada,2023-08-23
4068,Emily,Hawkins,dianalee@example.com,Australia,2025-08-20
4069,Nicholas,Berry,duranglenda@example.net,USA,2026-02-05
4070,Melissa,Woods,emilyrobinson@example.org,UK,2024-06-06
4071,Jose,Martinez,pfry@example.net,Canada,2026-08-13
4072,Melissa,Mcmillan,jenny19@example.org,USA,2024-01-07
4073,Charles,Esparza,natashasmith@example.org,USA,2025-11-21
4074,Alicia,Riggs,david61@example.net,USA,2025-07-12
4075,Theresa,Walker,moorerobert@example.org,USA,2025-09-16
4076,Samuel,Allen,logangarrett@example.net,USA,2023-11-02
4077,Melanie,Hamilton,copelanddylan@example.net,Canada,2025-08-21
4078,Jennifer,Gross,tiffanytaylor@example.net,Canada,2024-02-01
4079,Olivia,Trujillo,lbuck@example.com,USA,2026-04-21
4080,John,Aguilar,megan22@example.com,Canada,2024-03-11
4081,Christina,Gill,kevin84@example.org,USA,2026-01-16
4082,Julie,Patterson,hhunter@example.org,Canada,2024-07-25
4083,Tasha,Walker,mscott@example.net,USA,2025-03-13
4084,Luke,Porter,randalllogan@example.com,USA,2025-06-02
4085,Donna,Benson,khale@example.com,Canada,2025-03-25
4086,Sarah,Williams,barbara20@example.net,Canada,2025-10-29
4087,Stephanie,Mckay,ajackson@example.org,Canada,2026-04-19
4088,Tammy,Foster,robinsonjames@example.net,USA,2024-07-12
4089,Amanda,Smith,melvin99@example.net,UK,2026-06-29
4090,Taylor,Perez,ycordova@example.net,canada,2024-03-23
4091,Maria,Davila,kathryn19@example.net,USA,2026-02-01
4092,Jonathan,Hayes,jonestimothy@example.org,Canada,2026-08-08
4093,Sylvia,Bryant,jennifersimmons@example.com,USA,2024-10-25
4094,Denise,Roy,garciamichael@example.net,Australia,2024-07-06
4095,Melissa,Harris,hoganamy@example.com,Canada,2024-10-31
4096,John,Paul,belindamartin@example.com,USA,2026-08-15
4097,Angelica,Dixon,suzanneroberson@example.org,Canada,2026-01-14
4098,Benjamin,Ruiz,christopherfields@example.org,Canada,2025-10-15
4099,Tina,Farmer,amy22@example.org,Canada,2025-01-20
4100,Adam,Williamson,piercedevin@example.com,Canada,2024-05-25
4101,Emily,Kim,tracywolfe@example.org,USA,2025-07-11
4102,Mark,Moore,michael10@example.org,Canada,2026-07-05
4103,Nicole,Johnson,montgomeryhaley@example.com,USA,2025-10-08
4104,David,Wiley,hannahsmith@example.com,Canada,2023-09-02
4105,Shannon,Anderson,benjamin83@example.org,Canada,2025-10-03
4106,James,Nelson,nataliebowman@example.org,USA,2026-08-17
4107,Mark,Harris,hooperkatrina@example.org,Australia,2026-03-09
4108,Ann,Lin,pittsjenna@example.org,,2024-01-04
4109,Mary,Mueller,ehuff@example.net,UK,2025-08-31
4110,Albert,Clark,kingjoshua@example.com,USA,2023-10-31
4111,Andrew,Garcia,dbaker@example.org,USA,2023-09-24
4112,Amy,Roberts,andrea15@example.net,USA,2025-08-09
4113,Tracy,Evans,kgreer@example.net,Canada,2023-08-25
4114,David,Davis,adam09@example.com,Canada,2025-06-26
4115,Tiffany,Perry,davidcopeland@example.net,,2024-08-19
4116,Ernest,Sanchez,deanmcguire@example.net,Canada,2026-06-12
4117,Mark,Monroe,traceywong@example.net,UK,2024-07-20
4118,Michael,Nelson,blevinsmelissa@example.com,Canada,2025-02-16
4119,Richard,Mays,caitlinwilliams@example.org,Canada,2023-11-25
4120,Robin,Parsons,luis62@example.com,USA,2024-12-22
4121,Amy,Medina,fwilliams@example.com,Canada,2024-06-19
4122,Briana,Montes,scotttamara@example.net,USA,2026-04-24
4123,William,Mann,iwilson@example.com,USA,2023-11-03
4124,Pamela,Bridges,gregoryfrey@example.org,UK,2024-09-28
4125,Jacqueline,Moyer,donna59@example.org,USA,2023-10-10
4126,Jill,Gomez,cramos@example.com,USA,2025-06-09
4127,Toni,Davis,kristenmayo@example.net,USA,2024-04-22
4128,Jeanne,Blake,jjenkins@example.com,Australia,2026-04-05
4129,Mark,Parrish,millerpaul@example.net,Canada,2025-05-07
4130,Patricia,Kelly,cbuck@example.org,Canada,2026-04-10
4131,Donna,Brandt,darrenharris@example.com,Canada,2025-10-07
4132,Brooke,Bennett,sextonjames@example.com,Canada,2024-12-08
4133,Kaitlin,Anderson,adrianmcneil@example.com,USA,2024-06-24
4134,Rachel,Yang,jessicaarmstrong@example.net,USA,2025-01-28
4135,Nicole,Singleton,stevenschultz@example.com,USA,2025-09-22
4136,Savannah,Gaines,jasonrhodes@example.net,Canada,2025-04-05
4137,April,Gomez,williamgross@example.net,USA,2026-03-22
4138,William,Hunt,paynekatie@example.org,Canada,2026-07-19
4139,Tanner,Horton,josephpeggy@example.org,USA,2025-07-28
4140,Thomas,Crawford,christina94@example.com,USA,2024-07-29
4141,Gabriella,Day,molly44@example.org,Canada,2026-03-10
4142,Bradley,Powell,juliataylor@example.net,Canada,2025-12-14
4143,Matthew,Pena,kayla59@example.org,Canada,2025-09-15
4144,Anthony,Mcbride,john98@example.org,UK,2026-05-27
4145,Zachary,Blevins,murraycatherine@example.net,UK,2026-07-15
4146,Michael,Wyatt,oromero@example.net,USA,2025-02-16
4147,Robert,Andersen,grayalicia@example.org,Canada,2026-08-12
4148,Erica,Burns,brianramos@example.net,Canada,2023-12-07
4149,Gloria,Owens,rdavis@example.net,USA,2026-03-21
4150,Leslie,Johnson,vasquezamanda@example.com,USA,2025-05-22
4151,Edgar,Gonzalez,justin33@example.com,Canada,2025-05-20
4152,Cassandra,Anderson,evelyn02@example.org,Canada,2023-11-25
4153,Yvonne,Taylor,kedwards@example.com,USA,2024-05-08
4154,Heather,Page,mitchellshannon@example.com,Canada,2025-06-03
4155,Brian,Taylor,johnolson@example.org,Canada,2024-07-07
4156,Laura,Rivera,richardsjennifer@example.com,Canada,2024-09-28
4157,Heather,Hatfield,gentryeduardo@example.org,USA,2024-11-14
4158,Thomas,Jones,qmccann@example.com,UK,2025-04-30
4159,Lauren,Lloyd,mirandadaniel@example.net,Australia,2024-05-21
4160,Elaine,Davis,timoconnor@example.org,USA,2026-03-02
4161,Mark,Kim,jgarcia@example.org,USA,2026-03-31
4162,Rebecca,Weaver,dianachen@example.com,Canada,2024-10-18
4163,Justin,Grant,john04@example.com,USA,2024-09-30
4164,Lisa,Peterson,brent63@example.net,Canada,2024-08-20
4165,Adam,Jimenez,sandra33@example.net,USA,2024-01-19
4166,Robert,Andersen,bakermadison@example.org,Canada,2023-09-23
4167,Gregory,Harmon,richardbennett@example.net,Canada,2026-08-03
4168,Mary,Gould,kwu@example.org,Canada,2024-03-10
4169,Gina,Hernandez,vbrooks@example.net,Canada,2023-09-16
4170,Dalton,Mejia,reynoldssheena@example.com,Canada,2023-09-17
4171,Jennifer,Blanchard,thompsonbrian@example.net,Canada,2026-03-08
4172,Johnny,Carr,egraham@example.org,Australia,2026-05-17
4173,Patrick,Chandler,ginafischer@example.org,Canada,2025-05-27
4174,Cynthia,Combs,beckygray@example.net,USA,2025-06-19
4175,Daniel,Horn,angelmiller@example.org,UK,2026-05-25
4176,Bobby,Brown,nicoledixon@example.net,Australia,2025-01-10
4177,Kaitlyn,White,stewartchristine@example.com,USA,2025-02-10
4178,Amber,Small,pamelamahoney@example.org,UK,2024-11-02
4179,Edward,Steele,choitina@example.org,Canada,2024-11-25
4180,Barbara,Brown,jonathan65@example.net,Canada,2025-05-18
4181,Derrick,Ibarra,kortiz@example.com,Canada,2026-02-04
4182,Lynn,Lucas,scott45@example.org,USA,2024-09-21
4183,Jeff,Pierce,taylor88@example.com,USA,2023-09-06
4184,Adam,Terry,robert77@example.com,Canada,2025-12-18
4185,Brian,Hamilton,rebeccapalmer@example.net,Canada,2024-12-31
4186,Samantha,Gardner,raymondbrown@example.net,USA,2024-01-18
4187,Laura,Thomas,emcdaniel@example.net,Canada,2025-07-27
4188,Nicholas,Wilson,smithjames@example.com,USA,2023-11-11
4189,Zachary,Coleman,paul68@example.net,USA,2023-09-02
4190,James,Vaughn,egray@example.net,USA,2026-02-25
4191,Cynthia,Thomas,priscillabeard@example.com,USA,2024-01-15
4192,Gail,Allen,emily41@example.com,UK,2026-01-05
4193,Christopher,Munoz,angela87@example.org,USA,2026-06-07
4194,David,Smith,gtucker@example.com,USA,2024-02-24
4195,Timothy,Banks,ruizjustin@example.com,USA,2024-04-25
4196,Roger,Kelley,jessica96@example.com,Canada,2025-09-26
4197,Deborah,Carter,santiagomark@example.org,Canada,2023-11-30
4198,Sara,Duncan,williamstaylor@example.org,Canada,2025-02-16
4199,Jillian,Johnson,alexanderwilliams@example.com,Canada,2025-08-19
4200,Annette,Martin,jacquelinewilliamson@example.org,USA,2023-11-19
4201,Veronica,Jackson,ndiaz@example.net,UK,2025-01-21
4202,Deborah,Craig,danielle96@example.com,Canada,2025-06-04
4203,Kaitlyn,Hayes,jonathan25@example.org,Canada,2024-10-15
4204,Erika,Gilbert,elizabeth20@example.com,Australia,2023-11-21
4205,Justin,Bailey,scottwilliams@example.net,Canada,2026-03-11
4206,Christopher,Villanueva,johnpineda@example.net,USA,2025-12-10
4207,Miranda,Clarke,xfigueroa@example.net,USA,2025-06-18
4208,Nicolas,Wilson,awang@example.net,USA,2024-08-06
4209,Tyler,Davis,qturner@example.org,Canada,2026-01-14
4210,Abigail,Gilbert,fblack@example.com,Canada,2024-06-16
4211,Cheryl,Robertson,stephanierobles@example.net,Canada,2024-11-03
4212,Justin,Williams,sean45@example.org,USA,2025-05-02
4213,Becky,Kim,jonathanhubbard@example.com,USA,2024-01-28
4214,Scott,Garza,valenzuelachristopher@example.org,Canada,2026-05-16
4215,April,Owen,haydenjohn@example.net,USA,2024-11-29
4216,William,Spencer,candace21@example.org,UK,2024-09-16
4217,Barbara,Wilson,brianhopkins@example.net,Canada,2025-09-21
4218,Debra,Steele,richbill@example.org,USA,2024-01-30
4219,Michele,Baker,christina72@example.org,USA,2024-08-23
4220,Martin,Payne,lynnholmes@example.com,Canada,2026-05-27
4221,Amy,Garcia,tanyanash@example.com,Canada,2025-01-18
4222,Felicia,Lynch,sean60@example.com,USA,2024-02-29
4223,John,Bryant,olsonamy@example.com,UK,2025-09-07
4224,Valerie,Hobbs,bakerchristian@example.org,UK,2025-02-18
4225,Amanda,Stokes,lauren92@example.com,USA,2024-12-22
4226,Sherri,Patterson,ilawrence@example.net,USA,2025-01-08
4227,Thomas,Carter,william74@example.org,Canada,2024-05-06
4228,Adam,Hull,jenniferperkins@example.net,USA,2026-08-04
4229,Robert,Zamora,vazquezsydney@example.com,USA,2024-03-08
4230,Shawn,Alvarado,travisbonnie@example.com,Canada,2024-10-08
4231,John,Morrison,hernandezjoshua@example.net,USA,2024-06-30
4232,Kenneth,Munoz,qhiggins@example.com,USA,2024-11-10
4233,Samantha,Jones,robert62@example.net,Canada,2024-01-14
4234,Sandra,Parrish,churchlisa@example.org,UK,2025-08-11
4235,Matthew,King,delacruztammy@example.org,Canada,2024-10-10
4236,David,Anderson,john03@example.com,Canada,2026-07-09
4237,Gregory,Dyer,ajones@example.net,Canada,2025-08-01
4238,Justin,Bryant,robert11@example.org,USA,2025-07-07
4239,Jason,Hale,lstephens@example.net,USA,2026-05-08
4240,Amber,Yates,ubutler@example.net,Canada,2026-04-14
4241,Michael,Hensley,william63@example.com,USA,2024-12-08
4242,Jeanne,Phillips,martinmelissa@example.net,Canada,2025-03-16
4243,Matthew,Jones,robinmills@example.net,USA,2024-10-12
4244,Brandy,Pruitt,mary94@example.com,USA,2025-05-28
4245,Jennifer,Fox,gregory82@example.net,Canada,2026-02-28
4246,Veronica,Cole,murphybradley@example.org,Australia,2025-08-25
4247,Mary,Jackson,udavis@example.org,Canada,2024-04-07
4248,Erik,Smith,hduffy@example.com,Canada,2026-07-31
4249,David,Ramos,igardner@example.com,USA,2026-06-22
4250,Jacqueline,Strickland,thomasrice@example.net,Australia,2024-10-10
4251,Anthony,Sanchez,wagnerroberta@example.com,Canada,2025-04-27
4252,Mariah,Kim,fryeadrian@example.org,Canada,2025-08-20
4253,Jeremy,Walker,lisa57@example.org,Canada,2024-08-30
4254,Ronald,Lee,micheleyork@example.com,USA,2025-02-19
4255,Jennifer,Johnson,mark58@example.com,Canada,2025-10-03
4256,Terry,Brown,kimberlywalker@example.net,USA,2025-08-24
4257,David,Pierce,blivingston@example.com,Australia,2025-10-07
4258,Kristina,Williams,markmorgan@example.com,USA,2025-03-15
4259,Jessica,Graves,tinaflynn@example.com,Canada,2025-08-02
4260,Kelly,Garcia,imaddox@example.org,Canada,2024-09-19
4261,Brandy,Walsh,ricardo73@example.net,Canada,2024-10-23
4262,Kristin,Russo,tfranklin@example.com,UK,2025-03-08
4263,Sara,Baker,oporter@example.org,Canada,2024-03-14
4264,Gregory,Charles,justinguzman@example.com,Canada,2025-03-29
4265,Samantha,Kim,hopkinsrodney@example.org,USA,2024-05-10
4266,Christina,Case,susan64@example.org,Canada,2025-02-07
4267,Andrew,Peters,jamie12@example.net,USA,2023-10-12
4268,Michele,Sanchez,bensonjohn@example.net,Canada,2025-02-18
4269,Michelle,Bennett,johncoleman@example.net,UK,2023-10-19
4270,Patricia,Kelley,johnsonemily@example.org,Australia,2024-09-26
4271,Jeffery,Bryant,markellis@example.org,USA,2025-07-18
4272,Shannon,Martin,ujones@example.com,Australia,2024-09-25
4273,Ryan,Oliver,lterry@example.net,Canada,2026-05-02
4274,Michael,Simpson,cheryl55@example.org,USA,2026-04-24
4275,Mario,Wong,tanderson@example.net,USA,2023-11-20
4276,Danny,Palmer,priscilla83@example.net,USA,2024-09-03
4277,Ethan,Edwards,douglas07@example.net,Canada,2025-12-16
4278,Deanna,Mason,fosterlawrence@example.org,Canada,2025-06-20
4279,Jenna,Davis,travis45@example.org,Canada,2023-10-26
4280,James,Clarke,thomascruz@example.net,Canada,2026-04-14
4281,Steven,Johnson,kevinbrown@example.net,Canada,2024-09-22
4282,Michele,Jackson,floydjoann@example.com,USA,2026-04-10
4283,Justin,Doyle,brandilutz@example.com,Canada,2024-05-03
4284,Dawn,Bauer,johnstonchristopher@example.net,Canada,2023-11-27
4285,Andrea,Williams,michaelarmstrong@example.net,USA,2025-05-05
4286,Jasmine,Campbell,qfranklin@example.org,USA,2024-01-18
4287,Rhonda,Young,markrussell@example.org,UK,2025-04-19
4288,Brooke,Blevins,harriskevin@example.net,USA,2026-07-28
4289,Jose,Shaw,thomas33@example.net,Canada,2025-12-09
4290,Cindy,Holt,apatterson@example.org,UK,2024-03-12
4291,John,Weiss,tateedward@example.org,USA,2025-06-30
4292,Nicole,Zimmerman,mcknightbenjamin@example.com,Canada,2025-05-31
4293,Kevin,Johnson,hawkinsdeanna@example.net,USA,2023-11-06
4294,Noah,Jenkins,eric19@example.org,UK,2025-09-01
4295,Misty,Johnson,chadrobinson@example.com,Canada,2024-10-25
4296,Anna,Velasquez,clintonhaley@example.org,Canada,2025-12-02
4297,Nicole,Garrett,tbrown@example.net,Canada,2026-04-12
4298,Veronica,Pruitt,smithdiana@example.net,Canada,2025-04-13
4299,Anna,Montgomery,uroberts@example.org,Canada,2023-12-22
4300,Jennifer,Harrington,hinesvalerie@example.com,USA,2026-07-01
4301,Joseph,Richardson,rubiochase@example.net,Canada,2025-01-23
4302,Peter,Brown,wchavez@example.net,Australia,2024-02-06
4303,Jasmine,Delgado,jeremypetersen@example.net,USA,2024-04-07
4304,Preston,Conley,gmoyer@example.net,USA,2023-11-14
4305,Denise,Farrell,stewartpamela@example.com,UK,2026-07-27
4306,Tasha,Finley,nheath@example.org,Canada,2024-11-29
4307,Molly,Johnson,brittney46@example.net,USA,2026-03-24
4308,Tammy,Sanders,michelletaylor@example.org,USA,2024-04-17
4309,Steven,Johnson,harmonlucas@example.org,UK,2025-12-25
4310,Bethany,Delacruz,hillbrandon@example.com,USA,2024-03-25
4311,Ian,Evans,lloydrichard@example.net,Canada,2025-12-22
4312,Kelly,Keith,cindycurtis@example.org,Australia,2025-01-16
4313,Carol,Smith,hlopez@example.com,Canada,2026-05-19
4314,Mary,Thomas,andrea54@example.com,UK,2024-08-02
4315,Monica,Lewis,shannonstephanie@example.org,Australia,2026-07-13
4316,Samantha,Stone,kimberlyyoung@example.com,Canada,2025-04-07
4317,Regina,Kelley,kgonzalez@example.net,USA,2024-03-19
4318,Stephanie,Patel,scottjoe@example.com,Canada,2024-12-15
4319,April,Gutierrez,zachary74@example.org,Canada,2024-10-25
4320,Travis,Davis,rossdaniel@example.com,USA,2024-09-03
4321,Gary,Ramos,qjohnson@example.com,USA,2025-03-06
4322,Adam,Garcia,johnny15@example.com,Australia,2024-03-04
4323,Daniel,Collins,jacquelinesnow@example.org,USA,2024-11-17
4324,Patrick,Garcia,mlowery@example.com,USA,2023-11-13
4325,Zachary,Jackson,pattonmatthew@example.net,UK,2025-07-13
4326,Nicholas,Bell,gregory68@example.org,Australia,2024-10-11
4327,Karen,Buckley,vincentdavis@example.com,Canada,2026-01-22
4328,James,Wiley,crystal54@example.com,Australia,2026-03-07
4329,Michael,Jenkins,ojohnson@example.org,Canada,2026-03-11
4330,Christopher,Moses,edwinrowe@example.org,UK,2026-07-18
4331,Nicholas,Matthews,gloria17@example.net,Canada,2026-04-04
4332,Jared,Yates,amandabarrett@example.org,Canada,2026-06-19
4333,Mark,Shelton,ysmith@example.net,Canada,2024-03-21
4334,Anthony,Moran,russellsamantha@example.com,USA,2023-09-27
4335,Daniel,Lopez,melissa03@example.com,Canada,2026-02-01
4336,Courtney,Hoffman,monicaali@example.com,canada,2023-09-28
4337,Hannah,Thompson,vreilly@example.net,USA,2025-08-15
4338,Matthew,Mckinney,lisa95@example.com,UK,2024-06-29
4339,Kaitlyn,Patterson,kelly17@example.net,Canada,2025-09-25
4340,Michael,Graham,gcooper@example.org,Canada,2026-07-17
4341,Daniel,Rasmussen,wongsean@example.com,Canada,2024-07-22
4342,Bethany,Logan,brenda35@example.net,Canada,2023-12-28
4343,Robert,Lewis,madelinehenderson@example.net,UK,2025-03-07
4344,Tom,Davis,brownsean@example.com,UK,2025-04-22
4345,Sonya,Martinez,daisy57@example.com,USA,2026-06-30
4346,Joan,Allen,morgan94@example.net,Canada,2024-06-25
4347,Holly,Castaneda,colleenvance@example.org,USA,2024-07-30
4348,Michael,Hernandez,daniellewebb@example.net,USA,2025-03-30
4349,Thomas,Howard,kbarrett@example.net,UK,2024-01-05
4350,Jared,Hull,ymcclure@example.com,USA,2025-07-20
4351,Stephanie,Kennedy,petersonann@example.net,USA,2025-10-28
4352,Calvin,Warren,rmoyer@example.net,USA,2026-01-04
4353,Joshua,Randolph,freemanbarbara@example.org,Canada,2026-08-09
4354,David,Turner,yscott@example.net,canada,2025-08-03
4355,Tammy,Kidd,bruceray@example.com,USA,2026-01-15
4356,Gerald,Saunders,ulewis@example.net,USA,2025-03-09
4357,Amy,Pearson,tara23@example.com,Canada,2026-08-21
4358,Elizabeth,Waller,dellis@example.com,USA,2025-04-27
4359,Paige,Chen,john51@example.org,USA,2023-11-24
4360,Debra,Wise,piercefrank@example.org,Canada,2024-11-09
4361,Ashley,Richards,awade@example.net,Canada,2023-09-12
4362,Amber,Ward,andrealewis@example.net,USA,2025-07-30
4363,Michael,Brown,richard82@example.org,USA,2025-12-11
4364,Aaron,Smith,wsmith@example.net,USA,2025-06-02
4365,Tonya,Griffin,tonyfrank@example.net,Canada,2025-07-14
4366,Karen,Butler,lwalton@example.org,USA,2024-02-17
4367,Victor,Pittman,duncanpamela@example.net,Canada,2024-05-05
4368,William,Wheeler,tvasquez@example.net,Canada,2024-12-16
4369,Robert,Sutton,ebailey@example.com,Canada,2025-08-28
4370,Joseph,Peterson,scott67@example.com,Canada,2024-09-20
4371,Joshua,Ayala,waynegriffin@example.net,Canada,2024-06-14
4372,Thomas,Bell,leematthew@example.org,Canada,2025-11-26
4373,Bruce,Kim,randyfrey@example.org,Canada,2023-10-24
4374,David,Paul,michael57@example.org,Canada,2024-05-12
4375,Cheryl,Baldwin,duartesteven@example.com,USA,2025-12-19
4376,Benjamin,James,christopher85@example.org,USA,2025-07-31
4377,Joseph,Ross,irichardson@example.com,Canada,2025-10-06
4378,James,Wolf,brownlauren@example.org,UK,2024-11-01
4379,Sandra,Russell,jamesvasquez@example.org,Canada,2024-04-15
4380,Jonathan,Hernandez,heidi28@example.org,USA,2025-01-13
4381,Paula,Wall,tylerthompson@example.com,Canada,2025-11-22
4382,Jared,Johnson,jennifersummers@example.net,Canada,2025-09-26
4383,Nicole,Smith,douglas34@example.org,USA,2024-04-02
4384,Sean,Adams,jesusgill@example.net,USA,2024-01-04
4385,Courtney,Eaton,amandarichardson@example.net,UK,2025-12-08
4386,Christopher,Ward,omacdonald@example.org,USA,2024-06-12
4387,Jeffery,Garcia,karen17@example.com,Australia,2025-05-09
4388,Paul,Smith,tphillips@example.com,Canada,2024-07-23
4389,Jessica,Vazquez,richardsonelizabeth@example.net,Canada,2026-01-05
4390,Steven,Barnett,uroberts@example.org,Canada,2025-10-11
4391,Crystal,Cole,xboyd@example.net,Canada,2024-04-01
4392,Jessica,Anderson,cynthiaarmstrong@example.org,USA,2025-06-13
4393,Christina,Lawson,ericamiller@example.com,USA,2023-09-16
4394,Frederick,Wheeler,katherine65@example.com,Canada,2025-12-23
4395,Erin,Luna,martinfoster@example.com,Australia,2026-04-09
4396,Jill,Warren,powellstephen@example.com,UK,2025-02-13
4397,Thomas,Pitts,jwright@example.net,Canada,2024-09-17
4398,Christina,Zamora,hallmatthew@example.com,Canada,2024-01-29
4399,Terry,Jackson,nguyenashlee@example.com,Canada,2024-05-13
4400,Erica,Phillips,mperez@example.com,Canada,2025-06-26
4401,Sally,Roberts,angelabailey@example.net,Canada,2024-06-30
4402,Michael,Osborne,james70@example.net,USA,2025-02-09
4403,Anthony,Hernandez,smithdwayne@example.com,Canada,2026-06-17
4404,Omar,Bennett,michaelmyers@example.com,Canada,2024-04-02
4405,Janet,Lopez,justinwagner@example.com,Australia,2025-05-01
4406,Carmen,Jones,gsmith@example.net,USA,2024-01-04
4407,Carrie,Turner,ufoster@example.org,Australia,2025-11-18
4408,Jared,Trevino,roberttorres@example.com,Canada,2025-12-16
4409,Angela,Duncan,elizabethpalmer@example.net,Canada,2024-09-22
4410,Sheila,Davis,ynorton@example.net,USA,2025-08-26
4411,Carol,Simpson,xcarter@example.net,Canada,2025-08-10
4412,Michael,Herring,smithmichael@example.com,Canada,2026-01-30
4413,Jennifer,Barnes,jonathan73@example.net,USA,2026-07-09
4414,Jesus,Alexander,manningkristin@example.net,USA,2024-08-12
4415,Walter,Armstrong,paul51@example.net,Canada,2024-03-18
4416,Amy,Shannon,lramos@example.net,USA,2026-05-28
4417,Amber,Young,qhill@example.com,Canada,2023-10-08
4418,Lori,Romero,wesleyfoster@example.net,Canada,2024-08-10
4419,Edward,Williams,zramirez@example.net,Canada,2026-06-30
4420,Gabriel,Arias,kim35@example.com,Canada,2025-03-23
4421,Brooke,Thompson,lopezcurtis@example.com,Canada,2024-10-21
4422,Lynn,Gordon,smithamy@example.org,Australia,2024-08-17
4423,Kyle,Howell,tsimmons@example.net,USA,2026-01-17
4424,Jason,Powell,bhill@example.net,USA,2026-05-19
4425,David,Harmon,simmonsjacob@example.org,Canada,2026-01-28
4426,Bradley,Webster,whale@example.net,Canada,2026-01-02
4427,Jennifer,Dawson,littlerebecca@example.org,Canada,2023-10-07
4428,Maria,Martinez,jasonwatson@example.net,Canada,2024-11-19
4429,Jennifer,Morales,briggszachary@example.com,Canada,2025-11-20
4430,Katie,Johnson,kristen73@example.net,USA,2023-09-03
4431,Victoria,Wilkerson,lopezkelly@example.com,USA,2026-03-17
4432,Cody,Weaver,angelica61@example.net,USA,2024-07-10
4433,Ashley,Lane,robingarrett@example.net,USA,2024-10-04
4434,Natalie,Rogers,powersjodi@example.net,Australia,2024-04-21
4435,Sarah,Jenkins,bmiller@example.net,Canada,2025-02-11
4436,Timothy,Herrera,chelsey29@example.org,Canada,2025-10-05
4437,Karen,Gould,andre19@example.com,Canada,2023-11-21
4438,Sydney,Robinson,charleslee@example.net,USA,2024-09-11
4439,Suzanne,Williams,blake03@example.com,Australia,2026-04-04
4440,Charles,Hickman,jcox@example.com,Canada,2024-10-17
4441,Jennifer,Scott,pricedaniel@example.net,UK,2026-05-24
4442,Stacey,White,vmccormick@example.org,UK,2025-10-20
4443,Debra,Rangel,xvargas@example.org,Canada,2024-12-04
4444,Tracy,Davis,wilsonryan@example.net,Canada,2023-10-30
4445,Christopher,Martinez,michellepage@example.org,Canada,2026-04-06
4446,Christina,Franklin,jameswhite@example.com,Australia,2025-05-22
4447,Julie,Mack,brianfrench@example.org,Canada,2023-12-26
4448,Justin,Bates,speters@example.net,USA,2025-09-28
4449,Wendy,Ochoa,keithjane@example.net,Canada,2023-12-18
4450,Kathryn,Dalton,rasmussenmichael@example.com,USA,2024-02-16
4451,Calvin,Webster,laurasmith@example.org,Canada,2024-11-07
4452,Joshua,Garcia,kingjulie@example.com,USA,2026-02-27
4453,Nancy,Miles,qmeadows@example.org,UK,2026-01-19
4454,Andrea,Young,qelliott@example.com,UK,2025-05-03
4455,Michael,Wilkins,garzalisa@example.net,UK,2024-08-20
4456,Regina,Mason,scarey@example.com,canada,2024-06-04
4457,Raymond,Wheeler,gabriellelittle@example.com,USA,2025-05-09
4458,Billy,Scott,christian29@example.net,Canada,2023-09-08
4459,Christine,Gibson,lvelez@example.com,Canada,2026-03-08
4460,Emily,Burton,shawn69@example.org,USA,2026-04-10
4461,Lindsay,Lee,myersmelissa@example.com,Canada,2025-02-14
4462,Alice,Mccoy,harrisonkelly@example.net,USA,2024-10-06
4463,April,Aguilar,taylorkimberly@example.net,Australia,2024-10-19
4464,Chelsea,Griffin,wmiller@example.com,Canada,2024-10-19
4465,Kayla,Fernandez,msmith@example.com,USA,2025-06-06
4466,David,Morton,mwalter@example.net,Canada,2026-08-19
4467,Emily,Webb,martinezmike@example.org,Canada,2026-02-26
4468,Julie,Underwood,bradley15@example.com,Canada,2026-06-30
4469,Jamie,Love,marcohill@example.org,Australia,2024-08-28
4470,Matthew,Newton,smithmanuel@example.net,UK,2026-02-25
4471,Kyle,Myers,chavezdaniel@example.org,UK,2024-08-28
4472,Edward,Garrett,marksaunders@example.org,Australia,2025-10-18
4473,Zachary,Watson,nsmith@example.net,Canada,2024-04-30
4474,Elizabeth,Allen,jessicadawson@example.org,Canada,2025-06-14
4475,Nicole,Morse,sabrina31@example.com,USA,2026-05-14
4476,Danielle,Jones,aguirreamanda@example.com,USA,2025-03-05
4477,Joseph,Meadows,erinreid@example.com,Canada,2025-05-31
4478,Amy,Norris,brandon21@example.org,Canada,2024-12-02
4479,Alyssa,Perez,travisbentley@example.net,USA,2026-05-05
4480,Zachary,Shaw,choilinda@example.net,USA,2024-10-14
4481,Michelle,Martin,dcooper@example.net,Canada,2025-12-15
4482,Kari,Graham,erinward@example.com,USA,2024-12-29
4483,Justin,Raymond,michelle63@example.net,USA,2024-07-16
4484,Alexandra,Patel,kaitlyngay@example.net,USA,2024-02-01
4485,Lance,Adkins,danielleharris@example.org,Canada,2023-11-04
4486,Steven,Fox,angelarivera@example.org,USA,2024-05-23
4487,Michael,Spencer,williamruiz@example.org,Canada,2026-08-07
4488,Scott,Kennedy,therman@example.org,Canada,2025-03-27
4489,Amber,Booker,manuel87@example.org,USA,2025-10-22
4490,David,Garrett,jared36@example.net,USA,2024-09-19
4491,Jake,Watson,randydavis@example.net,Canada,2023-09-28
4492,Maureen,Joseph,scottstephanie@example.org,USA,2023-08-26
4493,Lori,Smith,smiller@example.com,USA,2024-01-25
4494,Kristina,Harper,michael74@example.com,USA,2026-06-08
4495,Jason,Larson,hdavis@example.net,USA,2026-03-12
4496,Jeremy,Cardenas,kristen72@example.net,USA,2024-12-07
4497,Christina,Johnson,bradyjulie@example.net,USA,2024-07-18
4498,Kelly,Greene,tdiaz@example.net,Canada,2025-09-28
4499,Lisa,Love,grossalexandra@example.org,Canada,2026-02-25
4500,Thomas,Powell,darrellarmstrong@example.org,Canada,2025-02-19
4501,Jonathan,Bryant,zacharyhenry@example.com,USA,2025-05-22
4502,Brandon,Gillespie,davidjackson@example.org,USA,2026-04-02
4503,Marc,Hawkins,csmith@example.org,Canada,2025-09-11
4504,Tina,Dennis,laurenpeters@example.com,Canada,2025-01-06
4505,Jennifer,Crawford,stevensjeffrey@example.com,USA,2024-11-14
4506,Whitney,Farmer,rsmith@example.com,Canada,2024-10-08
4507,Jennifer,Martin,davidrasmussen@example.net,USA,2025-07-28
4508,David,Carpenter,michelegordon@example.net,Canada,2024-02-18
4509,Angela,Green,qanderson@example.net,USA,2026-01-04
4510,Carol,Gonzalez,escobarjennifer@example.com,Australia,2025-07-27
4511,Yesenia,Jordan,eileenjohnson@example.com,Canada,2024-11-03
4512,Tammy,Johnson,amy31@example.org,USA,2024-03-30
4513,Denise,Baker,adriana49@example.net,Canada,2023-11-30
4514,Tammy,Barrett,jbell@example.com,USA,2024-03-07
4515,Anthony,Price,taylorfleming@example.com,USA,2025-11-28
4516,Andrew,Hansen,kristinaking@example.net,Canada,2023-12-03
4517,Hannah,Barber,sara85@example.net,USA,2026-06-08
4518,Garrett,Dean,mberry@example.org,UK,2024-04-06
4519,Melissa,Lee,frogers@example.org,Canada,2025-02-07
4520,Steven,Stone,kfreeman@example.org,Canada,2024-09-20
4521,Angelica,Jones,christopher49@example.org,UK,2025-05-23
4522,Jeffrey,Cervantes,choidenise@example.com,USA,2024-03-05
4523,Kristin,Wyatt,jameslawson@example.net,UK,2026-01-27
4524,Melissa,Wilson,johnsoncharles@example.org,USA,2025-06-20
4525,Matthew,Fox,parkerisaac@example.org,UK,2024-11-16
4526,John,Montgomery,greenbrenda@example.org,Canada,2023-11-25
4527,Michelle,Warren,ydavis@example.com,USA,2026-02-11
4528,Jane,Smith,cooperrebecca@example.org,UK,2025-03-25
4529,Sandra,James,omurray@example.com,USA,2024-12-29
4530,Tiffany,Silva,zwilson@example.org,canada,2025-12-03
4531,Stephen,Reynolds,emilybrown@example.net,Canada,2026-01-13
4532,Ashley,Gonzales,paulapruitt@example.net,Canada,2026-08-04
4533,Dale,Richard,michael79@example.org,Canada,2024-02-10
4534,Nancy,Owens,wilsonmatthew@example.net,Canada,2025-06-29
4535,Martha,Owens,zharris@example.org,USA,2025-10-30
4536,Melissa,Smith,aromero@example.net,USA,2025-04-17
4537,Amanda,Davidson,cwebster@example.net,Canada,2024-08-31
4538,Cassidy,Gonzalez,vincent79@example.com,USA,2026-02-15
4539,Stacy,Moon,fhill@example.org,Canada,2024-02-22
4540,James,Burns,zbarrett@example.com,Canada,2025-06-03
4541,Lindsey,Lindsey,april66@example.net,Canada,2024-06-01
4542,Brandy,Baker,wgarner@example.com,USA,2026-03-01
4543,Lisa,Allen,umeadows@example.net,Canada,2023-09-30
4544,Danielle,King,john72@example.net,Canada,2025-07-31
4545,Angie,Nelson,oedwards@example.net,Canada,2025-07-05
4546,Marvin,Johnson,wballard@example.com,UK,2025-04-20
4547,Shelly,Mejia,xwarren@example.org,Canada,2025-03-27
4548,James,Ferguson,lcarpenter@example.net,USA,2025-06-17
4549,John,Burke,theresa80@example.net,USA,2026-05-25
4550,Lisa,Johnson,stephenbrown@example.com,USA,2023-11-25
4551,Aaron,Hobbs,gregorymayo@example.com,Australia,2026-02-25
4552,Leon,Williams,rickblack@example.net,Canada,2024-12-29
4553,Bonnie,Harris,sandra74@example.net,Canada,2024-12-02
4554,Heather,Cuevas,vshields@example.org,UK,2024-05-19
4555,Melissa,Lynn,ygonzalez@example.net,USA,2025-06-30
4556,Joseph,Rogers,kimberlyerickson@example.net,USA,2024-06-27
4557,Lisa,Brown,smithcourtney@example.com,USA,2023-10-10
4558,Linda,Rodriguez,danny48@example.com,USA,2025-05-31
4559,Steven,Knight,mharris@example.org,Australia,2026-03-24
4560,Andrew,Miller,jason57@example.net,Australia,2024-10-01
4561,Janice,Kennedy,melissajohnson@example.com,USA,2025-08-23
4562,Kayla,Parks,wjohnson@example.com,Canada,2023-09-22
4563,Richard,Rose,ryan70@example.com,UK,2023-11-23
4564,Meghan,Lyons,pughcarol@example.org,Canada,2026-04-15
4565,Raymond,Davis,ashleyanderson@example.com,Canada,2025-01-09
4566,Michael,Newman,susan13@example.org,UK,2025-02-18
4567,Savannah,Griffin,sabrina80@example.com,Canada,2025-05-17
4568,Katherine,Burton,xkirk@example.org,Canada,2026-04-19
4569,Lori,Adams,djohnson@example.net,Canada,2024-04-02
4570,Amanda,Brewer,rschmidt@example.net,UK,2026-07-19
4571,Linda,Perez,steven65@example.net,USA,2024-06-29
4572,Erika,Parrish,christine72@example.net,,2023-10-24
4573,Alejandro,Wilson,gspencer@example.org,Canada,2026-01-05
4574,Kristi,Lara,john16@example.com,USA,2025-11-14
4575,Mark,Weber,stacy40@example.net,USA,2025-04-28
4576,Ashley,Stewart,andrewforbes@example.net,Canada,2023-09-27
4577,Connie,Watson,kirkmallory@example.org,Canada,2024-11-27
4578,Colleen,Brown,erik02@example.net,Canada,2026-06-25
4579,Dominique,Morales,jefferychung@example.org,Australia,2026-05-15
4580,Michael,Brandt,joseph03@example.org,USA,2024-12-16
4581,Dawn,Wilson,joshua02@example.net,Australia,2025-01-10
4582,Sandra,Johnson,michelleburton@example.com,Canada,2024-04-13
4583,Angela,Morse,johnsondavid@example.org,USA,2025-08-19
4584,Amanda,Lyons,imahoney@example.org,USA,2024-07-16
4585,Nancy,Casey,knightrenee@example.org,USA,2026-05-14
4586,Michael,Schmidt,hrobinson@example.com,Australia,2024-12-20
4587,Makayla,Greene,brendafox@example.net,Canada,2024-02-02
4588,Mariah,Rivera,joel15@example.org,Canada,2025-03-31
4589,Todd,Heath,kathyberg@example.com,USA,2026-06-08
4590,Melissa,Matthews,gordonjack@example.com,USA,2024-09-25
4591,Stuart,Barnes,rogersmatthew@example.org,USA,2024-05-15
4592,Sharon,Martinez,nluna@example.com,,2026-03-05
4593,Jose,Shaw,zgarcia@example.com,USA,2023-09-07
4594,Jeanette,Phillips,brenda15@example.net,Canada,2023-09-24
4595,Ashley,Pena,richard40@example.org,Canada,2026-05-23
4596,Anthony,Cantu,xlarson@example.com,USA,2025-12-28
4597,Carolyn,Marsh,michealcook@example.net,USA,2023-11-15
4598,Bryan,Sherman,elizabethgriffin@example.com,Canada,2024-07-15
4599,Katrina,Hayes,rpeck@example.com,Canada,2025-05-12
4600,Hector,Campbell,martinezwillie@example.org,Canada,2026-03-12
4601,Jill,Burnett,timothyharrison@example.org,Canada,2023-09-09
4602,Bryan,Mitchell,patricia94@example.net,USA,2026-02-19
4603,Ashley,Mclaughlin,umosley@example.org,UK,2024-12-12
4604,David,Byrd,kristin71@example.org,Canada,2024-08-17
4605,Brenda,Cooper,conradkimberly@example.com,USA,2024-12-23
4606,Claire,Moody,yturner@example.org,UK,2026-05-16
4607,Valerie,Henry,msanders@example.org,UK,2026-06-19
4608,Lisa,Fry,joshuacrawford@example.net,Canada,2026-02-04
4609,Brian,Campbell,matthew34@example.com,Australia,2024-09-14
4610,Tabitha,Barron,sandra21@example.com,Canada,2026-08-13
4611,Stephanie,Alvarado,nathancordova@example.net,Canada,2025-02-02
4612,Tara,Duran,jhicks@example.net,Canada,2024-09-15
4613,Alan,Hinton,johnsonrobert@example.net,USA,2023-10-16
4614,James,Wells,renee78@example.com,Canada,2025-12-08
4615,Clayton,Robbins,oaguilar@example.com,Canada,2025-04-22
4616,Paige,Osborne,monicabarnett@example.com,canada,2023-09-30
4617,Barbara,Stuart,debbie01@example.org,UK,2024-09-28
4618,Kristy,Arnold,davismike@example.org,UK,2024-02-27
4619,Evan,Mitchell,carrjames@example.net,Canada,2025-11-02
4620,Jasmine,Shepard,lsanchez@example.org,UK,2024-03-11
4621,Aaron,Caldwell,amyfields@example.net,UK,2024-02-23
4622,Diana,Crane,allisoncampbell@example.com,USA,2025-03-13
4623,Karen,Gutierrez,preynolds@example.net,Canada,2026-04-14
4624,Nicole,Brock,stephenskerry@example.net,USA,2023-12-01
4625,Kelly,Newton,egraham@example.com,Australia,2024-02-01
4626,Lisa,Parker,scottdeborah@example.org,USA,2025-12-09
4627,Kathy,Gill,crussell@example.net,Canada,2025-12-29
4628,Mark,Davis,twallace@example.com,USA,2025-06-19
4629,Gary,Price,talvarado@example.com,USA,2024-10-15
4630,Chelsea,Mcgrath,john55@example.com,USA,2024-11-06
4631,Desiree,Gonzalez,alejandro26@example.net,Canada,2025-11-30
4632,Melanie,Mcmillan,ladams@example.com,Canada,2024-10-22
4633,Elizabeth,Morton,benjamindavid@example.net,UK,2024-03-08
4634,Don,Harrington,johnbarton@example.net,UK,2026-07-25
4635,Debbie,Adams,dtaylor@example.org,Canada,2025-01-15
4636,Jerry,Mann,brian61@example.org,Australia,2025-03-08
4637,Travis,Turner,tyler30@example.com,Canada,2025-12-31
4638,Mark,Cruz,emma76@example.net,USA,2026-02-05
4639,Sabrina,Pollard,jshaw@example.net,USA,2023-08-24
4640,Olivia,Rogers,sabrinawalsh@example.com,UK,2025-08-05
4641,Jose,Scott,jason63@example.org,Australia,2025-01-14
4642,Michael,Rodriguez,qkelly@example.com,Canada,2024-03-03
4643,Bryan,Hernandez,dramos@example.net,UK,2023-12-09
4644,Miguel,Williams,christopher91@example.net,Canada,2026-07-21
4645,Michael,Raymond,ballardrobert@example.net,USA,2023-12-11
4646,Jeffrey,Koch,brandon14@example.org,USA,2026-05-18
4647,Marissa,Mckinney,anolan@example.net,USA,2026-08-16
4648,Jacob,Burns,chandavid@example.org,Canada,2025-04-13
4649,Aaron,Williams,doyletravis@example.org,UK,2024-09-23
4650,David,Miller,michael49@example.com,Canada,2024-09-21
4651,Carmen,Cook,thomaswarner@example.com,Canada,2025-06-27
4652,Ruben,Bernard,jason83@example.org,USA,2024-07-29
4653,Michelle,Burton,vdennis@example.net,USA,2024-09-26
4654,Jeffrey,Patterson,larsoneric@example.org,UK,2023-12-19
4655,Andrea,Bryant,linda37@example.org,,2024-06-26
4656,Sergio,Levy,bradleysanchez@example.net,Canada,2024-01-07
4657,Julian,Marsh,robertjenkins@example.com,UK,2026-03-17
4658,Gregory,Harris,strongtammy@example.com,USA,2025-03-03
4659,Robert,Thomas,vnguyen@example.org,Canada,2024-11-25
4660,Shelby,Shannon,richardsnow@example.net,USA,2023-10-23
4661,Shawn,Edwards,smithsusan@example.net,USA,2026-03-05
4662,Samantha,Leblanc,lwilliams@example.org,USA,2024-08-05
4663,Summer,Barton,christophermills@example.com,USA,2024-12-31
4664,Hailey,Harris,teresadiaz@example.org,UK,2025-05-12
4665,Jerome,Horton,alvingrimes@example.com,UK,2025-03-24
4666,Jessica,Haynes,pittsrobert@example.com,USA,2026-02-03
4667,Peggy,Perkins,dustinrodriguez@example.net,canada,2024-04-27
4668,Dylan,Thompson,robert85@example.net,canada,2026-06-05
4669,Mark,Rodriguez,thomasaustin@example.org,,2026-03-17
4670,Denise,Brown,amy05@example.org,canada,2023-10-15
4671,Jeffrey,Mitchell,jennifer36@example.org,Canada,2025-12-06
4672,Adam,Olson,holly37@example.net,UK,2026-04-02
4673,Aaron,Weiss,david43@example.com,USA,2026-06-05
4674,Antonio,Lucas,hartmanalex@example.net,Canada,2024-06-12
4675,Bryan,Fuentes,jane92@example.net,Canada,2026-05-02
4676,Mary,Walker,samanthaburton@example.net,UK,2025-11-15
4677,Christopher,May,oscar17@example.com,Canada,2025-06-15
4678,Nicholas,Gomez,snyderjodi@example.net,Australia,2025-12-17
4679,John,Gallagher,pollardgina@example.net,USA,2024-09-22
4680,Marcia,Miller,jobrien@example.org,USA,2024-05-19
4681,Debra,Freeman,wandabennett@example.net,Canada,2025-02-19
4682,April,Reeves,jennifer06@example.com,Canada,2025-10-01
4683,Laurie,Phillips,maria59@example.org,Australia,2026-06-07
4684,Miguel,Smith,yphelps@example.com,Canada,2023-08-29
4685,Jose,White,harrisonnicole@example.com,USA,2024-11-30
4686,Denise,Griffith,qrodriguez@example.org,Canada,2024-11-14
4687,Kathleen,Spence,efrench@example.org,Canada,2025-04-27
4688,William,Grimes,johnsoncatherine@example.org,Canada,2024-12-11
4689,Aaron,Banks,megan08@example.org,USA,2025-08-07
4690,Brandon,Brennan,victorsullivan@example.org,Australia,2025-03-22
4691,Melvin,Anthony,fmarshall@example.com,Canada,2025-12-29
4692,Christopher,Lambert,yanderson@example.net,Canada,2024-01-10
4693,Susan,Garcia,ronald96@example.com,Canada,2024-12-09
4694,Tamara,Cole,suzanne56@example.net,,2026-01-12
4695,Gina,Mooney,edwardgomez@example.org,Canada,2026-07-21
4696,Micheal,Allen,urobles@example.net,UK,2025-12-26
4697,Chelsea,Bell,crawforddaniel@example.com,USA,2025-11-17
4698,Natasha,Sharp,mfowler@example.com,USA,2025-04-06
4699,Andrea,Simon,qacosta@example.net,Canada,2024-12-26
4700,Tina,Porter,nathanielmercer@example.net,Australia,2025-08-21
4701,Sierra,Pena,javier35@example.com,canada,2025-06-14
4702,Brittany,Walton,michaelmejia@example.org,Canada,2025-06-22
4703,Bryan,James,ronald91@example.org,USA,2024-10-13
4704,Travis,Ray,khayden@example.org,USA,2024-04-09
4705,John,Johnson,sanchezangela@example.net,Canada,2024-04-15
4706,Manuel,Long,zacharyrojas@example.com,Canada,2024-10-04
4707,Joe,Cameron,rodneyjackson@example.org,USA,2025-06-07
4708,Joshua,Dunn,gking@example.org,Canada,2023-12-24
4709,Angelica,Powell,kellyrichardson@example.com,UK,2024-04-30
4710,Teresa,Owen,bethmiller@example.net,USA,2025-01-07
4711,Ryan,Bullock,mcguireashley@example.com,Canada,2025-09-11
4712,Lisa,Gonzales,stewarttammy@example.net,USA,2025-08-14
4713,Jenny,Norman,ellisjames@example.org,Canada,2025-08-24
4714,Jason,Davidson,michaelshaw@example.net,USA,2023-11-13
4715,Hannah,Simpson,vincentdonald@example.com,USA,2024-02-11
4716,Christine,Robertson,oscarmiles@example.com,Canada,2024-12-27
4717,Michael,Butler,james91@example.com,USA,2025-03-31
4718,Pamela,Gibbs,drakeamanda@example.com,Australia,2023-09-09
4719,Ashley,Nelson,joseph10@example.net,Canada,2023-11-03
4720,Kevin,Hodge,mgreen@example.com,Australia,2024-06-22
4721,Brenda,Wilson,rodriguezalicia@example.org,Canada,2025-02-25
4722,Natalie,Mendez,lewiseric@example.net,Canada,2025-05-25
4723,Mike,Maddox,jason48@example.net,Canada,2023-11-15
4724,Christopher,Moran,wyattkevin@example.com,Canada,2024-10-28
4725,Dawn,Harrell,rmitchell@example.org,Canada,2024-10-16
4726,Kevin,Everett,justin20@example.org,Canada,2026-07-10
4727,Maria,Peterson,laura92@example.org,UK,2025-08-18
4728,Ashley,Smith,potterjohn@example.com,UK,2024-04-29
4729,Paul,Gentry,marissa47@example.net,USA,2023-10-15
4730,Ebony,Butler,sarafox@example.org,Canada,2023-10-17
4731,Belinda,Ayala,myersmatthew@example.org,Canada,2024-06-01
4732,Kathryn,Miller,aaronjackson@example.com,Canada,2025-07-15
4733,Tony,Ross,mrobertson@example.com,USA,2024-12-11
4734,Elizabeth,Miller,joseph33@example.net,Australia,2024-03-24
4735,Philip,Simon,taylormatthew@example.net,Canada,2026-01-14
4736,Carlos,Conway,andrea79@example.org,Canada,2025-08-22
4737,Jessica,Dunn,padillagregory@example.com,USA,2025-06-01
4738,George,Olsen,daycurtis@example.com,Canada,2024-02-13
4739,Brandi,Lawson,robertsjustin@example.org,Canada,2024-04-15
4740,William,Cox,lvalenzuela@example.org,USA,2025-05-19
4741,Justin,Jackson,eric12@example.net,USA,2023-09-24
4742,Shannon,Wu,brettbarrera@example.net,Canada,2024-07-18
4743,Kyle,Montgomery,npowell@example.com,Canada,2025-04-08
4744,Hannah,Thomas,sheilagreene@example.org,canada,2025-08-16
4745,Stephen,Barnett,gentrylarry@example.com,Canada,2025-09-20
4746,Barbara,Ferrell,james21@example.net,Canada,2025-08-08
4747,Patricia,Garcia,holmesnicole@example.org,Canada,2023-12-12
4748,Richard,Rich,paigeyoung@example.org,Canada,2025-04-08
4749,Sarah,Dudley,dylanbarber@example.net,Canada,2026-05-27
4750,Ralph,Bender,obass@example.org,UK,2026-08-20
4751,Eric,Cooley,john42@example.org,Canada,2025-04-01
4752,Scott,Williams,bwells@example.com,Canada,2025-12-15
4753,Christine,Dennis,bbowman@example.net,USA,2024-10-28
4754,Terry,Williams,itucker@example.org,USA,2023-10-04
4755,Debra,White,megan00@example.org,UK,2026-02-19
4756,Holly,Khan,melissa09@example.net,UK,2026-03-24
4757,Tammy,Thomas,ibrock@example.com,Canada,2024-06-20
4758,Ryan,Roberts,kimlisa@example.net,USA,2025-06-01
4759,Jared,Thompson,wgoodwin@example.net,USA,2025-10-11
4760,Beverly,Flores,jeffreysandoval@example.net,Australia,2024-02-23
4761,Sarah,Ray,qwong@example.net,USA,2024-02-20
4762,Mary,Dunn,eblack@example.net,Australia,2026-05-24
4763,Joshua,Curtis,michaelsloan@example.net,USA,2024-05-01
4764,Adriana,Guzman,chadmiller@example.com,Canada,2025-09-07
4765,Brittany,Craig,lucasedwards@example.com,USA,2025-10-19
4766,Michael,Briggs,simpsonnicholas@example.net,Australia,2025-04-25
4767,Samantha,Barrera,donna99@example.com,UK,2024-03-25
4768,Michael,Gray,abush@example.org,Canada,2025-12-11
4769,John,Michael,rhonda51@example.net,USA,2025-12-25
4770,Jonathan,Ramirez,joshua22@example.com,Canada,2025-05-21
4771,Matthew,Gonzalez,jeannewton@example.net,Canada,2023-11-03
4772,Kelly,Perkins,donnagomez@example.net,Canada,2025-10-01
4773,Sabrina,Johnson,vjimenez@example.org,Canada,2025-08-28
4774,Tiffany,Roman,wperez@example.com,UK,2025-11-03
4775,Alejandro,Castaneda,kingtravis@example.com,Canada,2026-04-15
4776,Rebecca,Taylor,dennis78@example.com,UK,2026-03-30
4777,Susan,Kaiser,nicolemckenzie@example.org,Canada,2024-04-15
4778,Margaret,Rodriguez,alexanderolivia@example.net,Canada,2026-02-01
4779,Desiree,Hudson,michaelvalencia@example.net,Canada,2024-12-19
4780,Evelyn,Curry,stephaniewilson@example.org,Canada,2024-12-17
4781,Logan,Perkins,katherinejimenez@example.org,Canada,2023-11-07
4782,Kevin,Skinner,johntravis@example.org,Canada,2026-08-17
4783,William,Martin,brianreynolds@example.com,USA,2025-12-25
4784,Bonnie,Green,johnsonlisa@example.net,Canada,2023-12-04
4785,Laurie,Sanchez,xevans@example.net,Canada,2023-12-01
4786,Benjamin,Williams,masonkevin@example.net,Canada,2024-05-25
4787,Amy,West,aprilcompton@example.org,UK,2024-11-29
4788,Andrea,Patel,isaiahbrown@example.net,UK,2025-06-16
4789,Timothy,Melendez,clarkdavid@example.org,USA,2024-06-23
4790,Dawn,Beck,jason34@example.com,Canada,2024-01-11
4791,Bradley,Ward,ballardkelly@example.com,Canada,2023-08-24
4792,Alexander,Carter,davidrogers@example.com,Australia,2026-07-09
4793,Spencer,Turner,lekathleen@example.org,Canada,2025-09-10
4794,David,Hall,rodney72@example.net,Canada,2023-11-23
4795,Nicholas,Norman,despinoza@example.com,Canada,2024-11-28
4796,Jill,Hardin,robinsontimothy@example.net,Canada,2023-11-13
4797,Kristine,Obrien,patelaudrey@example.net,Canada,2025-01-03
4798,Cynthia,Martin,william30@example.com,USA,2024-09-20
4799,Brenda,Flores,znoble@example.org,Canada,2025-07-29
4800,Kristy,Clayton,juanryan@example.net,USA,2023-09-24
4801,Suzanne,Riley,umaxwell@example.net,Canada,2023-10-04
4802,Connie,Pope,nancy58@example.com,Canada,2025-07-01
4803,Rebecca,Rodriguez,john62@example.org,UK,2024-09-21
4804,Joshua,Torres,katiesilva@example.com,Canada,2023-11-18
4805,Anna,King,uperez@example.com,UK,2026-04-30
4806,Alan,Rowland,estuart@example.com,USA,2024-03-25
4807,Angelica,Ramirez,mcdanielmichael@example.net,Canada,2025-08-02
4808,Jennifer,Campos,joseph07@example.net,Australia,2025-10-06
4809,Erica,Bryant,dawnmerritt@example.org,Canada,2026-07-25
4810,Lauren,Farmer,yangstanley@example.org,UK,2025-09-04
4811,Albert,Ramirez,troy11@example.org,Canada,2024-07-10
4812,Daniel,Wallace,amedina@example.com,UK,2023-12-03
4813,Pam,Cisneros,andrea67@example.org,Canada,2025-03-15
4814,Jonathan,Hill,smartinez@example.com,USA,2026-02-09
4815,Susan,Brown,anna67@example.org,USA,2023-12-26
4816,Alexis,Wilson,aowens@example.org,Australia,2024-05-13
4817,Mark,Frank,donna30@example.com,UK,2024-05-15
4818,Kyle,Bennett,kbarton@example.net,UK,2026-04-06
4819,Diane,Scott,fischerdanielle@example.org,UK,2024-06-02
4820,Susan,Palmer,langscott@example.net,Canada,2026-04-10
4821,Vincent,Lawrence,joseskinner@example.org,Canada,2024-06-27
4822,Andrew,Wyatt,garciasarah@example.org,Canada,2023-10-25
4823,William,Saunders,john31@example.com,Canada,2026-05-28
4824,Hannah,Ochoa,hicksdavid@example.com,Canada,2024-09-27
4825,Christopher,Montoya,smithjoseph@example.com,USA,2024-06-13
4826,Jessica,Moore,eshaffer@example.com,Canada,2023-09-22
4827,Lisa,Ponce,jason25@example.org,USA,2026-04-07
4828,Emily,Harris,underwoodjonathan@example.net,Canada,2023-11-02
4829,Brittany,Mora,bowmananthony@example.org,Canada,2025-02-07
4830,John,Morales,brianjohnson@example.org,USA,2024-03-02
4831,Tiffany,Parker,deborahcoleman@example.com,USA,2025-08-07
4832,Sophia,Goodman,lisa84@example.net,USA,2024-01-18
4833,Kimberly,Wilson,rrodriguez@example.com,USA,2025-08-23
4834,Christine,Baldwin,joseph26@example.net,Canada,2023-11-23
4835,Joshua,Wilcox,jason58@example.org,USA,2024-11-04
4836,David,Davidson,brian14@example.net,Canada,2025-05-19
4837,Melissa,Collins,whitejames@example.org,Canada,2024-09-05
4838,Mitchell,Hall,william35@example.net,Canada,2024-02-25
4839,April,Rogers,fstewart@example.net,Canada,2025-08-20
4840,Christopher,Parks,xstokes@example.com,Canada,2026-01-02
4841,Lynn,Barr,henry77@example.com,Australia,2025-01-31
4842,Justin,Browning,lbaker@example.org,Australia,2023-09-28
4843,Ronald,Roman,grahampaul@example.net,Canada,2026-04-05
4844,Sandra,Price,vmartinez@example.net,Canada,2025-01-04
4845,Linda,Lang,oford@example.net,Canada,2024-09-10
4846,Denise,Roberts,gsmith@example.org,Canada,2024-01-01
4847,Norma,King,xmoore@example.com,Australia,2026-01-25
4848,Michael,Gonzalez,wwilliams@example.com,Canada,2023-10-27
4849,Mary,Mendez,donaldchen@example.com,USA,2025-01-16
4850,Scott,Thomas,michaelhurley@example.org,Canada,2025-10-04
4851,Kenneth,Martinez,nayala@example.org,Australia,2024-10-02
4852,Debra,Hall,john98@example.net,Canada,2024-05-31
4853,Joseph,Moore,eric36@example.org,USA,2025-12-30
4854,Victor,Lozano,vswanson@example.com,Canada,2025-06-14
4855,Kaitlyn,Gomez,megan81@example.org,USA,2024-12-25
4856,James,Rodriguez,erin27@example.net,Canada,2023-12-16
4857,Jeremy,Horn,rachel23@example.net,Canada,2026-07-14
4858,Phillip,Wade,thomasgarcia@example.com,Australia,2026-05-24
4859,Joseph,Johnson,tiffany46@example.com,UK,2025-08-18
4860,Cory,Martin,fhall@example.org,UK,2026-07-14
4861,Michael,Pace,amandamorrison@example.org,USA,2025-01-25
4862,Debra,Shelton,briana28@example.net,UK,2026-06-25
4863,Scott,Velazquez,yhenry@example.com,Canada,2024-03-09
4864,Colleen,Flores,jay37@example.org,Canada,2025-10-31
4865,Dean,Alexander,cathycarrillo@example.net,Canada,2024-03-14
4866,Mallory,Cooper,smithnicolas@example.com,USA,2024-12-17
4867,Frederick,Scott,stephanie86@example.net,Canada,2025-08-21
4868,Patrick,Tyler,jay71@example.com,Canada,2026-05-07
4869,Thomas,Rodriguez,kellyadam@example.net,USA,2025-04-26
4870,Cameron,Chavez,ortegaashley@example.com,UK,2023-10-17
4871,Cindy,Skinner,ocole@example.org,Canada,2026-08-02
4872,Cheryl,Zhang,shelly48@example.com,Canada,2023-10-17
4873,Tiffany,Moore,xsantiago@example.net,Canada,2025-07-22
4874,Paula,Johnson,robertmoran@example.org,Canada,2025-06-17
4875,Thomas,Thompson,kmiller@example.org,Canada,2025-03-16
4876,Megan,Cantrell,hector95@example.net,USA,2024-11-17
4877,Benjamin,Young,hesslisa@example.net,USA,2025-03-09
4878,Steven,Bell,yward@example.net,USA,2023-09-23
4879,Gary,Smith,bauermichelle@example.net,Canada,2024-06-27
4880,Carl,Rogers,stephanienavarro@example.org,UK,2026-06-24
4881,Sarah,Williams,wsnyder@example.net,Canada,2025-09-27
4882,Todd,Peterson,stefanie09@example.com,USA,2025-05-13
4883,Collin,Rogers,christine72@example.org,UK,2024-10-23
4884,Christy,Byrd,seanshaw@example.com,canada,2023-12-14
4885,Rhonda,Roberts,benjaminmcguire@example.org,Canada,2025-08-04
4886,Joseph,Bates,fleminghaley@example.com,UK,2024-01-29
4887,Tony,Hughes,sarahjacobs@example.org,Canada,2026-03-19
4888,Rebecca,Rodriguez,ccole@example.com,USA,2025-04-22
4889,Erika,Powers,velliott@example.net,Canada,2026-05-02
4890,Stacey,Patel,enelson@example.org,USA,2023-10-20
4891,Debbie,Pineda,bdavidson@example.com,Canada,2026-06-27
4892,William,Weber,umedina@example.org,Canada,2025-01-01
4893,Brian,Rasmussen,bailey16@example.net,USA,2024-06-08
4894,Emma,Harper,saragreen@example.org,Canada,2026-08-07
4895,Samuel,Smith,csmith@example.com,Canada,2025-07-10
4896,James,Cooper,ybrooks@example.net,Canada,2024-03-04
4897,Ryan,Terry,katherinebass@example.org,Canada,2025-08-23
4898,Stacy,Moore,tamaraparsons@example.org,Canada,2024-01-23
4899,Pedro,Webb,vanessamoore@example.org,Canada,2023-08-27
4900,Angela,Peterson,kristin15@example.org,UK,2024-01-24
4901,Kevin,Peterson,ajames@example.net,Canada,2025-04-04
4902,Jennifer,Smith,sabrina83@example.com,USA,2025-08-07
4903,Brandon,Mckay,harrisrenee@example.org,Canada,2026-02-06
4904,Theresa,Underwood,mmorgan@example.org,Canada,2025-05-27
4905,Marcus,Oconnor,christina97@example.net,Australia,2026-01-17
4906,Lisa,Johnson,bsolis@example.org,Canada,2023-09-18
4907,Joseph,Bennett,kristin37@example.org,Australia,2026-08-14
4908,Kristen,Quinn,blairdonna@example.com,Canada,2026-04-25
4909,Justin,Hughes,umiller@example.net,USA,2026-02-12
4910,Rebecca,Allen,fkim@example.com,USA,2026-04-25
4911,Jean,Marsh,stevensonjonathan@example.com,UK,2026-02-20
4912,Samuel,Martinez,kellyryan@example.com,USA,2024-07-24
4913,Joshua,Burns,nicole14@example.org,USA,2025-10-25
4914,Cassandra,Mason,robertfletcher@example.net,Canada,2025-05-09
4915,Christopher,Martin,jenniferjohnston@example.net,Canada,2026-02-21
4916,Alexandria,Randall,davidhart@example.org,UK,2023-09-06
4917,Holly,Martinez,dorothysmith@example.net,Canada,2024-06-16
4918,William,Leblanc,robert71@example.com,Canada,2026-02-16
4919,Elizabeth,Rodriguez,ysantos@example.com,USA,2023-08-29
4920,Leslie,Kelley,barbaramcclain@example.com,Canada,2025-09-11
4921,Joanna,Wood,yvasquez@example.net,Australia,2026-06-23
4922,Karen,Ross,lisa66@example.com,USA,2026-03-23
4923,Timothy,Long,david85@example.net,USA,2024-01-22
4924,Ryan,Rivera,sara17@example.com,,2023-10-28
4925,Ashley,Medina,lmoreno@example.net,Canada,2025-02-21
4926,Wendy,Mcdonald,joy22@example.org,Canada,2024-12-06
4927,Gloria,Spencer,perrycatherine@example.net,USA,2026-02-13
4928,Tanner,Shelton,rglover@example.org,Canada,2023-10-28
4929,Lauren,Taylor,bvalencia@example.org,USA,2025-05-23
4930,John,Mcbride,scottbrian@example.org,UK,2025-04-09
4931,James,Knight,johnsmith@example.org,Canada,2023-12-18
4932,Daniel,Melton,elizabeth65@example.com,Canada,2025-02-21
4933,Marcus,Mills,nathan45@example.org,Australia,2025-05-07
4934,Damon,Jones,robertellis@example.com,Canada,2024-09-04
4935,Jasmine,Mills,charles79@example.net,USA,2024-03-27
4936,Walter,Marquez,douglasmark@example.com,Canada,2026-07-03
4937,Robin,Reynolds,dianeharris@example.net,UK,2025-10-10
4938,Barbara,Page,ebeck@example.com,USA,2025-08-07
4939,Sandra,Murphy,smckee@example.org,USA,2025-06-09
4940,Karen,Kaiser,banderson@example.net,UK,2024-07-22
4941,Thomas,Padilla,brittanylong@example.net,canada,2026-06-12
4942,Justin,Reynolds,mary79@example.com,Canada,2024-03-18
4943,Timothy,Acosta,davisnatalie@example.org,UK,2025-08-08
4944,Sarah,Sweeney,lawsonbrian@example.net,Canada,2024-07-29
4945,Jennifer,Lowe,marylopez@example.net,USA,2024-12-31
4946,Craig,Anderson,dana90@example.net,Australia,2024-06-17
4947,Michael,Hogan,margaretochoa@example.net,USA,2024-06-13
4948,Haley,Hernandez,myersronald@example.org,USA,2025-07-14
4949,Joe,Lewis,benjamin24@example.org,UK,2025-11-01
4950,Patrick,Morris,bestalexis@example.org,UK,2025-07-26
4951,Lee,Blackburn,cameron42@example.org,Canada,2024-01-23
4952,Justin,Evans,brandon45@example.org,Canada,2025-12-01
4953,Julie,Lewis,shellyrobertson@example.net,Canada,2025-07-23
4954,Nicole,Franklin,qjohnson@example.com,USA,2023-08-26
4955,Sarah,Harris,solomonalexander@example.com,USA,2023-12-05
4956,Angela,Young,jacqueline32@example.com,USA,2025-01-23
4957,Dawn,Burns,matthew76@example.org,Canada,2024-12-13
4958,Scott,Alvarez,matthewcollins@example.org,USA,2024-07-02
4959,Sharon,White,gsullivan@example.com,Canada,2026-04-24
4960,John,Robinson,catherinewhite@example.net,USA,2023-10-16
4961,Dominic,Jones,peckcorey@example.com,USA,2026-02-17
4962,Jeffrey,Wright,kimthomas@example.net,Canada,2025-04-04
4963,Chloe,Mcclure,patriciaburnett@example.com,Canada,2024-03-16
4964,Janet,Collier,guerracarrie@example.net,USA,2026-03-26
4965,Jeffrey,Ellison,hernandezscott@example.net,USA,2024-05-13
4966,Heather,Cox,fcontreras@example.com,Canada,2026-01-17
4967,Christopher,Stevenson,lshepard@example.org,Australia,2023-09-27
4968,Sara,Myers,carly00@example.net,USA,2024-06-19
4969,John,Long,philiproberts@example.org,Australia,2026-02-09
4970,Kaitlyn,Elliott,qchapman@example.org,Canada,2024-02-09
4971,Kathleen,Leblanc,welchsteven@example.org,USA,2024-02-19
4972,Pamela,Alexander,luismurray@example.org,UK,2026-03-07
4973,William,Khan,udorsey@example.net,USA,2025-01-31
4974,Brian,Moon,amberwatson@example.org,USA,2023-09-06
4975,Brianna,Lam,ilewis@example.com,Canada,2025-03-07
4976,Michelle,Brewer,vfrederick@example.com,Canada,2024-11-05
4977,Andrea,Martinez,angelaparker@example.com,Canada,2025-08-08
4978,John,Hill,olittle@example.org,Canada,2025-10-10
4979,Lori,Gomez,hfoley@example.com,Canada,2026-06-15
4980,Kellie,Cook,vnavarro@example.org,Canada,2025-01-13
4981,Troy,Edwards,rothxavier@example.org,Australia,2026-01-01
4982,Megan,Porter,khoward@example.com,Canada,2026-05-18
4983,Ricky,Mccormick,williamssarah@example.org,USA,2025-10-03
4984,Seth,Edwards,ashleyfoster@example.com,UK,2025-03-09
4985,Dana,Davis,jackclay@example.com,USA,2023-12-01
4986,Joseph,Gomez,mary37@example.net,Canada,2024-01-11
4987,Todd,Gutierrez,chad26@example.com,USA,2024-04-12
4988,Jackson,Mathis,gardnerjeffrey@example.com,USA,2024-02-08
4989,Brittany,Thomas,harveyjames@example.net,USA,2025-11-28
4990,Larry,Werner,catherinemartin@example.net,USA,2024-09-29
4991,Christopher,Hays,ashley28@example.com,Australia,2023-09-19
4992,Linda,Rhodes,james08@example.com,USA,2025-04-03
4993,Jason,Lutz,karen67@example.net,Canada,2025-07-05
4994,Brent,Rowland,lanceross@example.com,USA,2024-10-08
4995,Kyle,Hoffman,anoble@example.net,Canada,2026-07-17
4996,Cynthia,Clark,rwagner@example.net,UK,2024-09-15
4997,Jessica,Moreno,beth56@example.org,Canada,2025-05-08
4998,Laura,Bennett,jasongentry@example.org,Canada,2024-08-14
4999,Jessica,Moore,crystaltorres@example.com,UK,2026-05-28
5000,Lori,Obrien,thomasbrown@example.net,USA,2024-06-13
5001,Gregory,Norman,jonking@example.com,Canada,2024-11-20
5002,Daniel,Gomez,carol61@example.net,USA,2023-10-13
5003,Nicholas,Palmer,waynedunn@example.net,UK,2025-11-16
5004,Heather,Sosa,josephking@example.com,Canada,2026-04-22
5005,Karen,Frazier,christopher69@example.net,UK,2024-08-11
5006,Lauren,Hall,joshua88@example.org,Canada,2025-09-22
5007,Joe,Garcia,amymartinez@example.net,USA,2025-11-11
5008,Joseph,Fisher,ballarddeanna@example.org,UK,2025-02-13
5009,Troy,Montes,crystalbishop@example.org,Canada,2023-11-29
5010,Emily,Moore,jonesjason@example.net,Canada,2025-12-06
5011,Henry,Smith,johngarcia@example.org,Canada,2024-04-15
5012,Sarah,Allen,rwalsh@example.org,USA,2025-09-04
5013,Kelly,Smith,christopherwashington@example.org,USA,2024-05-15
5014,Andrea,Herman,hlopez@example.org,USA,2025-07-04
5015,Cassandra,Merritt,connormejia@example.com,Canada,2025-07-18
5016,Raymond,Johnston,smithadam@example.org,Canada,2025-08-10
5017,Danielle,Walton,beannicholas@example.com,Canada,2026-03-02
5018,Nicole,Hoover,sheilahorn@example.net,Canada,2024-05-09
5019,Vickie,Mueller,ewilson@example.com,USA,2024-06-29
5020,Trevor,Graham,wilsontiffany@example.org,UK,2026-05-02
5021,Hannah,Chavez,timothypatel@example.org,USA,2026-05-11
5022,Megan,Brown,dianeoconnor@example.net,Canada,2023-09-01
5023,Molly,Fitzpatrick,justinreeves@example.net,Australia,2023-12-24
5024,Mary,Jackson,awade@example.org,USA,2024-10-05
5025,Caroline,Mckinney,josephjones@example.org,Australia,2024-01-21
5026,Jill,Bell,xcruz@example.org,USA,2025-08-09
5027,Brad,Martin,danielkim@example.net,Canada,2024-09-04
5028,Kelly,Rice,garyhughes@example.net,Canada,2023-09-20
5029,Kara,Miller,hwagner@example.com,USA,2026-08-07
5030,Taylor,Calderon,mdoyle@example.org,Canada,2024-03-05
5031,Cody,Lopez,wbaxter@example.org,Canada,2024-12-07
5032,Jesus,Smith,billyberry@example.org,USA,2025-02-01
5033,Lindsay,Bender,daniellejohnson@example.net,USA,2023-09-04
5034,Latoya,Jones,kimberly05@example.org,USA,2024-12-24
5035,Laura,Smith,warren28@example.com,Canada,2024-11-16
5036,Tracy,Brown,bgordon@example.com,Canada,2025-06-20
5037,Brandon,Smith,wendysantos@example.com,USA,2024-06-15
5038,Kelly,Williams,marcrobbins@example.org,Australia,2023-11-22
5039,Raven,Ramos,cdavidson@example.org,USA,2026-06-06
5040,Devin,Lopez,wilsonhannah@example.org,Australia,2024-01-11
5041,Michael,Davis,bryanlee@example.org,USA,2024-12-02
5042,James,Reyes,joneschristine@example.org,USA,2024-09-23
5043,Guy,Williams,caleb74@example.com,Canada,2026-01-16
5044,Jennifer,Murray,wnelson@example.com,USA,2025-05-04
5045,Rita,Hawkins,crystaldavis@example.com,USA,2026-02-16
5046,Seth,Keller,parkerkenneth@example.net,USA,2023-11-17
5047,John,Mcgrath,rayrobin@example.org,USA,2026-08-18
5048,Stacy,Hill,holly76@example.com,USA,2024-12-15
5049,Rachel,Silva,david96@example.net,Canada,2023-09-22
5050,Timothy,Carroll,colekirk@example.org,USA,2026-06-08
5051,Timothy,Meza,andersonelijah@example.org,Canada,2025-04-21
5052,John,Galloway,kevinwagner@example.org,UK,2024-12-16
5053,Diane,Morris,jessicabrown@example.com,Canada,2025-07-19
5054,Dawn,White,alexandria87@example.org,Canada,2024-09-20
5055,Wayne,Thompson,nbernard@example.net,Canada,2026-04-08
5056,James,Fuller,jackie02@example.net,USA,2026-05-05
5057,Anthony,Ochoa,barbaramorales@example.com,Canada,2024-03-23
5058,Catherine,Rice,smitchell@example.com,Canada,2024-01-17
5059,Spencer,Richards,luisblake@example.net,USA,2024-09-05
5060,Jennifer,Morrison,zstanley@example.org,Canada,2026-01-02
5061,Eric,Wright,mariavincent@example.org,Australia,2026-06-16
5062,Crystal,Brown,jenkinsjames@example.com,Australia,2025-12-23
5063,Darryl,Vazquez,christopherross@example.org,USA,2024-05-27
5064,Hannah,Cooper,klewis@example.net,Canada,2025-04-23
5065,Hunter,Robinson,stephen44@example.com,USA,2024-09-23
5066,Lauren,Wilson,james42@example.org,Canada,2023-11-14
5067,Tanner,Baker,kelly95@example.com,USA,2025-07-25
5068,Garrett,Hess,hayden46@example.org,Canada,2025-02-26
5069,Rachel,Jones,martinezrenee@example.com,Australia,2025-11-23
5070,Darlene,Thompson,donna42@example.net,Canada,2025-06-05
5071,Walter,Ramos,scott35@example.org,USA,2025-08-05
5072,Christy,Rice,pbrooks@example.net,USA,2026-01-27
5073,Michael,Dickerson,marshalllisa@example.com,USA,2024-09-28
5074,Sherry,Jones,melissacastillo@example.net,Canada,2024-03-03
5075,Grace,Young,susan82@example.com,Australia,2024-08-11
5076,James,Jones,taylorrichard@example.com,USA,2026-05-08
5077,John,Mendoza,tcase@example.org,USA,2025-11-15
5078,Vanessa,Reid,crystal06@example.com,Canada,2025-11-06
5079,Brittany,Wilson,graymichelle@example.net,USA,2024-11-16
5080,Karen,Gentry,ibarradylan@example.org,Canada,2025-03-12
5081,Travis,Sosa,cruzalbert@example.org,Canada,2026-03-10
5082,Joseph,Miller,garciarachel@example.com,Canada,2023-08-24
5083,Jessica,Lee,qwilliams@example.org,UK,2024-03-14
5084,Tonya,Martin,gmccormick@example.org,Canada,2025-07-22
5085,Daniel,Thompson,qoneal@example.net,Canada,2025-09-29
5086,Amy,Thomas,jeffersonchristine@example.com,USA,2025-06-29
5087,Lisa,Goodwin,qwagner@example.org,USA,2023-09-26
5088,Bryan,Jones,ramirezjoseph@example.com,Canada,2024-10-24
5089,Darlene,Walker,tjackson@example.net,USA,2026-05-23
5090,Carlos,Petty,gene59@example.net,Canada,2026-03-29
5091,Joshua,Hester,nterry@example.com,Canada,2025-09-29
5092,Chelsea,Jackson,anthonyedwards@example.com,Canada,2025-05-12
5093,Donna,Burke,peterhamilton@example.com,UK,2024-07-28
5094,Connie,Williams,catherineblair@example.net,Canada,2023-12-13
5095,Adam,Campbell,ashleyhester@example.com,Canada,2026-07-23
5096,Ryan,Johnson,alyssasaunders@example.net,Canada,2024-11-13
5097,Cynthia,Reyes,bondrobert@example.com,UK,2024-07-23
5098,Taylor,Stark,knoxmark@example.org,Canada,2026-01-11
5099,Christopher,Davis,david22@example.com,Canada,2024-07-27
5100,Diana,Melendez,walterdavid@example.com,Canada,2024-09-03
5101,Kelly,Shaw,marcbrooks@example.com,Canada,2024-02-10
5102,Joshua,Sanchez,lgallagher@example.com,USA,2023-10-02
5103,Seth,Kline,kiara57@example.org,USA,2025-02-04
5104,Michele,Castro,jessica25@example.org,Canada,2024-02-24
5105,Sherry,Hurley,robert90@example.org,Canada,2025-08-14
5106,Linda,Mejia,melissachapman@example.net,Canada,2026-05-12
5107,Christine,Hart,kmurphy@example.org,Canada,2025-12-31
5108,Ray,Scott,thomaslori@example.net,Canada,2025-03-10
5109,Joseph,Kim,castrokatherine@example.com,USA,2025-05-08
5110,Christopher,Anderson,robertsingh@example.com,Australia,2026-04-22
5111,Jeffrey,Neal,chad39@example.com,Australia,2024-10-06
5112,John,Martin,robert42@example.net,UK,2024-12-10
5113,Gary,Nelson,donald63@example.org,USA,2024-06-05
5114,Rickey,Jones,mfox@example.com,USA,2024-01-26
5115,Hayden,Reyes,wendy33@example.net,Canada,2025-02-28
5116,Justin,Joseph,castillolinda@example.com,USA,2023-10-13
5117,John,Duke,bruceochoa@example.com,USA,2024-06-25
5118,Allison,Turner,bdelgado@example.org,USA,2025-08-19
5119,Erica,Mccoy,christopherruiz@example.net,USA,2025-04-05
5120,Jessica,Sutton,johnsonjohn@example.com,Canada,2025-02-04
5121,Tiffany,Frederick,yayers@example.com,Canada,2025-01-01
5122,Melissa,Peterson,wbennett@example.com,Australia,2024-07-14
5123,Christina,Brown,rachel81@example.net,Canada,2024-08-18
5124,Michelle,Wright,kelsey11@example.org,USA,2024-01-22
5125,Claudia,Andrews,jamie08@example.net,UK,2025-10-31
5126,Derek,Vazquez,denisekoch@example.org,USA,2024-09-25
5127,Julie,Jones,matthew07@example.org,USA,2024-01-26
5128,John,Reynolds,csmith@example.com,Canada,2025-10-16
5129,Luis,Duarte,kevin87@example.com,Canada,2024-02-10
5130,Sarah,Conway,jhaley@example.org,UK,2025-11-04
5131,Jonathan,Taylor,lwright@example.net,USA,2024-06-25
5132,Samuel,Murphy,whull@example.org,USA,2025-08-21
5133,Eric,Yang,william37@example.com,Canada,2025-12-11
5134,Eugene,Payne,alyssa89@example.org,Canada,2025-05-31
5135,Pamela,Higgins,maria51@example.com,Australia,2025-09-03
5136,Matthew,Aguilar,lee64@example.com,canada,2024-12-08
5137,Katrina,Thomas,johnsoncharles@example.com,USA,2024-02-24
5138,Morgan,Good,xsimpson@example.com,Canada,2024-05-28
5139,Pamela,Cobb,mgill@example.net,USA,2024-09-04
5140,Brandon,Barry,nicholas09@example.net,Australia,2025-11-24
5141,Rodney,Thomas,rebecca28@example.net,USA,2023-09-21
5142,Lauren,Collins,murrayrachel@example.org,Canada,2026-02-15
5143,Tyler,Nelson,pwilliams@example.org,USA,2024-11-17
5144,Jeffrey,Evans,imatthews@example.net,USA,2025-11-16
5145,Paul,Adams,lmorris@example.com,Canada,2024-09-03
5146,Deborah,Robbins,mistywolf@example.com,UK,2025-02-08
5147,Rachel,Morgan,chungerin@example.com,USA,2026-05-12
5148,Peter,Walls,baileyjulia@example.org,UK,2025-09-19
5149,Michael,Perry,amiller@example.com,USA,2025-04-26
5150,Brandi,Turner,knightrobert@example.net,Canada,2024-05-09
5151,John,Fowler,ashley55@example.org,Canada,2025-09-22
5152,Darryl,Knox,jamiecook@example.org,Canada,2024-03-14
5153,Jose,Watson,dixonnathaniel@example.net,UK,2024-11-06
5154,Brittney,Miller,daniellejordan@example.net,USA,2024-12-28
5155,Jocelyn,Collins,jriley@example.com,USA,2025-03-20
5156,Ashley,Wilcox,fstevenson@example.net,Canada,2024-11-29
5157,Jeffrey,Bailey,qsims@example.net,Canada,2024-04-02
5158,Ashley,Rivas,henrybailey@example.net,USA,2025-11-01
5159,Robert,Anderson,pughdennis@example.com,USA,2024-11-08
5160,Sabrina,Miranda,freemanjames@example.org,Canada,2025-11-24
5161,Christopher,Petersen,rsanchez@example.net,USA,2023-09-09
5162,Alexandria,Contreras,lisasmith@example.org,Canada,2024-02-28
5163,Alexander,Lopez,pruiz@example.net,Canada,2024-09-11
5164,Shawn,Myers,gabriel98@example.com,USA,2026-01-15
5165,Aaron,Evans,masseyjennifer@example.org,Canada,2026-03-16
5166,Erik,Harris,karenparker@example.net,Australia,2024-02-28
5167,Sean,Hancock,yclark@example.com,Canada,2024-01-08
5168,Jenny,Cobb,jmiller@example.net,Canada,2025-09-16
5169,Edward,Sanford,mcdanielruben@example.net,Canada,2025-10-01
5170,Brandi,Wagner,qlevy@example.org,USA,2025-04-29
5171,James,Banks,mckinneyclifford@example.org,Canada,2025-02-22
5172,Christian,Washington,pachecojason@example.com,USA,2024-11-28
5173,Phillip,Long,timothy81@example.net,Canada,2024-05-17
5174,Robert,Sweeney,matthew33@example.net,Canada,2025-02-10
5175,Brandon,Thompson,vanessa03@example.com,Canada,2024-09-20
5176,Michael,Barker,kellereric@example.com,UK,2025-11-09
5177,David,Norris,robert19@example.net,canada,2024-08-31
5178,Lisa,Clayton,brianpowell@example.com,Canada,2025-04-21
5179,Stephen,Jones,srivera@example.net,USA,2024-07-07
5180,Amber,Jones,ernest98@example.org,UK,2025-02-28
5181,Rachel,Blankenship,murphyjoshua@example.com,canada,2024-12-18
5182,Robert,Andrews,ricardomiller@example.com,UK,2024-12-16
5183,Mary,Taylor,susanwarner@example.com,Canada,2023-12-18
5184,Ashley,Murphy,jeanette90@example.org,Australia,2025-04-29
5185,Anna,Baker,jake45@example.com,USA,2025-01-29
5186,Lisa,Ortiz,pjones@example.net,Australia,2025-03-31
5187,Samuel,Garrett,waterssue@example.org,USA,2025-10-04
5188,Brandi,Davis,brooke67@example.net,Canada,2024-03-14
5189,Sophia,Elliott,susan93@example.com,Australia,2026-01-22
5190,Sandra,Riley,christopher70@example.com,Canada,2024-10-14
5191,Anna,Murphy,robertthornton@example.com,Canada,2025-03-30
5192,Wanda,Gonzales,caldwellanthony@example.org,USA,2026-06-02
5193,Jennifer,Pierce,hardingeric@example.net,USA,2025-06-29
5194,Randy,Woods,scottblackburn@example.org,Australia,2025-07-30
5195,Jeffrey,Schroeder,valeriebennett@example.com,Canada,2025-02-01
5196,Steve,Garcia,baileydonna@example.com,USA,2025-02-09
5197,Justin,Atkins,briannaburns@example.org,USA,2024-08-04
5198,Peter,Hayes,charlesking@example.net,Canada,2023-08-28
5199,Sophia,Vang,vanessa88@example.com,Canada,2025-11-16
5200,John,Guerrero,zachary86@example.net,Canada,2024-01-05
5201,Melissa,Rivera,taylorbrittany@example.org,Canada,2024-11-26
5202,Nicole,Anderson,tracey80@example.net,Australia,2023-09-26
5203,Mark,Williams,atkinsonkimberly@example.com,USA,2024-01-02
5204,Leslie,Cobb,williamschad@example.net,USA,2025-08-26
5205,Tammy,Schaefer,gclark@example.com,Australia,2024-05-30
5206,Scott,Chang,crystalchandler@example.com,Canada,2024-05-15
5207,Richard,Armstrong,spencerjoshua@example.org,UK,2023-12-17
5208,Amanda,Shah,hjimenez@example.org,Canada,2024-01-26
5209,James,Smith,david84@example.net,UK,2026-01-07
5210,Gregory,Mccoy,millerrebecca@example.net,Canada,2023-10-06
5211,Katelyn,Burke,lanegabriel@example.net,Australia,2024-06-26
5212,Margaret,Edwards,vhowell@example.net,Canada,2023-09-30
5213,Felicia,Wolf,johndaniels@example.com,Canada,2025-09-04
5214,Vanessa,Price,ojohnson@example.com,USA,2026-02-18
5215,Mckenzie,Mills,paula13@example.com,Canada,2023-09-09
5216,Jason,Salazar,ipierce@example.com,USA,2024-07-01
5217,Elizabeth,Delgado,ricewilliam@example.com,Canada,2024-05-09
5218,Hannah,Carroll,cynthiasalas@example.com,USA,2025-10-03
5219,Henry,Goodwin,williamrich@example.com,Canada,2024-01-03
5220,Sarah,Hansen,david31@example.org,Canada,2026-01-28
5221,William,Brown,zcalderon@example.com,Canada,2025-02-12
5222,Brittany,Huerta,kathrynbaxter@example.org,USA,2026-05-28
5223,Alyssa,Haas,cflores@example.com,Canada,2023-09-27
5224,Wesley,Goodwin,johnhuff@example.org,Canada,2024-11-21
5225,Nicholas,Burns,prodriguez@example.org,Canada,2024-06-08
5226,Carla,Bates,nicholaspeterson@example.com,Canada,2023-10-31
5227,Sandra,Campbell,qwoods@example.net,USA,2024-09-23
5228,Heather,Parker,shauncannon@example.com,UK,2024-12-19
5229,Kevin,Roman,tonyamorris@example.net,Canada,2024-11-23
5230,Megan,Munoz,mannlisa@example.com,USA,2026-06-26
5231,Kathleen,Garcia,edwardsryan@example.org,,2025-12-31
5232,Amy,Cooper,steve46@example.com,Canada,2026-08-14
5233,Deborah,Brown,ipotter@example.org,USA,2026-07-20
5234,Amy,Gordon,victoriavillarreal@example.org,Canada,2024-06-01
5235,Mario,Brown,bflores@example.org,USA,2024-05-20
5236,Connie,Francis,nicholas33@example.net,Canada,2025-05-16
5237,John,Hanson,devon57@example.org,USA,2024-08-27
5238,Levi,Gilmore,jennifer82@example.com,USA,2024-03-19
5239,Amy,Colon,lindaali@example.net,Canada,2025-11-08
5240,Rebecca,Marshall,hrodriguez@example.net,Canada,2025-08-27
5241,Kendra,Espinoza,dcarpenter@example.net,Australia,2024-05-23
5242,Robert,Trujillo,cynthiajohnson@example.net,Canada,2025-04-22
5243,Denise,Ramirez,sgoodwin@example.org,USA,2024-11-16
5244,Cody,Ritter,samanthahogan@example.org,UK,2024-03-05
5245,Ashley,Ramirez,sarahmiles@example.org,USA,2025-03-03
5246,Heidi,Camacho,plopez@example.net,USA,2025-05-18
5247,Mikayla,Davis,joshua54@example.org,USA,2026-03-03
5248,Chloe,Flores,christophercannon@example.org,UK,2026-04-24
5249,Michael,Walker,rebeccamoore@example.org,USA,2024-12-06
5250,James,Contreras,parkersean@example.net,USA,2026-06-29
5251,Michael,Garcia,fpena@example.org,Canada,2024-01-30
5252,Jocelyn,Richardson,ithompson@example.com,Australia,2026-05-12
5253,Lee,Carter,kennethhughes@example.net,USA,2025-09-05
5254,Madison,Hahn,jasonray@example.com,Canada,2025-04-09
5255,Gregory,Harper,randall36@example.org,UK,2023-11-15
5256,James,Smith,paul17@example.org,USA,2025-11-14
5257,Tammy,Hernandez,youngjared@example.com,,2024-07-28
5258,Brandon,Bryan,krista74@example.net,USA,2023-11-18
5259,Christopher,Roman,jonathanpearson@example.org,Canada,2026-03-19
5260,Erin,Perez,brownstephanie@example.org,UK,2024-10-20
5261,Jimmy,Bennett,tracimaddox@example.net,Canada,2024-06-17
5262,Mary,Torres,karen85@example.com,UK,2025-06-26
5263,Sara,Bean,franciscoandrews@example.org,USA,2025-12-06
5264,Dalton,Smith,alison10@example.com,Canada,2025-10-31
5265,Kim,Burgess,whitepedro@example.org,Australia,2024-07-11
5266,Brittany,Walsh,qgreen@example.com,USA,2024-03-27
5267,Maria,Weber,ivance@example.com,Canada,2024-06-21
5268,Tamara,Butler,sgardner@example.com,USA,2026-08-07
5269,Morgan,Walker,reginajordan@example.org,UK,2026-04-06
5270,Rhonda,Hill,kimarmstrong@example.com,Canada,2024-06-08
5271,Jonathan,Houston,ejones@example.net,,2026-05-31
5272,Gloria,Avila,andrew30@example.com,Canada,2025-07-22
5273,Kaitlyn,Pittman,qwallace@example.net,Canada,2024-08-28
5274,Sarah,Sandoval,porterchristopher@example.com,USA,2025-05-13
5275,Levi,Scott,jacksonsamantha@example.net,USA,2025-09-21
5276,Kelly,Chang,erichoover@example.org,Canada,2025-02-28
5277,Emily,Dunn,kristi20@example.net,Canada,2025-05-25
5278,Yvonne,Gomez,kirkmonique@example.net,Canada,2023-08-25
5279,Teresa,Moore,cmartin@example.com,Australia,2025-12-01
5280,Thomas,Perez,joshuahull@example.org,Canada,2024-05-01
5281,Carolyn,Allen,lorettawatts@example.org,Australia,2024-09-25
5282,Judy,Jackson,caroline23@example.net,USA,2024-04-30
5283,Susan,Phillips,timothylong@example.com,Canada,2024-04-08
5284,Brandy,Adams,jo03@example.org,UK,2026-08-05
5285,Alexandra,Davidson,robertsrobert@example.org,USA,2026-02-16
5286,Brittany,Williams,lisa50@example.com,USA,2026-06-14
5287,William,Simpson,cookanthony@example.com,Australia,2023-12-29
5288,David,Lewis,djackson@example.net,Canada,2023-10-17
5289,Jon,Scott,ashleyholt@example.com,Canada,2024-01-05
5290,Sheila,Dickerson,johnsonjennifer@example.com,USA,2024-10-27
5291,Erin,Gordon,rose86@example.com,Canada,2025-08-29
5292,Tommy,Clark,kimberly96@example.com,Canada,2024-10-08
5293,Adam,Taylor,dgray@example.com,Canada,2026-03-11
5294,Laura,Baker,adamgarcia@example.org,Canada,2024-03-20
5295,Zachary,Clark,michaelmathews@example.net,USA,2025-09-03
5296,Brenda,Campbell,jason35@example.org,canada,2024-11-04
5297,Derrick,Lawson,timothy75@example.org,USA,2025-09-16
5298,Russell,Castro,robinsonjoy@example.com,USA,2024-03-24
5299,Terry,Jones,edward81@example.org,Canada,2024-08-26
5300,Tony,Tanner,chelseasuarez@example.net,Canada,2024-04-30
5301,Christina,Smith,john52@example.net,USA,2025-09-25
5302,Melinda,Williams,jacob98@example.com,Canada,2026-04-12
5303,Kelly,Grimes,millerchristine@example.net,USA,2025-02-07
5304,Jennifer,Gibson,joseph73@example.net,UK,2026-03-31
5305,Shannon,Ford,kathleen90@example.net,Canada,2026-08-03
5306,Stephen,Jones,michael65@example.net,USA,2025-01-28
5307,Shannon,Lynch,chananthony@example.org,USA,2025-12-16
5308,John,Cooper,rebekahmorales@example.net,Canada,2025-05-19
5309,Sandra,Stone,carterdaniel@example.net,UK,2025-02-16
5310,Nicole,Patterson,pamela07@example.net,UK,2026-05-17
5311,Linda,Hurst,zstanley@example.org,Canada,2025-09-02
5312,Roger,Leblanc,hugheswilliam@example.org,canada,2024-05-01
5313,John,Hines,johnsonamanda@example.com,Australia,2024-12-15
5314,Angela,Reeves,hfitzpatrick@example.org,Australia,2024-10-16
5315,Lisa,Benson,trandouglas@example.net,USA,2026-02-27
5316,Gabriel,Henry,rhonda24@example.net,USA,2026-07-03
5317,Brandi,Weber,hjohnson@example.com,Canada,2023-12-09
5318,Heather,Byrd,nancy37@example.net,Australia,2024-04-26
5319,Jasmin,Ramirez,nnolan@example.org,Canada,2025-03-24
5320,Miguel,Powell,hjohnson@example.com,USA,2025-11-22
5321,Mary,Scott,nelsonkevin@example.org,Canada,2023-10-25
5322,Jessica,Johnson,cwood@example.org,Canada,2024-05-09
5323,Michelle,Martinez,xedwards@example.org,,2024-12-21
5324,Victoria,Tucker,kwarren@example.org,Australia,2025-11-02
5325,Wesley,Villanueva,eric34@example.com,Canada,2026-08-16
5326,Jennifer,Johnston,paulabrooks@example.net,USA,2026-05-25
5327,Timothy,Lee,urussell@example.com,Canada,2024-12-22
5328,Sheila,Hicks,shuff@example.net,Canada,2026-07-17
5329,John,Estrada,kentmary@example.com,Canada,2024-03-14
5330,Brenda,Dominguez,deborah90@example.com,USA,2025-09-19
5331,Tyler,Martinez,james60@example.net,Canada,2023-12-17
5332,Keith,Walker,scottsylvia@example.org,Canada,2024-09-08
5333,Stephanie,Brown,david16@example.net,Canada,2024-10-29
5334,Troy,Bell,afrank@example.com,Canada,2023-12-21
5335,Eric,West,bgarcia@example.org,Australia,2025-11-11
5336,Mark,Jenkins,gregory72@example.net,Australia,2025-10-19
5337,Sabrina,Watts,williamsoto@example.com,Canada,2026-05-13
5338,Richard,Sanders,melaniegonzales@example.org,USA,2025-11-08
5339,Larry,Sampson,obowman@example.net,UK,2023-11-03
5340,William,Forbes,nina25@example.com,Canada,2023-10-20
5341,Justin,Roman,tinawilliams@example.org,UK,2024-12-11
5342,Andrew,Steele,floreslaura@example.com,Australia,2023-09-26
5343,Lisa,Long,younganthony@example.net,Canada,2026-04-02
5344,Thomas,Davis,erictownsend@example.org,Canada,2026-01-31
5345,Jennifer,Reyes,usullivan@example.com,Australia,2025-08-09
5346,Mark,Fitzgerald,joshuaburton@example.net,USA,2023-12-24
5347,Michelle,Levine,jeffrey32@example.net,Canada,2025-11-15
5348,Robin,Owens,diazpamela@example.org,Canada,2026-07-26
5349,April,Mckay,hwalker@example.org,Canada,2024-10-09
5350,Lindsay,Mathews,vphillips@example.com,USA,2024-01-15
5351,Daniel,Wilson,vsmith@example.com,USA,2025-08-20
5352,Tina,Smith,cindybrooks@example.net,Australia,2024-10-31
5353,Trevor,Yates,christopher35@example.net,Canada,2025-05-26
5354,Mary,Coffey,urios@example.net,USA,2024-10-30
5355,Edward,Ross,ryan06@example.net,USA,2024-03-14
5356,Elizabeth,Brown,olsonkathleen@example.net,Canada,2026-04-04
5357,Sean,Crane,clinejames@example.net,Canada,2024-05-22
5358,Matthew,Jones,shawngonzalez@example.com,Australia,2026-01-22
5359,Matthew,Lucas,webertravis@example.net,UK,2024-02-12
5360,James,Adams,sandersfelicia@example.org,USA,2024-08-06
5361,Sheena,Ballard,pcarrillo@example.org,USA,2026-01-28
5362,David,Leonard,rebecca70@example.net,Canada,2025-09-01
5363,Cody,Mayo,nelsonhannah@example.org,USA,2025-05-21
5364,Scott,Gilbert,bradley89@example.net,USA,2024-05-23
5365,Seth,Gibbs,angela12@example.com,USA,2025-03-08
5366,Tony,Howe,alansmith@example.org,Australia,2024-08-10
5367,Amber,Watkins,riveradestiny@example.net,USA,2023-10-06
5368,David,Smith,justinfranco@example.com,Canada,2026-08-15
5369,Angela,Figueroa,morgantina@example.net,USA,2024-04-20
5370,Susan,Holmes,lpatrick@example.net,Canada,2023-10-02
5371,Jack,Garcia,yvonnedavis@example.net,Canada,2024-11-18
5372,Kevin,Johnson,susanjones@example.com,Canada,2026-05-10
5373,Sydney,Gallegos,douglas12@example.net,Canada,2025-09-11
5374,Jessica,Knight,randymoore@example.com,USA,2026-02-03
5375,Joseph,Hicks,brenda59@example.org,USA,2026-03-07
5376,Paul,Atkins,aaronwalker@example.net,USA,2026-03-03
5377,Julie,Wood,tyler16@example.com,USA,2024-09-13
5378,Melissa,Ellison,clarkjustin@example.net,Canada,2025-07-05
5379,Melissa,Turner,groberts@example.com,UK,2024-06-13
5380,Benjamin,Cruz,james22@example.org,Canada,2023-09-16
5381,Wendy,Kaiser,gcruz@example.org,Canada,2024-11-16
5382,Patricia,Caldwell,lisa57@example.com,USA,2024-08-07
5383,Randy,Gordon,wattsmelissa@example.org,Canada,2025-05-14
5384,Larry,Brandt,miguelschultz@example.com,Canada,2026-02-28
5385,Emma,Wells,anne81@example.net,USA,2024-02-26
5386,Ryan,Reyes,laustin@example.com,USA,2025-08-19
5387,Carla,Patrick,kgraham@example.org,Canada,2024-05-11
5388,Amber,Miller,theodorehall@example.com,Australia,2024-01-03
5389,Jamie,Stevenson,tammy78@example.net,USA,2025-12-22
5390,Antonio,Stein,patriciasmith@example.com,UK,2025-02-16
5391,Erica,Johnson,annecox@example.org,Canada,2024-01-15
5392,Paul,Chang,joseph35@example.net,USA,2024-04-12
5393,Cody,Beard,heather91@example.org,UK,2025-11-13
5394,Jacob,Allen,wilcoxryan@example.net,USA,2025-11-19
5395,Tammy,Gates,beasleyrobert@example.com,USA,2026-07-08
5396,Jonathan,Olson,karenmarquez@example.org,Canada,2023-11-17
5397,Monique,Phillips,williamwright@example.com,Canada,2026-03-06
5398,Glenn,Smith,daysergio@example.net,USA,2025-01-24
5399,Christine,Reed,jacobfitzpatrick@example.com,Canada,2024-01-25
5400,Mark,Vargas,dennisanderson@example.com,UK,2025-01-25
5401,Kayla,Bryant,michael50@example.org,Canada,2026-08-16
5402,Dominique,Boyd,jacob14@example.net,Australia,2024-07-25
5403,Wanda,Perez,olopez@example.net,Australia,2026-02-13
5404,Jennifer,Ferguson,gregory04@example.com,Canada,2024-08-19
5405,Hailey,Holt,miguelshaw@example.net,Canada,2024-07-27
5406,Karen,Brown,ujohnston@example.org,UK,2025-09-07
5407,Gregory,Peterson,deannabrown@example.com,Australia,2024-07-27
5408,Christopher,Barnes,svargas@example.com,Canada,2025-11-16
5409,Sean,Chavez,meyerkathleen@example.net,Canada,2025-12-31
5410,Jason,Perry,marksmolly@example.com,USA,2025-06-29
5411,Kelly,Walsh,janetbrown@example.net,USA,2025-04-27
5412,Kaitlin,Thompson,susan01@example.net,Canada,2024-06-24
5413,Jason,Freeman,rtaylor@example.org,USA,2025-02-25
5414,Kimberly,Gray,kelly99@example.com,Canada,2025-09-04
5415,Ashley,Zimmerman,lisabauer@example.org,Canada,2023-10-09
5416,Jennifer,Martinez,davisjonathan@example.net,Canada,2026-02-02
5417,Elizabeth,Carlson,fwhite@example.com,Canada,2025-02-07
5418,Brenda,Rodriguez,cunninghamraymond@example.org,canada,2025-07-15
5419,Kristen,Ritter,beckalan@example.net,USA,2024-06-07
5420,Shelby,Robertson,rmccullough@example.org,Canada,2025-08-13
5421,Timothy,Nunez,nancy96@example.com,Canada,2024-09-08
5422,Donna,Harvey,melissadodson@example.com,Canada,2023-12-26
5423,David,Marshall,caleb34@example.org,Australia,2025-11-30
5424,Jimmy,Hall,rford@example.com,Canada,2025-09-05
5425,Tyler,Lewis,paulwhitaker@example.com,Canada,2025-03-27
5426,Timothy,Williams,smithjeanne@example.net,USA,2024-12-13
5427,Christopher,Smith,rjones@example.net,Australia,2024-03-08
5428,William,Sosa,qmiller@example.net,Canada,2025-06-05
5429,Timothy,Baker,tlong@example.com,USA,2025-06-14
5430,Tyler,Barnett,vhernandez@example.org,USA,2025-01-06
5431,Karen,Jackson,michealhenderson@example.net,USA,2026-01-25
5432,Kimberly,Moss,ericsherman@example.com,Canada,2026-06-06
5433,Melanie,Armstrong,nicolenguyen@example.com,USA,2025-10-27
5434,Pamela,Burns,jessica78@example.org,Canada,2025-11-16
5435,Donna,Thompson,deniseevans@example.com,USA,2026-02-28
5436,Joseph,Barber,whitenicholas@example.com,USA,2025-06-19
5437,Danielle,Lawson,psantiago@example.org,Canada,2025-12-13
5438,Ralph,Valencia,scook@example.com,UK,2024-05-28
5439,Betty,Gill,bryce95@example.com,Canada,2026-04-21
5440,Richard,Duarte,pearsonjames@example.org,UK,2025-10-09
5441,David,Ewing,erika64@example.org,USA,2024-12-22
5442,Steven,Figueroa,pittsmary@example.net,Canada,2023-12-18
5443,James,Valdez,morganwatts@example.com,Canada,2025-11-19
5444,Victoria,Welch,kdiaz@example.com,Australia,2026-05-28
5445,Olivia,Cannon,beverly86@example.com,Canada,2025-01-08
5446,Heidi,Cook,zachary90@example.com,Canada,2023-11-27
5447,Ian,Matthews,mlynch@example.org,Canada,2024-08-12
5448,Jane,White,qsmith@example.org,USA,2025-05-11
5449,Jay,Dominguez,lewisdavid@example.net,USA,2025-05-09
5450,Thomas,Green,moorejohn@example.net,Canada,2026-03-04
5451,Justin,Ward,imiller@example.net,,2025-06-17
5452,Carlos,Adams,bryan95@example.com,Canada,2025-11-24
5453,Thomas,Estrada,matthew92@example.org,Canada,2024-04-19
5454,Miguel,Andrade,angela06@example.org,Canada,2023-08-28
5455,Elizabeth,Saunders,charlenewalker@example.org,USA,2024-09-16
5456,Douglas,Nash,ugarcia@example.org,Canada,2024-09-09
5457,Rebecca,Banks,todd26@example.net,Canada,2025-08-18
5458,Melissa,Porter,xhill@example.com,canada,2023-09-28
5459,Gabrielle,Prince,curtissmith@example.org,Australia,2026-08-20
5460,Stacy,Barber,foxbrandon@example.net,Australia,2025-01-29
5461,Richard,Collins,karen58@example.org,UK,2025-08-03
5462,Luke,Smith,hoffmandarlene@example.net,Canada,2026-02-09
5463,Tom,Vasquez,jon61@example.net,Canada,2024-04-10
5464,Amanda,Ingram,ybennett@example.net,Canada,2024-07-11
5465,Kathryn,Allen,jesusroth@example.com,Canada,2024-06-20
5466,Audrey,Dickson,stephanieray@example.org,USA,2024-02-09
5467,Michelle,Schwartz,waynejensen@example.org,USA,2024-09-03
5468,Howard,Washington,andreafowler@example.org,UK,2024-07-02
5469,Lawrence,Morris,dariusroberts@example.com,UK,2026-05-13
5470,Adam,Kennedy,ejohnson@example.net,Canada,2025-04-30
5471,Frank,Jones,stefanie77@example.org,USA,2026-07-27
5472,Robert,Smith,beverly98@example.org,Canada,2024-12-15
5473,Kenneth,Rowland,pauldiaz@example.net,Canada,2024-12-17
5474,Allison,Bell,gdrake@example.net,USA,2025-06-04
5475,Erin,Leach,shawn31@example.net,Canada,2025-06-22
5476,Jon,Baker,bbrown@example.org,Canada,2026-03-04
5477,Luke,Morgan,tim74@example.org,Canada,2024-12-14
5478,Eric,Thomas,zachary75@example.com,USA,2026-05-07
5479,Charles,Vincent,reillykatelyn@example.net,USA,2025-01-17
5480,Nathaniel,Watkins,davidlopez@example.net,Canada,2023-10-05
5481,Kimberly,Hull,bridget54@example.com,UK,2025-11-09
5482,Samuel,James,justin59@example.org,Canada,2025-05-09
5483,Joshua,Frost,riley71@example.org,Canada,2024-03-15
5484,Jimmy,Pace,hamptonkathryn@example.com,USA,2024-05-07
5485,Nathan,Moody,cheyenne75@example.net,USA,2025-08-25
5486,Andrew,Foster,williamcross@example.org,Australia,2025-06-03
5487,Sabrina,Fox,ugallagher@example.net,Canada,2025-01-18
5488,Denise,Arnold,djoyce@example.com,USA,2024-05-19
5489,Brianna,Harrison,biancahess@example.net,USA,2024-05-18
5490,Samuel,Cruz,carrolldiane@example.com,UK,2025-02-23
5491,Mark,Rogers,gibbskaren@example.net,Canada,2025-07-26
5492,Joshua,Cox,wallacedonald@example.com,USA,2024-02-10
5493,Chelsea,Dudley,parksandre@example.com,USA,2025-06-22
5494,Jennifer,Norris,richardhernandez@example.net,Canada,2024-02-11
5495,Keith,Young,christine15@example.com,USA,2025-02-19
5496,Carlos,Ramos,brandylarsen@example.net,Canada,2026-06-23
5497,Scott,Ramirez,angela98@example.com,USA,2025-08-25
5498,Tina,Lambert,adrian55@example.org,UK,2025-09-16
5499,Lindsay,Diaz,omorgan@example.com,USA,2024-01-24
5500,Adrienne,Harrell,arthur70@example.com,USA,2023-11-19
5501,James,Williams,ewest@example.org,USA,2025-03-30
5502,Lonnie,Kelley,lharrington@example.com,Canada,2026-03-27
5503,Abigail,Cook,jcarroll@example.org,Canada,2023-12-22
5504,Tiffany,Hardy,kylewalker@example.org,USA,2025-01-28
5505,Aaron,Mercado,ashleypoole@example.net,Canada,2024-10-02
5506,Jason,Russell,frances83@example.com,Canada,2025-12-22
5507,Kathryn,Hickman,mramos@example.net,USA,2024-10-27
5508,Matthew,Gutierrez,xwells@example.com,Canada,2025-05-01
5509,Shane,Sanchez,kelly05@example.net,Canada,2025-11-28
5510,Elizabeth,Ramos,michaelsmith@example.org,USA,2024-03-05
5511,Haley,Pratt,johnsonamber@example.com,Canada,2026-01-21
5512,Allison,Hernandez,todd45@example.com,Australia,2025-07-11
5513,Brandon,Smith,shelly04@example.org,UK,2024-09-30
5514,Kristina,Moss,bethany16@example.com,canada,2023-09-06
5515,Emily,Patterson,millercynthia@example.net,Canada,2024-10-14
5516,Samuel,Hall,allen47@example.net,USA,2025-08-08
5517,Brandon,Williams,matthew40@example.net,UK,2025-04-19
5518,Devin,Sims,sullivanpatricia@example.net,USA,2025-09-07
5519,Sara,Cruz,cindy56@example.net,Canada,2024-09-06
5520,Heather,Huang,knappjeffrey@example.net,USA,2024-10-26
5521,Anna,Powell,ktaylor@example.com,UK,2024-09-22
5522,Kellie,Hendricks,washingtonalexandria@example.org,USA,2024-05-06
5523,Calvin,Hines,monica24@example.com,USA,2025-07-31
5524,Monica,Salazar,pmorales@example.net,USA,2025-06-17
5525,Kaylee,Blair,michael98@example.org,USA,2024-06-16
5526,Teresa,Barrera,ksimpson@example.com,Canada,2023-12-14
5527,Alejandro,Johnston,rodgersbrent@example.net,USA,2025-02-22
5528,Seth,Jones,farleywalter@example.org,Canada,2026-04-20
5529,Tara,Chung,walkerandrew@example.net,Canada,2025-04-10
5530,Noah,Rodriguez,andreadiaz@example.org,Canada,2024-10-12
5531,Mark,Pennington,xcowan@example.com,,2024-05-01
5532,Eric,Bailey,crodriguez@example.com,Canada,2025-06-02
5533,Shaun,Jackson,kristinraymond@example.net,USA,2024-09-13
5534,Tyrone,Reese,tracy50@example.net,USA,2023-10-26
5535,Anne,Wagner,owilson@example.net,Canada,2024-04-19
5536,Katherine,Schroeder,cantubenjamin@example.com,Canada,2024-02-27
5537,Sharon,Wilcox,mary47@example.org,Canada,2026-04-30
5538,Mason,Charles,katie52@example.com,UK,2024-06-03
5539,Tanya,Fleming,carolmoody@example.net,USA,2025-06-05
5540,Jessica,Wood,kellermary@example.org,USA,2026-02-22
5541,Sarah,Meyers,kingwilliam@example.com,Canada,2024-01-17
5542,Carrie,Cochran,seanwheeler@example.com,USA,2025-11-05
5543,Larry,Thompson,asantiago@example.net,UK,2026-01-16
5544,Juan,Lowe,samuel40@example.org,UK,2024-12-11
5545,David,Bell,eric55@example.com,USA,2023-11-24
5546,James,Roth,fcortez@example.org,Canada,2025-03-28
5547,Sheila,Roy,melvin09@example.net,Canada,2024-09-10
5548,Sarah,Harrell,kendra75@example.org,Canada,2024-09-28
5549,Raven,Gordon,dixonjoshua@example.net,,2026-05-29
5550,Heidi,Gonzales,zjones@example.org,Canada,2024-04-03
5551,Antonio,Beck,tracymayer@example.net,Canada,2025-12-27
5552,Edward,Harrison,jwright@example.com,Canada,2024-01-06
5553,Sergio,Le,ncarter@example.com,Australia,2026-05-17
5554,Laura,Heath,kathryn87@example.net,USA,2025-10-04
5555,Karen,Silva,theresaroberts@example.net,UK,2025-06-21
5556,Kristin,Harris,freed@example.org,USA,2026-08-09
5557,Maria,Christensen,qortiz@example.net,Canada,2026-01-31
5558,Tamara,Smith,jerry67@example.net,USA,2025-02-21
5559,Kathryn,Johnson,sandersrachel@example.net,Canada,2025-12-20
5560,Nancy,Webb,petersonkevin@example.org,USA,2025-04-20
5561,Amanda,Lopez,penalaura@example.net,Canada,2026-06-18
5562,Jessica,Hunt,sandersjoshua@example.org,Australia,2024-02-10
5563,Rodney,Medina,savagejeffrey@example.net,Canada,2026-02-23
5564,Joan,Mendez,stephanie11@example.com,Canada,2024-06-19
5565,Nicole,Shannon,gstephens@example.com,Australia,2025-02-03
5566,Jordan,Miller,bethany10@example.net,Canada,2024-10-08
5567,Ronald,Porter,joejames@example.org,USA,2024-07-04
5568,Benjamin,Thomas,lisacollins@example.com,USA,2025-04-18
5569,Cassie,Thomas,daniel82@example.com,UK,2026-07-10
5570,Cory,Conner,matthewmoses@example.org,Australia,2023-11-01
5571,Alyssa,Johnson,michelle99@example.com,Australia,2026-05-29
5572,Andres,Taylor,johnsonyolanda@example.com,Canada,2025-07-26
5573,Ivan,Blanchard,xbarnes@example.org,UK,2026-07-31
5574,Jason,Tran,zhawkins@example.net,USA,2026-06-09
5575,Daniel,Williams,thomasgonzalez@example.net,USA,2025-09-11
5576,Shawn,Mclean,bethlee@example.org,Canada,2025-06-12
5577,Stephanie,Johnson,petersonkrystal@example.net,USA,2024-10-23
5578,Raymond,Williams,chentraci@example.com,Australia,2025-02-11
5579,William,Nguyen,thanson@example.net,UK,2026-03-03
5580,Christina,Brown,stevenpatel@example.com,Canada,2026-06-16
5581,Elijah,Mueller,geraldandrews@example.net,Canada,2025-09-04
5582,Tamara,Murphy,rodriguezbrittany@example.net,Canada,2024-05-20
5583,Gabriella,Singleton,tracy54@example.org,UK,2025-07-24
5584,William,Morales,michael47@example.net,USA,2023-10-18
5585,Thomas,Soto,jilladams@example.com,USA,2024-04-15
5586,Robert,George,timothybell@example.net,Canada,2025-08-02
5587,Deborah,Ramirez,amy87@example.com,Canada,2023-10-03
5588,Nancy,Porter,ncosta@example.net,USA,2023-10-20
5589,Jacob,Wallace,codykoch@example.org,Australia,2025-12-08
5590,Victoria,Mann,campbelljason@example.org,USA,2026-01-21
5591,Nicholas,Fisher,hbaker@example.org,Canada,2023-11-21
5592,Richard,Davis,vanessasellers@example.com,USA,2024-03-12
5593,Melinda,Graham,lisareyes@example.net,Canada,2025-05-04
5594,Chris,Hughes,david66@example.org,Australia,2024-05-01
5595,Nicholas,Carter,jamessmith@example.com,Canada,2023-11-23
5596,Shane,Guzman,leslie40@example.com,USA,2025-12-04
5597,Cassandra,Walsh,anthony19@example.net,Canada,2023-09-03
5598,Mckenzie,Sherman,robert73@example.net,USA,2024-09-17
5599,Leah,Cuevas,carly17@example.com,USA,2024-05-09
5600,Ian,Rodriguez,hernandezjacob@example.net,USA,2025-12-27
5601,Nicholas,Gamble,sandersmark@example.com,Canada,2023-09-14
5602,Kenneth,Jackson,michaelgriffin@example.com,Canada,2024-07-02
5603,Elizabeth,Carpenter,thomas75@example.org,Canada,2024-02-03
5604,Jennifer,Shields,rbenson@example.com,USA,2024-02-16
5605,Traci,Stewart,hacevedo@example.net,Canada,2025-09-30
5606,Megan,Warren,moralesjessica@example.org,USA,2023-12-08
5607,Tara,Stewart,davisjonathan@example.net,UK,2024-06-05
5608,Eric,Miles,virginia46@example.com,UK,2024-04-15
5609,Rose,Mcconnell,vjones@example.com,Canada,2026-04-29
5610,Nicole,Baker,flemingrichard@example.com,USA,2024-07-27
5611,Sherry,Pena,thomas03@example.com,Canada,2023-08-30
5612,David,Hooper,fitzpatrickrichard@example.org,USA,2025-01-08
5613,Paul,Clark,wilsonemily@example.com,UK,2024-04-11
5614,Jeffrey,Davis,gibsonanthony@example.org,Canada,2026-07-14
5615,Theodore,James,bgreen@example.org,Canada,2025-05-07
5616,Elizabeth,Christian,kelly26@example.net,UK,2023-10-23
5617,Patricia,Kim,melissajones@example.com,UK,2026-04-01
5618,Jamie,Farmer,kevinguerrero@example.org,Canada,2026-02-23
5619,Jon,Lutz,natalie66@example.org,USA,2024-06-18
5620,Karen,Thomas,stephaniebrown@example.com,Canada,2026-04-28
5621,Nicole,Martinez,hoganroberto@example.net,Canada,2024-06-03
5622,Brian,Stone,corey59@example.org,UK,2024-05-08
5623,Samantha,Henderson,dylan74@example.com,UK,2024-05-29
5624,Jacob,Schaefer,pottskaren@example.com,USA,2025-05-19
5625,Leonard,Jordan,debbie41@example.org,Canada,2025-09-17
5626,Jason,Baird,velazquezdarlene@example.com,UK,2025-07-24
5627,Julia,Clarke,shermanalexander@example.com,Canada,2025-04-08
5628,Melanie,Williams,knichols@example.net,Canada,2025-11-20
5629,Shawn,Bennett,grantkatie@example.org,USA,2026-08-04
5630,Joshua,Dominguez,cynthia44@example.com,Canada,2024-07-22
5631,Tyrone,Young,nathanpena@example.net,USA,2026-03-17
5632,Taylor,Reynolds,qjohnson@example.com,USA,2025-02-22
5633,Michael,Huff,mary17@example.com,Canada,2023-10-14
5634,Tonya,Pope,thomasmiller@example.net,Canada,2023-12-26
5635,Mark,Sanders,badams@example.net,Canada,2025-07-01
5636,Gary,Smith,antonio57@example.net,Canada,2024-02-05
5637,Carlos,Adams,peterwagner@example.com,USA,2026-06-24
5638,Joyce,Obrien,keithsimmons@example.net,UK,2023-12-03
5639,Candice,Hensley,burnettjennifer@example.net,Canada,2026-02-15
5640,Kristina,Thompson,nhunt@example.org,Canada,2025-03-03
5641,Amanda,Fitzgerald,longlauren@example.org,USA,2025-12-04
5642,Edward,Contreras,stevensbrandi@example.net,UK,2024-01-21
5643,Angela,Osborne,jasonsosa@example.org,Canada,2024-08-16
5644,Todd,Taylor,summersjeanette@example.org,canada,2025-03-12
5645,Maurice,Sherman,lmartinez@example.net,USA,2025-01-07
5646,Darren,Hanna,lopezkylie@example.com,Canada,2025-08-06
5647,Troy,Thomas,debra37@example.com,Canada,2024-03-06
5648,Kristen,Lowe,jennifer09@example.com,USA,2024-03-11
5649,Scott,Allen,xgreen@example.net,USA,2025-02-28
5650,Cameron,Fletcher,douglas05@example.net,USA,2024-01-17
5651,Susan,Leon,stephaniemckee@example.org,USA,2026-03-25
5652,Autumn,Howard,zsnyder@example.net,USA,2025-06-17
5653,Randall,Powers,tracystevens@example.com,Canada,2024-12-31
5654,Jeffrey,Griffith,hendersonerin@example.org,Canada,2024-01-08
5655,Edgar,Allen,garciapamela@example.org,Canada,2024-05-10
5656,Jared,Rodriguez,xmurphy@example.net,Canada,2023-10-09
5657,Miranda,Sullivan,stephanie41@example.org,USA,2024-04-09
5658,Mackenzie,Martinez,melissaescobar@example.net,UK,2025-02-02
5659,John,Goodwin,xbrown@example.net,Australia,2025-05-13
5660,Jamie,Guerra,wrightalexander@example.net,USA,2026-07-25
5661,Anna,Gonzales,timothyjackson@example.org,Canada,2026-06-28
5662,Daniel,Cabrera,donaldbanks@example.net,Canada,2023-08-29
5663,Wendy,Carlson,gjones@example.net,UK,2024-05-02
5664,Sara,Kirby,joseph98@example.net,USA,2025-12-31
5665,Linda,Fernandez,seanramirez@example.net,USA,2024-12-13
5666,Joy,Hall,davislaura@example.com,USA,2023-10-28
5667,John,Adams,kevindiaz@example.com,USA,2023-09-25
5668,Melissa,Khan,smithrobin@example.com,UK,2024-08-08
5669,Sherry,Stone,sallyarnold@example.org,Canada,2025-08-22
5670,Kimberly,Johnson,annettereese@example.net,USA,2026-08-13
5671,Brian,Arias,travis98@example.org,UK,2026-07-10
5672,Zachary,Doyle,stevengay@example.com,Canada,2025-12-13
5673,Craig,Henson,javierjohnson@example.org,USA,2024-10-12
5674,Robert,Snow,newmanelaine@example.com,Canada,2024-04-11
5675,Rebecca,Davis,higginsheidi@example.org,Australia,2026-08-10
5676,Brittany,Rogers,anthonysanchez@example.org,canada,2025-10-26
5677,Mary,Scott,halltrevor@example.org,USA,2026-07-22
5678,Alan,Gould,parmstrong@example.org,Canada,2023-09-21
5679,Connor,Ryan,natashakemp@example.com,USA,2026-08-05
5680,Nathan,Anderson,gthomas@example.com,Canada,2024-03-09
5681,Joseph,Beltran,david68@example.com,Canada,2026-06-08
5682,John,Ward,bruce65@example.org,USA,2025-05-13
5683,Catherine,Rogers,patrickherman@example.com,UK,2025-07-06
5684,David,Johnson,vhatfield@example.net,Canada,2023-09-28
5685,Michael,Dunn,boonelee@example.net,Canada,2024-08-07
5686,Samantha,Medina,zryan@example.net,USA,2024-06-05
5687,Marc,Murphy,vduarte@example.net,canada,2025-10-18
5688,Kimberly,Holloway,lbaker@example.org,UK,2026-07-19
5689,Jorge,House,rebecca55@example.com,Canada,2025-02-02
5690,Valerie,Smith,brandondaniel@example.net,USA,2025-02-18
5691,Leslie,Doyle,austinpollard@example.org,Canada,2024-04-23
5692,Jonathan,Burton,morgan58@example.org,Canada,2024-10-19
5693,Timothy,Duncan,krista46@example.com,USA,2024-07-26
5694,Jonathan,Cherry,williamskelly@example.org,USA,2024-07-08
5695,Robert,Sweeney,cindy68@example.org,USA,2024-07-11
5696,Tammy,Pacheco,george60@example.com,canada,2026-08-14
5697,Andrea,Jacobs,randy25@example.com,Canada,2024-11-26
5698,Christopher,Lee,hortoncarrie@example.net,Canada,2023-11-16
5699,Vanessa,Rodriguez,sparkspatrick@example.org,Australia,2025-09-06
5700,Nathan,Hawkins,richardsonmark@example.org,Canada,2024-07-24
5701,Daniel,Bentley,eparrish@example.com,Canada,2024-05-29
5702,Crystal,Sutton,eavery@example.net,Canada,2025-08-15
5703,Natalie,Cardenas,garretthannah@example.org,USA,2025-12-20
5704,Eric,Wright,dmorales@example.org,Canada,2024-09-21
5705,Tabitha,Garcia,samantha46@example.net,UK,2024-11-23
5706,Michael,Vaughan,johnparker@example.net,Canada,2025-04-07
5707,Jacob,Kline,delacruzmelissa@example.org,UK,2026-03-25
5708,Cynthia,Nelson,katrina92@example.net,Canada,2025-01-04
5709,Jennifer,Werner,robbinsjoseph@example.com,USA,2026-07-21
5710,Regina,Johnston,andrew09@example.net,UK,2024-07-26
5711,Matthew,Hodges,penny39@example.org,Canada,2025-07-28
5712,Keith,Figueroa,pcastro@example.com,canada,2025-11-23
5713,Timothy,Wade,qbarnes@example.net,USA,2025-01-18
5714,Jamie,Schmidt,john25@example.org,Australia,2025-04-29
5715,Melissa,Gibson,imartinez@example.net,USA,2024-12-23
5716,Scott,Roman,zcoleman@example.org,Canada,2025-09-18
5717,Christopher,Martinez,patriciamartin@example.com,Canada,2024-01-07
5718,Barbara,Wong,danielgraham@example.net,Canada,2025-02-15
5719,Sarah,Smith,robert75@example.net,Canada,2023-12-27
5720,Courtney,Singleton,ngross@example.net,Canada,2025-05-30
5721,Emily,Baird,twilliams@example.com,Canada,2025-12-29
5722,Tim,Olson,nelsonmichael@example.com,Canada,2026-03-06
5723,Taylor,Schaefer,tanyaferrell@example.net,USA,2023-09-11
5724,Christopher,Richardson,jonathan40@example.net,Canada,2026-02-17
5725,Christine,Dean,stephen52@example.com,Canada,2024-10-21
5726,Crystal,Henry,sarah84@example.com,USA,2024-08-24
5727,Matthew,Caldwell,wmyers@example.net,Canada,2024-11-13
5728,John,Morgan,teresa05@example.org,Canada,2026-08-21
5729,Rachel,Crane,jenningsethan@example.net,Canada,2025-01-18
5730,Allison,Mann,thomasarmstrong@example.net,Australia,2025-02-28
5731,Angela,Brown,mckenzie26@example.com,UK,2023-09-16
5732,Robert,Henderson,frenchjacob@example.com,Canada,2024-12-10
5733,Nancy,Baker,darlenetownsend@example.com,USA,2024-03-24
5734,Michael,Brown,zmorrison@example.org,USA,2024-12-07
5735,Jeffrey,Simpson,qbecker@example.org,USA,2024-06-21
5736,Daniel,Chaney,willisperry@example.net,USA,2024-12-03
5737,Matthew,Bond,vlang@example.net,USA,2024-03-01
5738,Barry,Price,baileychloe@example.net,Canada,2023-10-28
5739,Colleen,Thomas,mendozabrandon@example.net,Canada,2023-10-30
5740,Jason,Horn,mallory90@example.org,USA,2024-04-06
5741,Kelli,Evans,mariereynolds@example.net,UK,2024-03-01
5742,Kimberly,Hanson,arnoldchristopher@example.com,USA,2025-08-28
5743,Danielle,Velez,wilsonheather@example.net,UK,2026-03-07
5744,Robert,Baker,carlosrodriguez@example.org,Australia,2025-04-19
5745,Victoria,Bullock,ryan59@example.com,Canada,2023-12-05
5746,Christopher,Thomas,margarethart@example.net,USA,2026-08-01
5747,Victoria,Morrison,rriggs@example.com,USA,2025-07-30
5748,Jon,Robinson,margaret83@example.net,Australia,2025-01-30
5749,Nicole,Lowe,olivia88@example.com,Australia,2024-10-16
5750,Thomas,Mendoza,courtney50@example.net,USA,2024-05-15
5751,Lisa,Simon,iwells@example.net,,2026-01-07
5752,Wendy,Johnston,moralesmichael@example.com,USA,2024-09-11
5753,Eric,Ramos,joshuawilkinson@example.net,Canada,2024-07-21
5754,Kim,Dixon,jthomas@example.net,USA,2025-01-08
5755,Jasmine,Lawrence,jessicahobbs@example.net,UK,2025-05-07
5756,Joseph,Wheeler,melissaponce@example.com,Canada,2024-02-19
5757,Tony,Scott,fcalhoun@example.org,USA,2024-07-09
5758,Scott,Bush,candicecline@example.com,Canada,2024-07-30
5759,Mary,Campbell,todd18@example.org,Canada,2024-01-23
5760,Justin,Baker,stevenscurtis@example.org,Canada,2024-01-16
5761,Kimberly,Ramirez,stephenmcneil@example.org,USA,2024-11-26
5762,Samuel,Leblanc,christine35@example.com,Australia,2023-09-23
5763,Brandi,Wood,stanleyanthony@example.org,Australia,2025-10-18
5764,William,Wood,fbridges@example.org,Canada,2025-01-25
5765,Heather,Ramsey,benitezheather@example.com,UK,2025-05-04
5766,Christopher,Tapia,robert07@example.org,USA,2023-08-29
5767,Sherry,Thornton,nlewis@example.org,Canada,2026-02-20
5768,Timothy,Schultz,millernicole@example.org,Canada,2023-12-07
5769,Nicole,Roberts,robertjones@example.net,Canada,2025-06-27
5770,Eric,Grimes,alexis06@example.org,UK,2024-04-06
5771,Patrick,Nelson,dhouse@example.org,USA,2026-05-21
5772,Lawrence,Miller,john80@example.com,USA,2026-02-15
5773,Christopher,Greer,mcknightantonio@example.com,Canada,2024-08-27
5774,Christopher,Stewart,sandrazimmerman@example.net,USA,2026-06-21
5775,Cheryl,Pruitt,jbrown@example.com,Canada,2024-11-09
5776,Kimberly,Lindsey,laura77@example.net,Canada,2024-12-12
5777,Brandon,Murphy,nicholas57@example.com,USA,2023-08-31
5778,Joshua,White,whancock@example.org,Canada,2024-10-18
5779,Nancy,Alvarado,xsherman@example.net,UK,2025-12-02
5780,Matthew,Scott,rodgerserik@example.com,Canada,2023-12-19
5781,Darrell,Hoffman,reyesmiguel@example.net,USA,2023-09-14
5782,Charles,Porter,michael70@example.net,Canada,2024-02-24
5783,Travis,Kelley,paige44@example.net,USA,2024-07-04
5784,Rachel,Escobar,julie94@example.org,Canada,2025-11-19
5785,Tristan,Soto,gravesmelanie@example.org,Canada,2024-08-15
5786,David,Gonzales,lkrause@example.com,UK,2025-03-02
5787,Natalie,Valentine,jwilliams@example.com,Canada,2023-10-29
5788,Jessica,Ortega,phillipsmorgan@example.org,UK,2024-12-22
5789,Patrick,Ryan,cvaldez@example.com,Australia,2025-03-30
5790,Rachel,Robinson,barbara23@example.net,Canada,2025-11-19
5791,Kristin,Myers,vegalawrence@example.org,Canada,2026-03-27
5792,Krista,Morris,hoganryan@example.org,USA,2025-09-13
5793,Monica,Bailey,pageamanda@example.org,Australia,2023-08-27
5794,Shane,Kennedy,harold45@example.com,UK,2025-01-03
5795,Curtis,Garrett,colson@example.com,USA,2024-12-02
5796,David,Davis,laurenthompson@example.org,USA,2024-07-15
5797,Michelle,Green,sampsonbrittany@example.org,Canada,2023-12-21
5798,Eric,Crane,cindy83@example.org,Australia,2024-11-27
5799,Maria,Buck,kristen08@example.net,Australia,2025-05-14
5800,George,Townsend,brittany44@example.net,Canada,2025-01-12
5801,Natalie,Myers,davisemily@example.org,Canada,2024-08-31
5802,Richard,Anderson,robertpaul@example.net,Canada,2025-04-04
5803,Eduardo,Henry,connermelissa@example.net,,2024-02-22
5804,Brandon,Valdez,stephenperez@example.com,UK,2026-06-03
5805,Christine,Dyer,stewartpeter@example.com,Canada,2025-11-24
5806,Ryan,Gutierrez,wliu@example.net,Canada,2026-03-21
5807,Sandra,Francis,dchase@example.org,Canada,2025-12-24
5808,John,Hensley,jlopez@example.org,Australia,2025-06-30
5809,Gregory,Marks,brandon80@example.com,USA,2025-06-25
5810,Andrew,Gonzales,pweiss@example.net,Canada,2025-02-17
5811,Collin,Larsen,cynthiaroberts@example.org,Canada,2025-11-26
5812,Tina,Bowman,iprice@example.com,Australia,2025-03-08
5813,Victoria,Ponce,melissafischer@example.net,UK,2024-05-01
5814,Anthony,Smith,sbrown@example.com,Canada,2026-02-23
5815,Jennifer,Smith,yclay@example.com,Canada,2025-05-02
5816,Melinda,Sanchez,cindy04@example.com,Canada,2025-01-15
5817,Cheryl,Williams,julie30@example.com,Canada,2025-01-17
5818,David,Pena,moorestanley@example.com,USA,2024-09-28
5819,Whitney,Smith,florescrystal@example.org,Australia,2026-05-01
5820,David,Hanson,ruth54@example.com,USA,2024-04-07
5821,Amber,Hampton,hector40@example.com,UK,2024-02-13
5822,Franklin,Nguyen,wallacemaxwell@example.org,Canada,2024-03-10
5823,Mitchell,Taylor,charles50@example.org,USA,2024-03-15
5824,Eric,Mcdonald,owenangela@example.com,USA,2025-08-28
5825,Tina,Reed,david91@example.net,Canada,2025-07-18
5826,Christopher,Johnson,underwoodcurtis@example.org,Canada,2026-07-17
5827,Sharon,Smith,crystal04@example.net,USA,2026-07-28
5828,Carlos,Patterson,javieringram@example.com,,2024-11-10
5829,Colleen,Mueller,lhoffman@example.com,Canada,2024-12-25
5830,William,Hood,bobbywalls@example.net,USA,2024-09-30
5831,Melissa,Morrison,xirwin@example.com,Australia,2024-03-26
5832,Lisa,Gonzales,kevinhess@example.org,USA,2024-04-01
5833,Jamie,Bruce,taylorlawrence@example.org,UK,2025-05-04
5834,Patricia,Price,molly64@example.org,Canada,2026-07-17
5835,Michael,Steele,barrettrachel@example.com,USA,2025-09-19
5836,Caitlyn,Sparks,stephanie81@example.com,USA,2023-09-25
5837,Amy,Flores,hendrickspatrick@example.org,UK,2026-01-03
5838,Sarah,Rodriguez,lwilliamson@example.com,Canada,2026-04-09
5839,Kimberly,Allen,andersonalan@example.org,USA,2026-01-26
5840,Jason,Hess,dalehudson@example.org,USA,2025-12-11
5841,Mark,Bishop,tylergreen@example.org,Canada,2025-12-21
5842,John,Conley,bhickman@example.net,Canada,2024-07-19
5843,Billy,Porter,paulrojas@example.com,Canada,2024-07-31
5844,Jessica,Obrien,gharris@example.org,Canada,2024-09-16
5845,Tasha,Washington,cameronkim@example.org,UK,2024-03-29
5846,Nicole,Williams,mjohnson@example.net,Canada,2025-04-07
5847,Kenneth,Porter,hcox@example.net,Canada,2026-05-28
5848,Dillon,Smith,zfranco@example.com,USA,2025-03-22
5849,Tracie,Thompson,suarezamy@example.net,Canada,2024-10-19
5850,Alexander,Hampton,gcastaneda@example.net,USA,2026-05-13
5851,Bryan,Meadows,tchapman@example.net,Canada,2026-03-27
5852,Mike,Stephens,nicholas80@example.com,Australia,2025-04-11
5853,Charles,Cole,ericmitchell@example.net,UK,2025-06-21
5854,Kristie,Holder,hsmith@example.org,UK,2025-04-24
5855,Amanda,Baker,williamsonrobin@example.com,Canada,2026-04-17
5856,Jonathan,Odonnell,cpierce@example.com,USA,2026-05-01
5857,Amanda,Lee,umccullough@example.net,Canada,2024-10-08
5858,Heather,Moon,paulwhite@example.org,Canada,2023-11-06
5859,Wendy,Watts,vwarner@example.net,Canada,2024-11-18
5860,Brian,Weeks,treid@example.org,USA,2025-07-23
5861,Amanda,Hardy,wilkinsonjason@example.net,USA,2024-02-27
5862,Theresa,Parsons,scottmartinez@example.net,USA,2026-04-09
5863,Alicia,Crawford,victoria15@example.com,Canada,2025-02-05
5864,Stephanie,Garcia,egonzalez@example.com,Canada,2026-02-04
5865,Teresa,Wilson,ybarnett@example.org,USA,2024-06-13
5866,Brooke,Hill,john17@example.net,Canada,2024-02-12
5867,Jeremy,Aguirre,debra97@example.com,USA,2024-12-10
5868,Antonio,Parker,dorseyscott@example.com,Canada,2025-10-13
5869,Richard,Prince,riverashane@example.com,UK,2026-07-20
5870,Dominic,Greene,udixon@example.com,USA,2024-08-31
5871,David,Leach,edward58@example.com,Canada,2024-11-04
5872,Greg,White,mcknightfernando@example.net,Canada,2024-11-24
5873,Christina,Williams,garciaveronica@example.com,USA,2023-12-14
5874,Zachary,Gonzales,angelalambert@example.net,UK,2024-04-17
5875,Joel,Taylor,maryestrada@example.net,Canada,2025-03-19
5876,Devin,Howard,rodney86@example.org,Canada,2025-04-30
5877,Patricia,Bird,perezrichard@example.com,UK,2024-06-11
5878,Angela,Hansen,james14@example.net,USA,2024-02-14
5879,Dustin,Hall,adam60@example.org,Canada,2025-10-29
5880,Edgar,Patterson,melissa09@example.com,USA,2023-11-12
5881,Cassidy,Johnson,smithcarla@example.com,Canada,2024-10-24
5882,Mary,Watkins,kyle43@example.org,USA,2023-10-20
5883,Thomas,Stone,melissa27@example.net,Canada,2024-07-13
5884,Katherine,Vazquez,pruittleroy@example.net,Australia,2024-01-12
5885,Elizabeth,Pierce,mparks@example.org,USA,2025-02-18
5886,Susan,Moore,xbraun@example.com,USA,2025-05-07
5887,Daniel,Brady,burtonerika@example.com,USA,2025-11-22
5888,Cameron,Wilson,qdavis@example.com,UK,2023-08-23
5889,Dylan,Johnson,russellgregory@example.com,UK,2026-08-15
5890,Rebekah,Scott,marilyn46@example.com,USA,2024-01-22
5891,Ryan,Jennings,bruce53@example.com,USA,2025-02-18
5892,Tracy,Atkinson,millerrobert@example.org,USA,2025-03-01
5893,Jacqueline,Wiley,jenniferhaas@example.net,USA,2025-04-02
5894,Vernon,Howard,kleblanc@example.net,Canada,2024-03-14
5895,Jorge,Jones,nicole28@example.net,USA,2025-12-28
5896,Sabrina,Farmer,shaffercorey@example.com,Canada,2025-10-28
5897,Andrew,Hopkins,carriesimpson@example.net,UK,2024-06-23
5898,Dawn,Mitchell,kimberlyhester@example.net,canada,2025-09-29
5899,Michael,Bryant,ffry@example.net,Australia,2025-07-27
5900,Justin,Zimmerman,wendy77@example.org,USA,2024-06-03
5901,Dana,Long,robin72@example.net,USA,2026-01-20
5902,Jason,Ayala,hartalejandro@example.com,USA,2025-07-10
5903,Laura,Berg,johnsonashley@example.net,Canada,2024-07-06
5904,Tracey,Austin,bethwright@example.com,Canada,2025-07-19
5905,David,Anderson,rodneyhunter@example.net,Canada,2025-01-17
5906,Kimberly,Ponce,justinvargas@example.org,USA,2024-08-31
5907,Michael,Elliott,wardmelinda@example.net,Canada,2025-11-13
5908,Jeremy,Gregory,patricia51@example.net,USA,2024-01-30
5909,Kaylee,Mitchell,joshua70@example.net,Canada,2025-12-15
5910,Robert,Pearson,casejohn@example.com,Canada,2025-06-20
5911,Kelly,Morris,yfernandez@example.net,Canada,2026-05-22
5912,Melody,Harvey,sclark@example.net,Australia,2026-02-19
5913,Eric,Martin,bauerian@example.com,USA,2025-07-20
5914,Cody,Keller,floresjose@example.com,Canada,2026-07-25
5915,William,Robinson,dreid@example.org,USA,2025-02-06
5916,Mitchell,Johnson,howellstacey@example.net,Canada,2023-09-12
5917,Richard,Anderson,jacobsullivan@example.com,Australia,2025-10-12
5918,Morgan,Rich,davidcook@example.org,USA,2023-08-25
5919,Kayla,Obrien,scotttravis@example.com,Canada,2025-03-06
5920,Yolanda,Newton,scottmiddleton@example.com,USA,2025-02-14
5921,Mark,Graves,christinehowell@example.org,Canada,2024-10-21
5922,Linda,Cochran,michael41@example.net,Australia,2026-01-21
5923,Amy,Walker,shaun92@example.net,Canada,2024-02-19
5924,Lindsey,Newton,garcialinda@example.com,USA,2023-12-14
5925,Carrie,Ray,timothycampbell@example.net,Canada,2026-02-17
5926,Victoria,Rosario,dawn33@example.org,USA,2023-11-07
5927,Deborah,Andrews,charlesortega@example.net,USA,2024-07-14
5928,Troy,Mosley,jensenrodney@example.org,USA,2026-03-20
5929,Noah,Mccoy,danielsmith@example.org,USA,2025-12-30
5930,George,Rice,elizabeth95@example.net,UK,2025-08-25
5931,Karina,Humphrey,mackmichael@example.net,Canada,2024-01-06
5932,Mark,Hunt,baxterkristen@example.org,,2023-12-04
5933,Isabel,Rivera,paigedavenport@example.com,Canada,2026-08-06
5934,Jared,Cross,rschultz@example.org,Australia,2025-10-06
5935,Sara,Jimenez,lhampton@example.com,Canada,2026-05-16
5936,Erica,Alvarez,christopherburgess@example.com,USA,2024-02-17
5937,Jorge,Mcguire,qanderson@example.org,USA,2024-12-21
5938,Sean,Lee,collinsdebra@example.com,Canada,2025-08-07
5939,Joseph,Logan,wheeleranne@example.net,Canada,2024-06-13
5940,Tanya,Andrews,qthompson@example.net,Canada,2024-03-30
5941,Joshua,Church,katiegriffin@example.net,Canada,2023-11-11
5942,Michael,Nash,elizabethgutierrez@example.com,Canada,2023-08-28
5943,Sean,Flores,huangeric@example.org,Canada,2025-07-30
5944,David,Johnson,christopherschmidt@example.com,UK,2024-01-12
5945,Andrew,Kelly,hillmaria@example.com,Australia,2024-11-18
5946,Stephanie,Jones,ushaffer@example.com,Canada,2025-09-12
5947,Laura,Schmitt,brian43@example.com,Canada,2026-08-16
5948,Kayla,Smith,philipwatson@example.com,Canada,2024-10-09
5949,Kevin,Wood,dcox@example.org,USA,2025-10-24
5950,Brianna,Woods,christopher05@example.org,UK,2024-12-08
5951,Mark,Smith,johnbrown@example.com,Canada,2026-04-24
5952,Ronald,Park,collinstodd@example.org,Canada,2026-03-25
5953,Mary,Monroe,jeffrey73@example.org,USA,2024-08-08
5954,Kimberly,Russo,amysmith@example.com,USA,2025-10-07
5955,Chad,Macdonald,mhernandez@example.org,Canada,2026-06-11
5956,Leah,Gray,mikayla71@example.org,USA,2024-12-07
5957,David,Munoz,ryanberg@example.org,Canada,2024-08-19
5958,Brian,Wilson,ksandoval@example.net,Canada,2026-03-15
5959,Taylor,Lynch,daltonjohnston@example.com,USA,2024-11-15
5960,Antonio,Conrad,jnunez@example.com,UK,2024-06-14
5961,Robert,Jones,edwardroy@example.net,Canada,2024-04-18
5962,William,Potter,jennifer79@example.net,Australia,2025-03-01
5963,William,Scott,spencerhowell@example.net,Canada,2025-11-10
5964,Amanda,Jordan,sergioking@example.net,USA,2024-03-14
5965,Heather,Smith,hudsonscott@example.com,USA,2024-05-30
5966,Lisa,Garza,allen33@example.com,UK,2024-12-29
5967,Edward,Barrett,conleypatrick@example.net,UK,2025-03-15
5968,Carl,Smith,rebeccawhite@example.com,Canada,2025-11-23
5969,Richard,Hurley,davidsonshannon@example.com,Australia,2026-01-06
5970,Brian,Ramirez,elizabethpatton@example.net,UK,2023-12-15
5971,Rebecca,Ortiz,taylorryan@example.org,USA,2023-12-29
5972,Desiree,Carr,daniel13@example.com,Canada,2026-01-22
5973,Linda,Johnson,twheeler@example.com,UK,2025-11-03
5974,Juan,Green,faith81@example.com,UK,2023-12-07
5975,Kathleen,Jensen,troycunningham@example.org,Canada,2026-08-21
5976,Jacqueline,Rowland,ryanwilkinson@example.net,Australia,2023-10-20
5977,Cindy,Anthony,dbernard@example.net,Canada,2024-11-27
5978,Sandra,Jones,kyle16@example.net,Canada,2024-12-01
5979,Jennifer,Davis,rmalone@example.org,USA,2026-02-22
5980,Joshua,Waller,eoneal@example.org,USA,2025-04-23
5981,Anthony,Yang,angela40@example.com,USA,2025-07-04
5982,Timothy,Dawson,jacqueline24@example.org,Canada,2023-09-27
5983,Brian,Miller,francisapril@example.com,Australia,2023-12-01
5984,Michael,Hansen,jthompson@example.net,Canada,2024-07-26
5985,Kevin,Spears,gbaker@example.net,Canada,2024-06-13
5986,Tammy,Reed,howardcox@example.net,Canada,2025-05-10
5987,Christopher,Taylor,qhall@example.net,USA,2026-02-22
5988,Tonya,Ramos,eterry@example.org,Australia,2025-03-26
5989,Barbara,Jefferson,robertojackson@example.net,USA,2025-08-12
5990,Michael,Wood,heatherscott@example.org,UK,2023-11-30
5991,Alexandra,Smith,edwardsmia@example.com,Canada,2024-11-08
5992,Joshua,Garcia,molly13@example.net,USA,2025-04-11
5993,Patricia,Mcgrath,ericmcconnell@example.com,USA,2024-09-21
5994,William,Lewis,dallen@example.com,USA,2026-05-01
5995,Lisa,Hernandez,dylanyoung@example.net,Canada,2024-01-27
5996,Joanne,Carroll,bmoody@example.com,USA,2026-06-20
5997,Gabriel,Smith,oliviabrooks@example.org,USA,2024-11-24
5998,Jonathon,Vazquez,jennifer04@example.net,USA,2024-02-25
5999,Patricia,Williams,aprillopez@example.net,USA,2024-09-05
6000,Scott,White,michellecurry@example.org,Canada,2025-12-08
6001,Nancy,Moore,misty73@example.com,USA,2023-09-12
6002,Bruce,Bell,margarettaylor@example.org,Canada,2025-11-27
6003,Sharon,Beck,xchaney@example.org,UK,2023-10-30
6004,Mitchell,Horn,xburgess@example.org,USA,2026-02-22
6005,Katie,Calderon,sharon77@example.com,Canada,2025-11-28
6006,Melissa,Gardner,flewis@example.org,Australia,2024-05-07
6007,Scott,Lawrence,bsmith@example.net,USA,2026-07-21
6008,Marvin,Wagner,yatesjanet@example.net,Canada,2025-12-26
6009,Jeffrey,Hopkins,vowen@example.com,USA,2025-09-13
6010,Michael,Lee,yconner@example.com,Canada,2026-01-21
6011,Martin,Moore,sara22@example.org,UK,2023-09-04
6012,Tami,Douglas,kelsey44@example.org,UK,2025-05-27
6013,Grace,Hughes,aprilwest@example.net,Australia,2025-09-02
6014,Sherri,Williams,zhudson@example.net,USA,2024-03-30
6015,Carol,Morgan,beandiane@example.net,USA,2024-03-27
6016,Jennifer,Jensen,jamesterri@example.net,USA,2026-08-21
6017,Nicholas,Torres,toddbrooks@example.com,Canada,2026-01-09
6018,Daniel,Brown,ocurtis@example.org,USA,2024-09-19
6019,Carmen,Curtis,udurham@example.net,canada,2023-09-28
6020,Bonnie,Austin,taylorluis@example.net,Canada,2025-03-23
6021,Christina,Leonard,byrdsherry@example.net,Canada,2025-12-01
6022,April,Reyes,foxchristopher@example.org,UK,2025-01-07
6023,Justin,Garner,janejohnson@example.com,UK,2025-03-04
6024,William,Cook,jose43@example.com,canada,2024-01-16
6025,Daniel,Gonzalez,ttrevino@example.net,Canada,2025-02-13
6026,Tyler,Butler,kimberlyjones@example.net,Canada,2023-11-13
6027,Sandra,Brown,jesse43@example.org,UK,2025-12-14
6028,Tonya,Hudson,xrivera@example.com,Canada,2025-03-05
6029,Kristin,Thompson,hawkinssusan@example.org,USA,2026-01-26
6030,Melanie,Kennedy,fmartin@example.net,Canada,2026-07-02
6031,Patricia,Garcia,tamarakelly@example.net,,2024-12-17
6032,Paul,Robinson,ginarodriguez@example.org,Canada,2025-02-08
6033,Daniel,Buchanan,parkerjacqueline@example.org,USA,2025-02-13
6034,Leroy,Stephens,salasamanda@example.net,Canada,2026-01-27
6035,Andrew,Robinson,darren52@example.com,USA,2024-02-21
6036,Randy,Tran,smithmaurice@example.org,Canada,2026-06-10
6037,Andrew,Nolan,stevensdonna@example.org,USA,2025-11-29
6038,Caleb,Sanders,ericdaniels@example.org,UK,2023-11-12
6039,Elaine,Friedman,anthonyknight@example.net,Canada,2026-04-20
6040,Christopher,Carlson,jonesruth@example.com,UK,2024-10-20
6041,Paul,Grimes,lisajohnson@example.com,USA,2025-02-14
6042,Patricia,Moore,michael98@example.org,Canada,2024-12-09
6043,Megan,Harris,jeremy35@example.org,Canada,2023-12-22
6044,Richard,Lopez,markjones@example.com,canada,2026-03-03
6045,Barbara,Gray,washingtonaustin@example.com,USA,2025-08-20
6046,Lisa,Meza,clarkdiane@example.org,USA,2025-05-31
6047,Scott,Brown,kellysmith@example.com,Canada,2023-12-02
6048,Megan,Morgan,pperry@example.org,USA,2025-04-30
6049,Jeffrey,Reyes,timothy33@example.net,UK,2023-12-10
6050,Luke,Gordon,johnsonangela@example.org,Australia,2024-10-24
6051,Erin,Freeman,daviskyle@example.net,USA,2024-05-12
6052,David,Myers,hannakimberly@example.org,Australia,2025-05-15
6053,Kayla,Mckee,michelle58@example.net,USA,2025-08-31
6054,Jennifer,Roberts,dawn01@example.net,Canada,2023-12-15
6055,Debbie,Harper,jasonsmith@example.com,UK,2026-07-28
6056,Daniel,Boyd,sullivanalfred@example.net,USA,2023-12-22
6057,Tommy,Bailey,hcosta@example.net,USA,2025-05-16
6058,Evan,Briggs,wkennedy@example.org,USA,2024-06-24
6059,Clinton,Myers,dorothynunez@example.net,UK,2025-07-09
6060,Justin,Gonzalez,ireed@example.net,UK,2026-04-01
6061,Angela,Blake,kmueller@example.org,Canada,2024-01-24
6062,Adam,Bruce,bmiller@example.org,Canada,2024-10-15
6063,Emily,Perez,sbennett@example.org,USA,2024-05-24
6064,Kristen,Sharp,lwilson@example.com,USA,2026-06-14
6065,Matthew,Brown,michael55@example.org,Canada,2026-07-06
6066,Susan,Williams,whitneyjennifer@example.com,USA,2024-07-21
6067,James,Edwards,derek72@example.net,USA,2024-05-26
6068,Robert,Davis,cunninghamshelby@example.com,Canada,2024-08-10
6069,Deanna,Wilson,cortega@example.org,Canada,2024-02-03
6070,James,Smith,daniel06@example.org,Canada,2024-02-21
6071,Michael,Rogers,donnamiller@example.com,Australia,2025-11-13
6072,Shannon,Lopez,amysolomon@example.com,Canada,2024-07-14
6073,Chad,Wood,davisjohn@example.com,Canada,2025-06-25
6074,Michael,Dunn,angelagriffin@example.net,USA,2024-04-01
6075,Kari,Carr,gmontgomery@example.org,Canada,2025-12-02
6076,Susan,Small,lauriehenderson@example.net,Canada,2026-07-26
6077,Ryan,Rodriguez,harringtonsherri@example.com,,2024-10-18
6078,Jennifer,Copeland,dbennett@example.net,USA,2026-02-01
6079,Patrick,Rivera,peterssandra@example.org,USA,2025-11-15
6080,Christian,Camacho,john99@example.net,Canada,2024-02-08
6081,Taylor,Smith,xavierwilson@example.org,Canada,2025-03-14
6082,Courtney,Duran,kingallison@example.org,Australia,2024-08-09
6083,Matthew,Smith,sheilachambers@example.net,Canada,2025-04-06
6084,Robert,Wall,herreratamara@example.net,Canada,2026-01-05
6085,Allison,Maxwell,alyssaharris@example.net,Canada,2025-12-14
6086,Nicole,Horn,james67@example.org,USA,2026-04-22
6087,Jessica,Weaver,perezrachel@example.com,USA,2023-09-11
6088,Joan,Walsh,lconner@example.org,Canada,2025-09-22
6089,Monica,Perkins,navarromark@example.com,USA,2026-04-13
6090,Beth,Johnson,tiffany44@example.com,Canada,2026-06-13
6091,Joshua,Atkinson,prestonjohn@example.com,Canada,2026-01-13
6092,Thomas,Tran,john55@example.com,USA,2025-02-14
6093,Charlene,Greene,kweber@example.com,Canada,2024-03-06
6094,Robert,Martin,qrobinson@example.org,USA,2025-02-07
6095,Brad,Rhodes,duncanvanessa@example.com,Canada,2024-11-12
6096,Kathy,Vega,bradshawjoseph@example.net,USA,2024-05-03
6097,James,Orozco,oholmes@example.org,Canada,2026-06-27
6098,Kimberly,Wallace,davidsonkaitlyn@example.org,UK,2026-06-09
6099,Lisa,Burton,ruizadrian@example.net,canada,2024-06-10
6100,Michelle,Patterson,scottdaniel@example.org,UK,2025-01-09
6101,Amanda,Jones,foxjose@example.com,Canada,2023-11-12
6102,Maxwell,Craig,ballardkara@example.org,USA,2024-11-17
6103,Cameron,Yang,steven20@example.com,Canada,2024-04-02
6104,Steven,Olson,jessicacollins@example.com,UK,2026-02-10
6105,Mario,Bailey,cpitts@example.org,Canada,2023-10-31
6106,Connor,Sanders,brittany66@example.org,Canada,2025-01-21
6107,Jessica,Smith,jeffrey30@example.org,USA,2024-07-13
6108,Elizabeth,Wells,sullivanrachel@example.org,Canada,2025-03-12
6109,Tammy,Wu,penny89@example.org,Canada,2025-11-22
6110,Emily,Campbell,ldrake@example.net,Australia,2025-03-21
6111,George,Jones,josegray@example.net,Australia,2025-01-04
6112,Kathryn,Hamilton,christianelliott@example.net,Canada,2023-12-02
6113,Christopher,Hayes,kathrynlawrence@example.org,Australia,2025-03-14
6114,Wendy,Torres,santosaaron@example.net,USA,2025-03-19
6115,Joanna,Ramirez,penarichard@example.com,Canada,2024-11-16
6116,Beverly,Swanson,anndickson@example.net,USA,2026-01-25
6117,James,Hall,sbanks@example.org,USA,2025-07-18
6118,Lisa,Norman,grantmichael@example.org,Australia,2025-08-13
6119,Jacob,Barker,austinthompson@example.org,Canada,2024-10-30
6120,Bryan,Williams,johncollins@example.net,USA,2025-01-22
6121,Adriana,Powell,williamcollins@example.org,Canada,2025-01-20
6122,Robert,Vazquez,alyssa10@example.com,Canada,2025-09-21
6123,John,Davis,lherrera@example.net,Canada,2025-03-03
6124,John,Lynch,carolynfernandez@example.net,Australia,2025-05-04
6125,Shelly,Cowan,tammymcguire@example.com,UK,2025-07-30
6126,Zachary,Hill,john53@example.com,USA,2025-05-29
6127,Jessica,Sanchez,bradjackson@example.com,USA,2026-01-30
6128,Robert,Heath,petersonlauren@example.net,Canada,2026-02-18
6129,Kimberly,Moore,rothpaul@example.net,Canada,2023-09-23
6130,Erin,Ramirez,fjohnson@example.com,Canada,2025-10-01
6131,Chris,Hernandez,scottsamuel@example.org,Canada,2023-10-01
6132,Anna,Todd,justingriffin@example.net,USA,2024-08-17
6133,Jacob,Velasquez,epark@example.org,USA,2026-01-18
6134,David,Hayes,ajohnson@example.org,Canada,2025-06-21
6135,Debra,Rivera,mccarthyrickey@example.net,Canada,2026-03-21
6136,Brandon,Ward,scarter@example.com,Canada,2025-06-02
6137,John,Robinson,tsullivan@example.org,Canada,2025-08-31
6138,Thomas,Flowers,robert18@example.com,Australia,2024-09-12
6139,Matthew,Chavez,xsmall@example.net,USA,2024-01-20
6140,Chelsea,Oconnell,robertnichols@example.net,UK,2026-06-04
6141,William,Wolfe,icarter@example.net,USA,2026-05-08
6142,James,Harvey,ijohnson@example.com,canada,2024-06-09
6143,Adam,Bell,dcrawford@example.org,Canada,2024-01-01
6144,Timothy,Holmes,kristine98@example.net,UK,2026-05-18
6145,Robin,Blake,estessamuel@example.com,USA,2024-04-06
6146,Evan,Carter,maryromero@example.net,Canada,2026-07-05
6147,Kevin,Henry,garrettsamuel@example.net,USA,2026-06-14
6148,William,Bennett,michele08@example.com,USA,2025-12-20
6149,Cristian,Petersen,ahardin@example.com,USA,2026-03-08
6150,Julie,Clark,erikayoung@example.net,Australia,2024-07-20
6151,Garrett,Ruiz,brianna25@example.org,USA,2023-11-02
6152,Shelby,Brooks,michael74@example.net,USA,2024-10-09
6153,Cynthia,Peters,jenningselizabeth@example.net,Canada,2025-11-19
6154,Aaron,Peterson,savagematthew@example.com,Canada,2025-01-27
6155,Alexandra,Garrett,darrell96@example.org,Canada,2025-12-22
6156,Julie,Reilly,russellterri@example.net,Canada,2026-03-23
6157,Donna,Lee,alexanderrichard@example.net,USA,2024-02-18
6158,Kelly,Brooks,fpark@example.net,USA,2023-11-22
6159,Jason,Malone,cdelacruz@example.com,Canada,2025-01-05
6160,Melanie,Cox,yfloyd@example.net,UK,2024-03-17
6161,Kimberly,White,watsonjoe@example.net,Canada,2025-04-12
6162,Lisa,Collins,ychapman@example.net,Canada,2023-10-15
6163,Janet,Wyatt,palmerkatherine@example.net,Canada,2025-04-22
6164,Keith,Roberts,leetina@example.com,Canada,2025-03-20
6165,Jordan,Garcia,kmartinez@example.org,Canada,2026-03-28
6166,Cheyenne,Cline,dianaenglish@example.org,USA,2026-04-11
6167,Caroline,Watts,jason12@example.org,Canada,2026-01-05
6168,Joshua,Horn,mark79@example.net,Australia,2025-06-05
6169,Samantha,Alvarez,richard87@example.org,Canada,2026-06-15
6170,Brian,Davidson,hbailey@example.org,Canada,2024-12-18
6171,Charles,Becker,hannabrian@example.org,Canada,2024-05-06
6172,Todd,Webb,mbarajas@example.com,USA,2026-01-19
6173,Diana,Schneider,jenniferanderson@example.net,Canada,2024-10-14
6174,Jeffery,Miller,vruiz@example.com,UK,2025-05-21
6175,David,Anderson,matthew02@example.net,USA,2025-10-02
6176,Nicole,Ramirez,james82@example.com,USA,2026-02-28
6177,Sean,Duncan,youngpaul@example.com,USA,2024-06-12
6178,Amy,Simmons,amorrison@example.net,Canada,2025-12-08
6179,April,Hall,hatfieldkenneth@example.net,Canada,2025-09-19
6180,Marcus,Johnson,chelsea44@example.com,Canada,2025-01-14
6181,Jacob,Brown,michaelnelson@example.net,USA,2024-02-03
6182,Ann,Brown,johnny28@example.com,Canada,2024-06-20
6183,Brian,Stewart,wigginsjohn@example.org,Canada,2026-06-08
6184,Patrick,Smith,jpayne@example.org,Australia,2024-04-28
6185,Robert,Herring,loweandrew@example.net,Canada,2025-07-30
6186,Amanda,Castillo,macdonaldterry@example.org,UK,2023-12-16
6187,Barbara,Chambers,maryburke@example.org,USA,2026-08-05
6188,Phillip,Fry,tholt@example.net,Canada,2026-01-25
6189,Lisa,Davis,estrickland@example.net,Canada,2024-11-05
6190,Richard,Simon,ojones@example.org,Canada,2025-12-08
6191,Philip,Moody,allensheena@example.org,USA,2025-11-14
6192,Robert,Turner,nturner@example.com,USA,2024-11-05
6193,Michael,Bryan,xchavez@example.com,USA,2024-04-24
6194,Kenneth,Stuart,lisachurch@example.net,Australia,2024-08-24
6195,Dakota,Rodriguez,djames@example.net,USA,2025-08-05
6196,Melanie,Haynes,peggyhardin@example.org,Canada,2025-03-27
6197,Sally,Clarke,mackenziekelly@example.com,Canada,2024-08-08
6198,Keith,Kelly,mmontgomery@example.org,UK,2023-10-03
6199,Christopher,Jackson,jacobfloyd@example.com,Canada,2024-01-14
6200,Kevin,Herring,reillydana@example.com,Canada,2025-03-07
6201,Joseph,Solis,ahenderson@example.org,USA,2025-08-05
6202,Greg,Cole,lindaperez@example.com,Canada,2024-12-11
6203,Mckenzie,Collins,andrewarnold@example.com,Australia,2026-01-10
6204,Seth,Mccarty,perrymargaret@example.net,USA,2026-06-22
6205,Nicole,Randall,brian64@example.org,Canada,2023-09-06
6206,Christian,Parker,qbarron@example.org,Australia,2025-07-21
6207,Miguel,Taylor,cynthia65@example.net,Canada,2026-04-26
6208,Michael,Jordan,andersondonna@example.org,Canada,2024-04-19
6209,Katherine,Ramirez,lgibson@example.com,canada,2024-06-02
6210,Emily,Jones,janicedixon@example.net,Canada,2023-12-25
6211,Kevin,Clark,tina54@example.org,USA,2024-08-31
6212,Jennifer,Cardenas,mariapatel@example.com,Canada,2026-01-21
6213,Deborah,Crawford,houstonjohn@example.net,Canada,2024-06-27
6214,Jennifer,Pope,sanchezkathy@example.org,Canada,2025-01-10
6215,Joshua,Davis,andrew82@example.net,USA,2024-06-02
6216,Katherine,Powers,kayla65@example.org,UK,2024-01-12
6217,Richard,Johnson,nrodriguez@example.net,Canada,2024-09-07
6218,Brittany,Robinson,pmoore@example.org,Canada,2024-05-02
6219,Leslie,Nelson,jeremy94@example.com,Canada,2026-04-25
6220,Katherine,Payne,jonathan00@example.net,Canada,2026-08-10
6221,Kimberly,Simon,danielkelly@example.org,USA,2026-07-04
6222,Ann,Sanchez,gabrielle90@example.org,USA,2024-05-10
6223,Joseph,Simon,sonyareese@example.org,Canada,2026-04-12
6224,Douglas,English,kayla55@example.net,Canada,2026-08-13
6225,Lori,Beasley,catherine56@example.com,Canada,2025-11-02
6226,Scott,Holt,brookeguzman@example.com,USA,2024-04-05
6227,Anthony,Fleming,maddoxwilliam@example.com,Canada,2025-12-03
6228,Amy,Schmidt,kristenmoreno@example.org,Australia,2025-09-04
6229,Ariel,Olson,cassandrastone@example.org,USA,2025-09-07
6230,Charles,Morrison,ocervantes@example.net,Canada,2025-05-28
6231,Katie,Mills,ocampos@example.net,USA,2025-10-31
6232,Marissa,Molina,misty25@example.net,UK,2025-11-17
6233,Danielle,Smith,rhondawest@example.net,USA,2026-01-22
6234,William,Kelly,dcarson@example.net,Canada,2025-04-18
6235,Anthony,Anderson,qpeterson@example.org,Canada,2023-10-11
6236,Richard,Shannon,tannertina@example.org,UK,2025-05-19
6237,Cynthia,Petersen,timothy73@example.net,USA,2024-02-21
6238,Edward,Soto,makayla40@example.net,USA,2025-01-26
6239,Cynthia,Andrews,stoutdenise@example.net,UK,2025-08-28
6240,David,White,katherinefreeman@example.org,UK,2025-06-21
6241,Tara,Jones,omontgomery@example.com,UK,2026-06-03
6242,Patricia,Miller,aperry@example.com,Canada,2025-02-01
6243,Vickie,Burns,michaelramos@example.com,USA,2024-09-26
6244,Vanessa,Mann,danielcohen@example.org,USA,2023-09-03
6245,Adam,Doyle,reidalicia@example.org,USA,2023-11-29
6246,Eric,Carroll,brownstephanie@example.com,USA,2023-11-06
6247,Joanna,Walter,jason08@example.com,Canada,2023-09-17
6248,Kenneth,Hawkins,colehenry@example.org,USA,2024-01-12
6249,Vickie,Reyes,valerie71@example.org,USA,2024-10-12
6250,Krystal,Brown,pchung@example.com,Canada,2026-05-13
6251,Allison,Mcclure,charlesmartinez@example.org,USA,2023-10-04
6252,Stephen,Drake,gordonjonathan@example.net,Canada,2026-01-25
6253,Marie,Cortez,riosstephen@example.net,Canada,2024-09-02
6254,Peter,Marshall,isingh@example.net,Canada,2024-09-30
6255,Katelyn,Cole,tannerlinda@example.org,Canada,2024-10-31
6256,Steven,Chandler,kayla91@example.org,USA,2026-02-03
6257,Kathleen,Moran,juliadavid@example.net,USA,2024-06-26
6258,Jennifer,Morales,jeffwilliams@example.org,USA,2024-07-03
6259,Mary,Lee,angelcarr@example.net,UK,2024-02-28
6260,Kristin,Allison,johnsonphilip@example.com,Canada,2024-09-08
6261,Jose,Reed,yballard@example.net,Canada,2023-11-27
6262,Roger,Rice,christopher72@example.net,UK,2024-03-30
6263,James,Lamb,christophersolis@example.org,Canada,2026-08-02
6264,Sue,Jennings,stephensrebecca@example.net,Australia,2026-05-24
6265,Angela,Mcpherson,nicholsheather@example.net,UK,2024-12-04
6266,Heather,Rodriguez,wayne44@example.net,USA,2026-04-12
6267,Brian,Jarvis,ilivingston@example.org,Australia,2023-12-09
6268,Sean,Park,smithalyssa@example.org,Canada,2026-07-14
6269,Melissa,Wiggins,omccullough@example.com,Canada,2024-01-10
6270,Matthew,Frederick,pharris@example.com,,2023-12-25
6271,Alexander,Hubbard,hferguson@example.net,Canada,2024-12-08
6272,Robert,Rojas,craig73@example.com,Australia,2026-04-06
6273,Mary,Patterson,james74@example.org,Canada,2024-08-31
6274,Lonnie,Wallace,kryan@example.net,USA,2025-09-21
6275,Jennifer,Shepherd,erinarmstrong@example.org,USA,2024-10-20
6276,Rachel,Johnson,terricurtis@example.net,USA,2025-01-29
6277,Maria,Garcia,maciasmichael@example.net,Canada,2026-07-16
6278,Erika,Flynn,bellwendy@example.org,Canada,2025-07-02
6279,Sonya,Chandler,donaldbrown@example.com,UK,2025-02-06
6280,Travis,Rogers,fjones@example.com,Canada,2025-07-21
6281,Dawn,Davila,gloria33@example.net,UK,2025-12-16
6282,Christopher,Martinez,hamiltonamy@example.net,USA,2023-11-25
6283,Jennifer,Daniel,ybrown@example.org,USA,2023-09-20
6284,Sarah,Nichols,shelly83@example.com,USA,2026-06-07
6285,Joshua,Bradley,bwright@example.net,Canada,2023-10-28
6286,Wendy,Boyd,wgilbert@example.org,USA,2024-06-28
6287,Dustin,Barrera,clinton67@example.com,UK,2024-01-27
6288,Lauren,Henry,john96@example.com,Canada,2025-02-19
6289,David,Bowman,peteryoung@example.com,Australia,2025-03-16
6290,Andrew,Ball,brandyrogers@example.com,USA,2025-08-27
6291,Ann,Lawrence,michael82@example.com,Canada,2024-01-22
6292,Thomas,Harris,hensleyjacob@example.net,Canada,2023-12-05
6293,Ellen,Tapia,zlong@example.org,Australia,2024-06-08
6294,Jonathan,Garcia,vvillegas@example.com,Canada,2024-06-03
6295,Vanessa,Coleman,melissaanderson@example.com,UK,2026-03-04
6296,Richard,Yates,gutierrezgregory@example.com,UK,2024-10-01
6297,Steven,Wright,cristinaphillips@example.com,Canada,2025-07-26
6298,Anthony,Sims,adrian05@example.com,Canada,2024-06-01
6299,Marvin,Rose,washingtonrobert@example.net,USA,2025-01-06
6300,Kenneth,Perez,davidbryant@example.org,Canada,2025-02-14
6301,Kendra,Gonzalez,amber24@example.com,USA,2024-01-07
6302,Margaret,Lara,hughesalexis@example.org,Canada,2026-04-12
6303,Lindsay,Parker,wcoleman@example.com,USA,2024-11-10
6304,Lindsay,Garcia,johnsoncory@example.net,USA,2025-12-19
6305,Michelle,Carroll,sotomaria@example.net,Canada,2026-02-05
6306,Joe,Ballard,juan01@example.org,Canada,2025-01-05
6307,Charles,Tanner,uterry@example.com,Canada,2025-07-31
6308,Wendy,Lee,whitakercody@example.com,Canada,2024-06-25
6309,Tony,Kent,alexis80@example.net,USA,2024-03-19
6310,Laura,Arellano,garrettreid@example.com,UK,2024-06-03
6311,Collin,Williamson,vnguyen@example.com,Canada,2023-09-27
6312,Heather,Sanchez,iking@example.com,USA,2025-07-23
6313,Angela,Burch,mcfarlandjohn@example.com,USA,2024-08-06
6314,Gregory,Gutierrez,spencermichael@example.net,Canada,2023-09-19
6315,Misty,Roy,smithjohn@example.org,Canada,2024-08-20
6316,James,Medina,vgrimes@example.com,Australia,2025-07-12
6317,Kristi,Rios,brentcampos@example.org,USA,2023-09-02
6318,Chad,Mercer,lamroger@example.net,USA,2024-02-24
6319,Gabriel,Marks,pgray@example.com,USA,2024-02-21
6320,Michael,Jones,cantrellvictoria@example.org,Canada,2024-12-22
6321,Mary,Shelton,shawnanderson@example.net,USA,2024-02-20
6322,Lori,Wheeler,eileenortiz@example.com,USA,2025-04-02
6323,Melissa,Torres,jademyers@example.net,USA,2025-05-21
6324,Paula,Wilkins,rnewman@example.net,Canada,2024-08-10
6325,Chelsea,Brown,kelseyfrancis@example.org,Canada,2024-09-18
6326,Melinda,Gordon,jbruce@example.net,Canada,2025-08-02
6327,Jose,Pena,claychristopher@example.net,Australia,2023-09-20
6328,Manuel,Kent,bdiaz@example.net,Canada,2025-07-19
6329,Brenda,Miller,hoopernancy@example.net,USA,2024-07-13
6330,Roy,Knight,deniselopez@example.net,Canada,2025-12-24
6331,William,Fleming,hillmelissa@example.net,Canada,2023-11-18
6332,Chad,Farley,kennedyevan@example.com,USA,2024-08-25
6333,Zachary,Herrera,qnelson@example.org,USA,2026-03-01
6334,Barbara,Thompson,angelachan@example.com,USA,2024-09-04
6335,Amber,Johnson,bdouglas@example.org,Canada,2025-04-23
6336,Ebony,Kelly,millerrebecca@example.com,USA,2026-03-26
6337,Tamara,Sandoval,sean29@example.org,Canada,2024-08-17
6338,Virginia,Conway,morgan68@example.org,Canada,2025-09-29
6339,Amy,Coleman,smithmatthew@example.net,USA,2025-04-29
6340,David,Clark,joshualopez@example.net,Canada,2025-07-29
6341,Frances,Glover,smithteresa@example.com,Canada,2023-12-27
6342,Heather,Long,tstrong@example.net,USA,2024-06-12
6343,Roger,Howell,lisa77@example.org,USA,2026-02-25
6344,Amanda,Washington,dhughes@example.net,UK,2025-03-26
6345,Mathew,Anderson,duffycody@example.net,Canada,2023-10-23
6346,Jennifer,Gallegos,josephstevens@example.net,Canada,2025-12-13
6347,Christopher,Smith,pamela20@example.net,Canada,2024-02-06
6348,James,Stewart,dhutchinson@example.org,Australia,2024-04-13
6349,Kimberly,Reynolds,sarahsweeney@example.com,USA,2024-09-02
6350,Shannon,Luna,dominic86@example.net,USA,2024-08-10
6351,Patrick,Fernandez,hardyronald@example.com,Canada,2024-06-10
6352,Tammy,Woods,dianecollins@example.net,USA,2025-01-21
6353,Jeffrey,Williams,matthewgreen@example.net,Canada,2024-06-07
6354,Melinda,Allen,whowell@example.org,USA,2025-05-24
6355,Cynthia,Daugherty,keith04@example.org,Australia,2025-09-15
6356,Larry,Johnson,mlewis@example.com,Australia,2023-10-05
6357,Carrie,Rogers,farrellalexandra@example.net,USA,2024-10-26
6358,David,Nichols,xfoley@example.net,USA,2025-06-28
6359,Mark,Ramirez,baileycrosby@example.net,Australia,2024-03-18
6360,Nicole,Holland,charles97@example.com,USA,2025-10-17
6361,Christopher,Smith,reevesnicholas@example.net,Canada,2025-12-28
6362,Kelly,Meyers,qwilliams@example.net,USA,2025-07-05
6363,Aaron,Watkins,cassandra71@example.com,Canada,2024-04-22
6364,Robert,Carrillo,mking@example.org,USA,2026-07-19
6365,Kevin,Castillo,jenniferbutler@example.com,USA,2025-07-14
6366,Christopher,Nielsen,ytrujillo@example.com,USA,2026-07-17
6367,Leslie,Craig,jaime96@example.net,Canada,2024-08-04
6368,Jessica,Stein,vhood@example.org,Canada,2025-07-23
6369,Anthony,Morris,andersonrobert@example.com,USA,2024-08-05
6370,Meghan,Evans,rebeccacooley@example.net,UK,2025-11-23
6371,Kevin,Rogers,amanda76@example.net,USA,2024-08-07
6372,Annette,Larsen,robertdavis@example.org,Canada,2025-02-15
6373,John,Camacho,harringtonheather@example.org,Australia,2024-09-07
6374,Samantha,Rodriguez,kathyhays@example.com,UK,2025-05-21
6375,Gerald,Thompson,heather02@example.com,Canada,2024-09-05
6376,Mary,Jones,cannonvictoria@example.net,Canada,2025-01-12
6377,Kelsey,Cook,candice86@example.org,USA,2024-01-15
6378,Jaclyn,Moore,marshallcynthia@example.org,UK,2024-01-11
6379,Julia,Williams,osmith@example.com,Australia,2024-10-20
6380,Maria,Hill,joshuaperry@example.org,UK,2025-08-02
6381,Tammy,Burgess,johnrichardson@example.com,USA,2023-11-10
6382,Richard,White,kjohnson@example.com,USA,2024-02-03
6383,Michael,Bowen,adamsdanielle@example.net,Canada,2024-04-27
6384,Michael,Brennan,manderson@example.net,Canada,2024-10-12
6385,William,Williams,amanda26@example.org,USA,2025-07-16
6386,Karen,Short,matthewrios@example.org,USA,2026-04-09
6387,Jonathan,Snow,leah30@example.com,USA,2026-04-28
6388,Susan,Holder,smithmichael@example.net,USA,2026-05-18
6389,Derek,Cox,jameswilliams@example.com,Canada,2023-09-30
6390,Nathaniel,Hart,jefferydiaz@example.com,USA,2024-11-04
6391,William,Lawrence,foxeric@example.com,Canada,2026-04-15
6392,Cheyenne,Strickland,alyssa69@example.net,Canada,2023-10-07
6393,Morgan,Moran,ndawson@example.org,USA,2026-05-12
6394,Aaron,Hanson,richardprice@example.net,USA,2025-08-29
6395,Alejandro,King,anthony75@example.org,Australia,2024-08-21
6396,Erin,Myers,zachary90@example.net,Canada,2024-10-30
6397,Amanda,Sanders,vgrimes@example.net,USA,2025-10-10
6398,Frank,Jackson,bobbyallen@example.org,,2024-11-01
6399,Hannah,Andrews,serranomelissa@example.com,Canada,2026-02-25
6400,Craig,Abbott,vblake@example.net,UK,2023-11-16
6401,Emily,Pratt,tina20@example.org,USA,2025-04-13
6402,Daniel,Cabrera,ericjenkins@example.org,UK,2024-06-12
6403,Jennifer,Anderson,sarah42@example.org,Canada,2024-06-03
6404,Brooke,Jackson,andrewhall@example.org,UK,2025-12-17
6405,Brian,Johnson,davidfox@example.net,Canada,2024-02-25
6406,Donna,Martin,masondavidson@example.com,canada,2025-05-04
6407,Jennifer,Hall,katherinemunoz@example.com,Canada,2023-12-27
6408,Shelley,Bright,briannashannon@example.net,Canada,2025-03-13
6409,Ricky,Freeman,xmitchell@example.net,USA,2025-11-24
6410,Rachel,Carlson,xellis@example.org,Australia,2024-10-07
6411,Rebecca,Smith,aaronmarshall@example.net,Canada,2023-10-19
6412,John,Spears,fbrown@example.org,Canada,2026-05-15
6413,Jennifer,Cook,kfranco@example.com,UK,2023-11-05
6414,Julie,Sloan,rubenmatthews@example.com,Canada,2024-08-08
6415,Carmen,Gardner,dzimmerman@example.org,Canada,2025-04-09
6416,Joyce,Vazquez,staceymoore@example.com,Canada,2024-12-07
6417,Brooke,Martin,sophiadickerson@example.org,Canada,2025-03-16
6418,Kristie,Gonzalez,gregory23@example.com,UK,2025-06-11
6419,Anthony,Thomas,wisemichelle@example.com,USA,2026-05-25
6420,Loretta,Williams,lutzkevin@example.org,USA,2024-07-28
6421,Sandra,Lopez,johnathanwood@example.com,Australia,2025-08-31
6422,Alexandra,Holloway,barbaraperez@example.net,USA,2025-07-27
6423,Austin,Perry,heatheraustin@example.org,Canada,2024-03-24
6424,Stephanie,Ramirez,sandra58@example.net,Canada,2026-04-17
6425,Michelle,Clark,lromero@example.com,Canada,2026-01-01
6426,Christopher,Bullock,petersonkathryn@example.net,Canada,2025-07-22
6427,Joseph,Hoffman,ashley08@example.net,Australia,2026-08-12
6428,Michael,Stout,jeffreyfigueroa@example.net,USA,2024-03-18
6429,Adam,Smith,esawyer@example.net,Canada,2024-12-11
6430,Lisa,Shaw,phillip74@example.com,USA,2025-10-18
6431,Karen,Jackson,adamsjohn@example.com,USA,2026-07-02
6432,Oscar,Cox,qduncan@example.org,Australia,2025-01-05
6433,Sheila,Mcconnell,francismason@example.org,UK,2025-09-02
6434,Miguel,Pham,patricia11@example.net,USA,2025-08-23
6435,Patricia,Sawyer,joanne24@example.org,USA,2024-01-25
6436,Donna,Griffin,hartmansarah@example.com,USA,2026-06-27
6437,Joanne,Carroll,timothy33@example.com,USA,2026-02-07
6438,George,Roberts,kathleen20@example.com,Canada,2024-08-06
6439,Melissa,Oconnor,tiffanywalters@example.com,Canada,2026-08-09
6440,Kenneth,Brown,timothyreed@example.net,USA,2024-06-09
6441,Laura,Williams,rogersmegan@example.com,Canada,2025-03-28
6442,Debra,Johnson,john12@example.org,Canada,2026-08-12
6443,Frank,Heath,chill@example.com,USA,2024-12-14
6444,Steven,Graham,kroberts@example.net,Canada,2024-11-17
6445,Sharon,Hall,vmcgrath@example.org,USA,2025-01-07
6446,Christopher,Williams,quinndaniel@example.com,USA,2026-08-21
6447,Tara,Mills,watsoncatherine@example.com,Australia,2026-06-19
6448,Daniel,Rodgers,lparker@example.net,USA,2023-09-12
6449,Joshua,Silva,barrettkimberly@example.org,Canada,2024-12-15
6450,Holly,Watts,samantha20@example.com,USA,2025-05-06
6451,Jared,Marquez,qroberts@example.org,UK,2024-01-11
6452,Brian,Williams,gina31@example.org,Australia,2026-01-15
6453,Mitchell,Smith,diazalexa@example.com,Canada,2025-04-15
6454,Benjamin,Perry,zwallace@example.com,Canada,2025-07-31
6455,Joseph,Baker,michaeljones@example.com,UK,2023-09-14
6456,Michael,Adams,sarahwells@example.net,Canada,2024-02-09
6457,Matthew,Hall,vwilson@example.org,USA,2023-12-28
6458,Rebecca,Hamilton,qmathis@example.org,Canada,2025-11-22
6459,Christina,Baker,longdeborah@example.com,Canada,2026-07-12
6460,Alex,Scott,ulopez@example.com,Canada,2024-04-14
6461,Melissa,Johnson,victorjones@example.org,Canada,2023-08-29
6462,Dustin,Gross,manuel24@example.org,USA,2025-04-14
6463,Samuel,Moody,icraig@example.com,Australia,2025-12-08
6464,Jerry,Young,garciaalexis@example.net,Canada,2025-11-04
6465,Christie,Young,whitakerbrittany@example.org,UK,2026-06-21
6466,Janet,Adams,johnsonbrooke@example.net,Canada,2025-02-25
6467,Fred,Higgins,hdavid@example.net,USA,2024-01-17
6468,Jaclyn,Sparks,zacharywest@example.com,Canada,2025-11-02
6469,Matthew,Garza,cindy54@example.net,Australia,2024-03-19
6470,Jasmine,Hoover,richardgreen@example.org,USA,2025-01-28
6471,Amanda,Mckinney,rlarsen@example.net,USA,2023-10-29
6472,Christopher,Cook,arianablair@example.net,UK,2026-04-10
6473,Eddie,Nelson,fitzgeraldtrevor@example.com,USA,2025-06-28
6474,Jesus,Cruz,aromero@example.com,Australia,2023-08-25
6475,Hayley,Taylor,gordonlaura@example.net,USA,2024-09-17
6476,Jennifer,Callahan,jamesgill@example.com,Australia,2025-01-01
6477,Gregory,Hoffman,laceycruz@example.net,USA,2024-10-19
6478,Frank,Miller,brittanycoffey@example.net,Canada,2023-12-28
6479,Donald,Newman,rbrown@example.net,USA,2026-05-22
6480,Robert,Willis,maddenmelissa@example.org,Canada,2025-04-20
6481,Aaron,Allen,newtonhenry@example.net,USA,2025-08-27
6482,Yvonne,Myers,arobinson@example.org,USA,2025-12-17
6483,Robert,Barron,jefferyaguilar@example.net,USA,2026-07-20
6484,Bradley,Myers,fday@example.com,Canada,2023-08-31
6485,Jennifer,Gomez,wongmatthew@example.org,Canada,2025-09-03
6486,Brian,Robinson,lgarrett@example.com,USA,2023-10-13
6487,Jenna,Gill,belltheresa@example.com,Australia,2026-04-24
6488,Sarah,Collins,richardskaitlyn@example.org,Canada,2026-03-04
6489,Jose,Butler,awilliams@example.net,Canada,2024-03-06
6490,Cynthia,Cisneros,alexanderchristopher@example.org,USA,2025-12-04
6491,William,Harmon,cheryl83@example.com,USA,2025-02-12
6492,Joseph,Smith,marydavis@example.com,Canada,2024-06-22
6493,Martha,Dominguez,wangryan@example.com,Canada,2024-10-01
6494,Tanya,Shea,ramirezmargaret@example.com,Canada,2025-07-25
6495,James,Baxter,lori52@example.org,Australia,2025-07-02
6496,Brian,Ryan,mjohnson@example.net,Canada,2023-10-25
6497,Roger,Carter,xramos@example.com,Canada,2025-01-20
6498,Michael,Harris,sherri53@example.com,Canada,2025-08-15
6499,Tina,Snyder,carmentaylor@example.org,,2025-03-11
6500,George,Ellis,farmerjennifer@example.org,USA,2025-02-11
6501,Christopher,Smith,wrightdouglas@example.org,Canada,2025-02-23
6502,Melanie,Scott,hessrichard@example.net,Canada,2025-09-11
6503,Angel,Marshall,ipadilla@example.com,USA,2023-12-24
6504,Richard,Miller,jimenezrandy@example.com,Canada,2024-06-08
6505,Carol,Campbell,julie61@example.com,Canada,2026-07-07
6506,Donald,Norris,cnorris@example.org,UK,2024-12-06
6507,Andrew,Adams,jacksonpatrick@example.net,USA,2026-03-09
6508,Alexandra,Turner,vkelly@example.net,UK,2024-01-24
6509,Christopher,Moreno,patrick86@example.com,UK,2026-04-05
6510,Colleen,Hurst,elizabethcole@example.com,USA,2024-09-11
6511,Natalie,Richmond,thompsonamber@example.net,Canada,2024-12-17
6512,Christopher,Fowler,jonathan37@example.org,USA,2024-10-09
6513,Dawn,Johnson,huntsamuel@example.org,UK,2025-12-21
6514,Taylor,Torres,gmolina@example.net,USA,2025-10-13
6515,Desiree,White,smithjustin@example.net,USA,2024-02-19
6516,Tony,Zuniga,eric34@example.com,Canada,2025-10-23
6517,Dominique,Stewart,danielolsen@example.com,UK,2024-11-05
6518,Adam,Mills,bwilliams@example.com,USA,2026-06-23
6519,Ronald,Stewart,kshaw@example.net,Australia,2024-07-27
6520,Jessica,Abbott,andrea93@example.net,Canada,2026-02-03
6521,John,Fowler,burtonkevin@example.com,Canada,2025-07-08
6522,Andrew,Hall,mlee@example.net,Canada,2024-05-26
6523,Tina,Branch,millsyolanda@example.com,USA,2025-06-17
6524,Peter,Williams,oleon@example.org,Canada,2025-09-13
6525,Jenna,Walker,cooperselena@example.org,Canada,2025-01-28
6526,Steven,Burke,williamsonlaura@example.net,Australia,2025-03-21
6527,Tyler,Coleman,jonesbryan@example.net,Canada,2025-12-07
6528,Laurie,Barr,sarahramirez@example.com,UK,2023-11-07
6529,Catherine,Hernandez,michael18@example.org,Canada,2024-03-27
6530,Tyler,Meyer,debra42@example.com,UK,2023-09-16
6531,Leah,Parker,brandongonzalez@example.com,USA,2026-02-12
6532,Brian,Dawson,ramosronald@example.com,UK,2026-03-29
6533,Matthew,Johnson,james57@example.net,Australia,2025-07-14
6534,Loretta,Marquez,philipchavez@example.org,Canada,2026-08-19
6535,Carlos,White,thomas15@example.org,Canada,2026-02-17
6536,Jessica,Hernandez,samuel14@example.net,Canada,2026-04-13
6537,Laura,Vaughn,denise64@example.net,USA,2024-08-30
6538,Scott,Martin,vmaldonado@example.com,UK,2025-01-22
6539,Brian,Hughes,monica60@example.org,USA,2025-02-11
6540,Jonathan,Miller,uparker@example.org,USA,2023-10-28
6541,Jessica,Moore,yrhodes@example.org,Canada,2026-05-09
6542,Erica,Ho,ccalderon@example.net,UK,2024-05-21
6543,Lindsay,Hawkins,vmendoza@example.com,Australia,2023-08-22
6544,Jeffrey,Mcmillan,sgill@example.com,Canada,2023-12-25
6545,James,Nelson,chanamanda@example.org,USA,2024-11-22
6546,Michael,Li,lmaynard@example.net,Canada,2024-04-22
6547,Elizabeth,Mendoza,xwhite@example.com,USA,2024-08-29
6548,Mallory,Smith,breanna89@example.org,USA,2025-06-15
6549,Michael,Howard,reginaldevans@example.org,Canada,2024-03-07
6550,Brandon,Lane,qjohnson@example.com,Canada,2025-02-14
6551,Raymond,Gordon,cherylgood@example.net,Canada,2026-03-15
6552,Alex,Duffy,scruz@example.net,USA,2024-02-18
6553,Sean,Nelson,williamrivera@example.net,USA,2024-01-29
6554,Monica,Hayes,kayla83@example.com,Canada,2025-08-04
6555,Deborah,Adams,andersonbrandy@example.net,USA,2025-08-16
6556,Rachel,Allen,lance24@example.org,USA,2024-02-08
6557,Penny,Hammond,turnerroger@example.net,Canada,2024-10-17
6558,Jennifer,Burton,ryanshannon@example.org,Canada,2026-04-21
6559,Mary,Hurley,tonyparker@example.com,USA,2023-12-13
6560,Michael,Pierce,timothyhahn@example.org,Australia,2024-08-30
6561,Richard,Combs,vmoore@example.com,Canada,2024-04-09
6562,Sarah,Kirk,judysharp@example.org,Canada,2023-10-30
6563,Andrew,Bowman,rebeccacarroll@example.org,Canada,2024-10-30
6564,Robert,Hampton,colemanlance@example.net,USA,2025-08-15
6565,Christina,Gardner,zmendoza@example.org,Canada,2026-06-12
6566,Charles,Taylor,steven22@example.com,Canada,2025-02-13
6567,Denise,Wu,rgonzales@example.com,USA,2023-12-12
6568,Megan,Davis,april95@example.com,USA,2025-06-20
6569,Matthew,Herrera,jamesstewart@example.org,Canada,2025-06-07
6570,Brian,Bright,kellyjones@example.com,Canada,2024-05-10
6571,Matthew,Anderson,timothy11@example.com,USA,2026-04-07
6572,April,Lopez,stacygrant@example.net,Canada,2024-08-21
6573,Sean,Casey,hayesanthony@example.com,Canada,2025-01-20
6574,Ronald,Contreras,margaretwilson@example.org,UK,2026-01-07
6575,Peter,Boyer,john33@example.com,Canada,2026-04-23
6576,Evan,Morris,wyattsusan@example.org,USA,2024-05-14
6577,Samantha,Burgess,lisadavis@example.org,Australia,2024-02-13
6578,Stacy,Wolfe,mmurphy@example.org,Canada,2024-07-07
6579,Brianna,Jacobs,oruiz@example.org,Canada,2025-09-30
6580,Timothy,Ward,mikegonzalez@example.org,USA,2023-11-03
6581,Joseph,Livingston,kristopher63@example.com,UK,2026-04-06
6582,Christina,Robertson,samuelhamilton@example.com,Australia,2025-07-15
6583,Marisa,Bird,jennifer98@example.org,USA,2023-09-24
6584,Richard,Blevins,kristenvillarreal@example.org,Canada,2025-05-01
6585,Cynthia,Bennett,hillmikayla@example.net,USA,2024-07-09
6586,Christina,Shields,davismaria@example.com,Canada,2024-12-23
6587,Susan,May,brendan97@example.net,USA,2026-05-04
6588,Brian,Riley,waynetaylor@example.org,Canada,2023-12-03
6589,Sarah,Lewis,jennifergilbert@example.org,Canada,2025-05-26
6590,Lori,Larson,garciapamela@example.net,USA,2026-06-28
6591,Erica,Richardson,shelby76@example.org,USA,2024-12-10
6592,Vanessa,Brown,phunt@example.org,Canada,2024-07-27
6593,Tammy,Johnson,evelyn46@example.net,Canada,2023-09-09
6594,Linda,Mack,wilkinsraven@example.org,UK,2026-05-23
6595,Robert,Sexton,lgreen@example.org,USA,2025-11-04
6596,Daniel,Kent,joseph59@example.net,Canada,2025-11-09
6597,Deborah,Anderson,blakethomas@example.net,Canada,2026-07-18
6598,Caitlyn,Kirby,guzmancarl@example.com,Canada,2024-07-07
6599,Tracy,Butler,andrewrandall@example.com,Australia,2026-07-29
6600,Kevin,Walters,kjohnson@example.org,USA,2026-04-23
6601,Valerie,Fisher,rodriguezchristopher@example.net,USA,2024-04-15
6602,Judy,Smith,mcarter@example.com,USA,2024-09-23
6603,Megan,Gonzalez,patricia73@example.org,Canada,2023-10-25
6604,Melissa,Gutierrez,watsonmatthew@example.net,UK,2026-08-04
6605,Kylie,Howard,lauracooper@example.com,USA,2025-11-15
6606,Sara,Byrd,linkevin@example.net,Canada,2025-02-15
6607,Joseph,Hill,marcus16@example.net,Canada,2025-11-01
6608,Frank,Campbell,patricia74@example.org,USA,2023-11-18
6609,Danielle,Harris,ashleysims@example.org,Australia,2025-03-06
6610,Kimberly,Jones,zolsen@example.com,Canada,2024-12-16
6611,Anthony,Dillon,eric85@example.net,UK,2025-02-24
6612,Theresa,Schmidt,greenwendy@example.net,USA,2024-06-02
6613,Brittany,Johnson,markbuck@example.net,Canada,2026-02-14
6614,Mark,Palmer,chelseafuentes@example.net,Canada,2023-10-10
6615,Timothy,Lewis,fharris@example.org,Canada,2023-10-17
6616,Tammy,Tyler,sbradley@example.com,USA,2025-03-13
6617,Jamie,Brown,abigail81@example.org,Canada,2024-05-28
6618,Andrew,Watkins,glassalexis@example.org,Canada,2025-11-14
6619,Angela,Sanchez,cjones@example.org,USA,2023-10-01
6620,Joshua,Weiss,jessica12@example.net,,2024-03-19
6621,John,Schaefer,baxterbrandi@example.net,Canada,2024-08-12
6622,Lucas,Henson,xthomas@example.com,Canada,2023-11-15
6623,Joseph,Zuniga,dbrown@example.net,USA,2024-03-18
6624,David,Cook,daniel61@example.org,USA,2023-12-05
6625,Melissa,Robertson,ericchristensen@example.org,UK,2025-06-08
6626,Kara,Reilly,sarahjenkins@example.org,Canada,2024-01-13
6627,Paul,French,zachary00@example.org,UK,2023-10-31
6628,Jenna,Robinson,martinezshawn@example.com,USA,2024-08-25
6629,Miguel,Benitez,lbullock@example.org,USA,2025-04-13
6630,Deborah,Joyce,paulparker@example.com,USA,2024-05-11
6631,Juan,Macdonald,lauriejohnson@example.com,Canada,2024-06-06
6632,Carrie,Brown,williamforbes@example.net,Canada,2025-05-09
6633,Danielle,Cooper,adrian42@example.net,USA,2025-07-24
6634,Ryan,Hall,markgriffin@example.org,USA,2023-11-24
6635,Isabel,Henry,hmitchell@example.org,USA,2026-02-19
6636,Nathan,Miller,joyce98@example.net,Canada,2026-02-24
6637,Nancy,Brooks,christopher49@example.com,UK,2025-10-17
6638,Kristy,Jackson,oscott@example.com,USA,2024-01-23
6639,Cody,Gonzalez,donald87@example.net,Canada,2025-08-25
6640,Ashley,Brown,andrewmoore@example.org,Canada,2025-07-27
6641,Stephen,Jackson,kimberly34@example.org,USA,2023-09-26
6642,Colleen,Randall,huertajohn@example.com,USA,2024-09-22
6643,Kathleen,James,jeremy30@example.org,USA,2024-06-24
6644,Cameron,Smith,wilsoncameron@example.com,UK,2024-07-18
6645,Kyle,Miller,stevenmendoza@example.net,Canada,2026-04-06
6646,Anthony,Allison,elizabeth92@example.net,Canada,2024-01-14
6647,Timothy,Wells,ronaldyang@example.net,UK,2025-01-14
6648,Cindy,Santos,wdominguez@example.com,UK,2025-08-27
6649,Ryan,Chan,brownmichael@example.com,USA,2025-09-17
6650,Kristie,Montgomery,shayes@example.com,UK,2025-10-04
6651,James,Cunningham,doughertyscott@example.org,Canada,2025-06-27
6652,Justin,Edwards,cynthia20@example.org,UK,2023-11-02
6653,Nicole,Kramer,aolsen@example.net,Canada,2024-06-26
6654,David,Lyons,joerobbins@example.org,Canada,2024-04-08
6655,Andrea,Morton,jasonsullivan@example.org,Canada,2024-12-06
6656,Richard,Huffman,tparker@example.com,Canada,2025-05-21
6657,Bernard,Wilson,priscilla11@example.com,Canada,2025-02-13
6658,Raven,Anderson,mcintyretroy@example.com,Canada,2025-07-31
6659,Shari,Black,whitekevin@example.org,Canada,2024-11-05
6660,Gregory,Pittman,laura84@example.net,Canada,2024-10-07
6661,Beverly,Clark,burnettsteven@example.net,USA,2025-02-16
6662,Michelle,Stone,kellyheather@example.net,Canada,2023-11-01
6663,Pamela,Fuentes,orice@example.com,Canada,2024-06-22
6664,Bruce,Quinn,kim94@example.org,USA,2024-06-19
6665,Sharon,Alexander,richardpatterson@example.org,UK,2024-07-01
6666,Amber,Sanders,iwilson@example.net,USA,2023-11-13
6667,Carlos,Jackson,plove@example.org,Canada,2024-07-11
6668,Sean,Roberts,hkim@example.net,USA,2024-07-06
6669,Isabella,Ford,heatherallen@example.net,Canada,2025-07-23
6670,Danielle,Gallegos,stewarttyler@example.com,Canada,2024-01-01
6671,Jason,Rogers,matthew79@example.com,Canada,2025-07-19
6672,Anthony,Stevens,alvarezscott@example.org,UK,2026-02-19
6673,Crystal,Brooks,anthonysmith@example.com,Canada,2024-03-23
6674,Kimberly,Baker,thomasnixon@example.net,Canada,2024-03-01
6675,Danielle,Andrews,patrick24@example.org,Canada,2024-09-26
6676,Matthew,Brewer,markmassey@example.com,UK,2025-01-17
6677,Cynthia,Kelly,eric64@example.org,USA,2025-12-01
6678,Kaitlyn,Robinson,eric22@example.org,Canada,2024-03-11
6679,Brett,Jones,kcarter@example.com,USA,2023-10-06
6680,Fernando,Peterson,finleynancy@example.org,USA,2025-10-23
6681,William,Barnes,ohayes@example.com,USA,2024-02-24
6682,Arthur,Berry,terrinavarro@example.com,Canada,2024-10-22
6683,Mary,Howell,brianoconnor@example.com,UK,2025-10-28
6684,Bobby,English,hlozano@example.net,Canada,2025-10-20
6685,Tina,Herman,joseph52@example.org,USA,2024-10-30
6686,Betty,Baker,whiteheadanthony@example.org,Canada,2026-01-09
6687,Erica,Johnson,vvasquez@example.org,Canada,2024-07-13
6688,Stacey,Jenkins,sonyadavis@example.com,Canada,2023-12-31
6689,Sylvia,Owens,guzmanthomas@example.org,USA,2026-04-24
6690,Ricky,Rogers,fgomez@example.com,Canada,2025-09-03
6691,Jason,Roach,antonioserrano@example.com,USA,2024-04-15
6692,Kristy,Williams,kellis@example.org,Canada,2025-04-28
6693,Jon,Velazquez,rita93@example.net,USA,2024-11-02
6694,Sarah,Martin,fjohnson@example.com,UK,2026-08-04
6695,Hannah,Ruiz,gmoses@example.net,USA,2023-10-23
6696,Dale,Drake,delgadogeorge@example.net,USA,2024-02-02
6697,Jared,Walker,earlowens@example.com,USA,2023-10-09
6698,Justin,Warren,sandersjohn@example.org,Canada,2024-06-06
6699,Andrea,Lynch,robert41@example.net,UK,2024-02-23
6700,Daniel,Ramsey,mark42@example.com,Canada,2025-05-24
6701,James,Chapman,hbrown@example.com,USA,2025-08-25
6702,Chris,Cruz,collinselizabeth@example.org,USA,2023-10-16
6703,Tammy,Mathews,joseph19@example.net,Canada,2023-10-09
6704,Laura,Gonzalez,kcamacho@example.net,Canada,2025-08-14
6705,Stephen,Koch,alex56@example.org,USA,2024-05-08
6706,Shannon,Lopez,randy45@example.com,,2023-09-01
6707,Amanda,Merritt,monica19@example.net,Australia,2023-09-25
6708,Richard,Mullins,gregorylopez@example.com,USA,2025-02-03
6709,Charles,Wilson,hromero@example.org,USA,2024-09-06
6710,Jennifer,Maldonado,lauraperkins@example.com,UK,2025-06-06
6711,Sherry,Farmer,nicolelawson@example.com,Canada,2024-05-18
6712,Jonathan,Arnold,krystal76@example.org,Canada,2025-02-08
6713,Nicholas,Washington,elizabethroy@example.com,USA,2026-02-28
6714,Rachael,Meyer,ryansmith@example.net,UK,2025-04-26
6715,Jimmy,Bates,palmerjessica@example.org,UK,2025-01-20
6716,Jeffery,Jefferson,bellcynthia@example.org,Canada,2026-03-12
6717,Robert,Sullivan,weaverandrew@example.net,Canada,2024-09-29
6718,Matthew,Williams,lopezdouglas@example.com,Canada,2023-09-05
6719,James,Ortiz,campbellmorgan@example.net,Canada,2024-02-08
6720,Austin,Jacobson,qsolis@example.org,Canada,2025-09-07
6721,Jason,Kennedy,fholloway@example.net,USA,2024-04-27
6722,Gregory,Thomas,tmayo@example.net,Canada,2025-07-03
6723,Morgan,Murphy,victorbutler@example.org,UK,2025-06-21
6724,Jessica,Hodges,gsimon@example.org,Canada,2024-01-23
6725,Kyle,Shelton,laurenrobertson@example.net,USA,2026-02-15
6726,Cheryl,Garcia,qmora@example.net,Canada,2023-09-18
6727,Lauren,Fuentes,greeneanna@example.org,Canada,2024-06-04
6728,Colleen,Hall,samuelcarney@example.com,Canada,2024-08-16
6729,David,Webb,derek73@example.org,Australia,2025-09-15
6730,Jennifer,Washington,paulagarcia@example.com,UK,2026-08-18
6731,John,Flores,longmichelle@example.org,USA,2025-12-20
6732,Jacob,Randolph,gking@example.org,Canada,2025-10-02
6733,Ralph,Briggs,hendersonamy@example.org,Australia,2025-12-18
6734,Kenneth,Watkins,natasha33@example.net,Canada,2024-11-30
6735,Lisa,Smith,maria52@example.net,Canada,2025-05-13
6736,Randall,Torres,rjones@example.org,USA,2025-03-05
6737,Jason,Mosley,chavezjames@example.net,Australia,2023-12-30
6738,Jennifer,Medina,xrivera@example.org,Canada,2025-12-18
6739,Sharon,Reynolds,wendy16@example.com,Canada,2026-04-14
6740,Molly,Banks,michael99@example.org,Australia,2026-06-18
6741,Candice,Bolton,zrichards@example.org,,2025-11-10
6742,Devin,Gray,ashley95@example.net,Canada,2023-12-14
6743,Keith,Cole,rojasjames@example.net,USA,2024-05-24
6744,Eric,Lawson,mmoore@example.org,UK,2025-02-17
6745,Taylor,Nelson,dylan21@example.org,USA,2025-09-04
6746,David,Brewer,glee@example.org,Australia,2025-08-23
6747,Morgan,Fleming,rangeljonathan@example.org,USA,2023-12-13
6748,Mark,Johnson,brittanydiaz@example.org,Canada,2025-10-28
6749,Mark,Hunter,joewells@example.org,Australia,2024-07-14
6750,Jared,Blanchard,sanfordlouis@example.com,Canada,2025-11-01
6751,Traci,Fletcher,camerongonzales@example.org,Canada,2025-06-15
6752,Tamara,Burch,zhall@example.org,USA,2025-12-01
6753,Jose,Fuller,monica33@example.net,Canada,2025-07-16
6754,Sierra,Jackson,daniel68@example.net,Canada,2026-07-13
6755,Hannah,Thomas,ileblanc@example.net,Canada,2026-06-24
6756,Brittany,Swanson,kendra02@example.net,,2026-06-07
6757,Michael,Wilson,rberry@example.org,UK,2025-11-28
6758,Elizabeth,Palmer,simmonsgregory@example.com,USA,2025-06-06
6759,James,Mora,john65@example.org,Australia,2024-03-28
6760,Samantha,Burch,buchananrobert@example.net,Canada,2024-07-05
6761,Paul,Jordan,umckenzie@example.com,Canada,2024-05-12
6762,Shawn,Smith,patrickmiller@example.com,Canada,2025-09-28
6763,Timothy,Butler,sylvia12@example.org,Canada,2024-12-30
6764,Allison,Cannon,melissa69@example.com,Canada,2024-01-22
6765,Brooke,Griffin,melissanelson@example.net,USA,2024-12-05
6766,Chloe,Brown,newmanpamela@example.net,UK,2026-06-01
6767,Cynthia,Edwards,fvaughn@example.com,Australia,2023-09-06
6768,Kimberly,Wilson,daniellecooper@example.org,Canada,2024-12-30
6769,Matthew,Lloyd,peter16@example.org,UK,2024-07-10
6770,Jesus,Singleton,brandon97@example.org,Canada,2026-03-05
6771,Thomas,Campbell,lbarnes@example.net,Canada,2023-10-23
6772,Kelly,Scott,sarah09@example.com,UK,2024-10-24
6773,Riley,Simon,williamlucas@example.org,USA,2025-02-27
6774,Alexandra,Lee,edgarharvey@example.com,Canada,2025-02-04
6775,Javier,Morrow,james58@example.net,Canada,2025-09-08
6776,Michael,Riley,dmacias@example.com,Canada,2024-05-18
6777,Michael,Velazquez,donaldmarquez@example.net,USA,2026-08-09
6778,Jeremy,Schwartz,robertthompson@example.com,USA,2023-12-06
6779,Steven,Wilson,nwatson@example.net,Australia,2024-08-31
6780,Katherine,Reed,catherineschaefer@example.org,Canada,2024-11-29
6781,Ashley,Gilbert,catherinemedina@example.org,Canada,2025-12-25
6782,Bruce,Berry,hpadilla@example.com,USA,2024-08-12
6783,Courtney,Martinez,jaclynmack@example.com,USA,2026-05-17
6784,Christopher,Prince,bakerrenee@example.com,Canada,2024-05-24
6785,Jennifer,Irwin,rileysteven@example.com,USA,2024-01-30
6786,Renee,Pierce,troy04@example.org,UK,2026-06-26
6787,Mitchell,Garner,dfields@example.org,Australia,2024-03-29
6788,John,Murray,zpeck@example.org,UK,2023-10-15
6789,Shawn,Oconnell,mhudson@example.com,UK,2024-08-07
6790,Elizabeth,Smith,fosterdiana@example.org,USA,2025-07-03
6791,Justin,Freeman,juanballard@example.org,UK,2024-09-22
6792,Bobby,Wilson,porterwilliam@example.net,Canada,2024-02-04
6793,Brian,Thomas,christopher39@example.org,Canada,2023-08-26
6794,Brenda,Kelly,loganclayton@example.com,Canada,2024-05-29
6795,Emily,Singleton,christinabrown@example.com,USA,2026-08-21
6796,Marc,Allen,heatherjohnson@example.net,Canada,2026-07-09
6797,Troy,Castillo,lawrence84@example.com,Australia,2024-01-18
6798,Patrick,Gonzalez,kimberlyrosales@example.net,Canada,2025-04-09
6799,Kyle,Cross,kcooper@example.org,Canada,2024-04-05
6800,Kelly,Gonzalez,hansenkenneth@example.org,USA,2023-10-06
6801,Robert,Williams,doris49@example.org,Canada,2024-03-29
6802,Danielle,Knight,sara17@example.net,Canada,2025-02-02
6803,Nicole,Pollard,justinmcdaniel@example.org,Canada,2026-06-12
6804,Jeanne,Williams,urodriguez@example.org,USA,2026-02-18
6805,Cory,Jefferson,christopherreyes@example.org,Canada,2026-04-17
6806,Elizabeth,Carroll,carlmcfarland@example.com,USA,2026-08-12
6807,Elizabeth,Wilson,stanleymadison@example.net,USA,2026-01-17
6808,Sarah,Moore,samanthahawkins@example.com,Canada,2026-08-18
6809,Erin,Browning,laurensantiago@example.com,Canada,2024-12-26
6810,Nicole,Allen,rodney41@example.org,Canada,2025-06-15
6811,Erin,Bailey,hbenson@example.com,USA,2024-05-20
6812,Tina,Miles,kevinsmith@example.org,Canada,2024-05-01
6813,Jacqueline,Faulkner,brianjones@example.net,Canada,2024-09-03
6814,Charles,Flores,guzmanandrew@example.org,USA,2025-07-03
6815,Michael,Mendoza,ngilbert@example.com,USA,2024-05-06
6816,Stephanie,Casey,johnsonmelissa@example.com,Canada,2024-04-26
6817,Jason,Stone,ucruz@example.org,Canada,2026-06-26
6818,Kenneth,Santiago,heatherray@example.com,Australia,2025-03-15
6819,Bailey,Jackson,amy52@example.org,UK,2023-11-10
6820,Erin,Rodriguez,erika44@example.net,USA,2026-03-09
6821,Travis,Thomas,xnelson@example.org,USA,2026-01-13
6822,Madison,Dunn,msmith@example.net,USA,2024-01-16
6823,Curtis,Pearson,nmurphy@example.org,Australia,2024-01-15
6824,Kimberly,Goodman,audreyjohnson@example.org,Australia,2024-03-01
6825,Hayley,Rodriguez,halltommy@example.net,Canada,2025-12-04
6826,Brian,Hernandez,vjackson@example.com,UK,2024-08-14
6827,Michael,Costa,ryanford@example.net,Canada,2023-10-22
6828,Kathryn,Simmons,jaredjohnson@example.org,Canada,2024-02-11
6829,Dale,Hughes,nhouston@example.net,USA,2024-02-29
6830,Rebecca,Burns,nmartin@example.org,Canada,2024-07-18
6831,Barbara,Love,daniellearroyo@example.com,Australia,2026-06-13
6832,Raymond,Brown,carlaswanson@example.net,Canada,2023-09-27
6833,Paula,Knight,charles47@example.com,USA,2026-05-24
6834,Kathleen,Patterson,karinahodges@example.net,UK,2026-07-30
6835,Gregory,Ali,kayla58@example.com,UK,2026-05-15
6836,Wanda,Kim,rachel57@example.com,Canada,2025-10-22
6837,Marc,Castro,shelley06@example.com,Canada,2025-06-08
6838,Kim,Gutierrez,michelle11@example.com,USA,2025-05-25
6839,Adam,Jensen,robert70@example.com,Canada,2026-04-04
6840,Roger,Gray,cwilliamson@example.net,Australia,2025-04-10
6841,Kristen,Evans,arussell@example.net,UK,2026-06-30
6842,Peter,Hunter,williamjohnson@example.com,Canada,2023-12-12
6843,Douglas,Marshall,trevinocrystal@example.org,Canada,2023-09-21
6844,Christina,White,danielcannon@example.org,Canada,2025-04-27
6845,Greg,Montoya,joseph62@example.com,UK,2024-10-09
6846,Mario,Ball,william49@example.com,,2025-07-12
6847,Leslie,Davis,joshua89@example.org,Canada,2025-10-30
6848,Amy,Walker,martinshields@example.com,Canada,2025-05-08
6849,Courtney,Morrison,hamiltonmichael@example.com,USA,2026-05-28
6850,Deanna,Greene,douglas87@example.net,Canada,2025-09-04
6851,Christian,Esparza,joneschristopher@example.net,Canada,2024-07-17
6852,Barbara,Wright,martinezjustin@example.net,Australia,2024-11-27
6853,Jason,Jefferson,noblebrian@example.net,UK,2023-08-25
6854,Emily,Potter,greid@example.net,USA,2025-08-08
6855,Rachel,Hayden,johnsonjanet@example.net,Canada,2025-02-09
6856,Kimberly,Clark,michael42@example.org,Canada,2023-09-09
6857,Kevin,Smith,lisa82@example.net,USA,2025-07-09
6858,Stacy,Flores,whitakeramy@example.org,canada,2024-08-11
6859,Austin,Brooks,cookolivia@example.net,UK,2023-10-13
6860,Jamie,Wood,amalone@example.com,USA,2026-02-14
6861,Beth,Gray,benitezerin@example.org,Canada,2026-05-13
6862,Rodney,Hill,kathleenvelasquez@example.org,UK,2026-02-02
6863,Jose,Atkins,noahburke@example.com,Australia,2025-05-27
6864,Michael,Montes,dford@example.net,Canada,2024-11-12
6865,Christine,Anderson,robertroberson@example.org,USA,2026-02-06
6866,Paul,Chambers,carly60@example.net,Canada,2025-07-28
6867,Tyler,Martinez,jacksonjeremiah@example.org,Canada,2025-08-12
6868,Anthony,Hanson,michael96@example.net,Canada,2023-12-20
6869,Stephanie,Harrison,carolyn38@example.com,USA,2026-06-03
6870,Donna,Gonzalez,ghoward@example.net,Australia,2025-10-20
6871,Brittany,Miller,hzamora@example.com,USA,2026-04-02
6872,Daniel,Black,wilsonjerry@example.com,Canada,2025-06-20
6873,Natalie,Mayer,jamesadams@example.org,USA,2024-06-18
6874,Crystal,Ramos,wjohns@example.org,Canada,2024-01-27
6875,Wesley,Ingram,vallen@example.net,UK,2025-02-03
6876,Lisa,Brewer,leestacey@example.org,Canada,2025-11-06
6877,Maria,Hurley,natashatorres@example.net,Canada,2024-07-08
6878,Lisa,Allen,daniel78@example.net,Canada,2023-12-07
6879,Nicole,Willis,wrodriguez@example.org,USA,2026-01-16
6880,Teresa,Barnett,victoria90@example.org,Canada,2025-09-30
6881,Michelle,Lopez,frank41@example.com,USA,2023-10-08
6882,David,Owen,melissaglover@example.org,Canada,2025-02-13
6883,Erica,Clark,walkerpamela@example.org,Canada,2026-02-27
6884,Joanne,Kennedy,martinroman@example.org,USA,2025-02-17
6885,Jeffrey,Dorsey,hallvincent@example.org,Australia,2023-10-12
6886,Courtney,Cook,christiepennington@example.com,Australia,2025-06-27
6887,Angela,Kidd,fthompson@example.com,Canada,2026-07-01
6888,Alan,Brown,bradleytaylor@example.org,Canada,2026-02-09
6889,Joseph,Bryant,ureynolds@example.net,Canada,2025-07-19
6890,Elizabeth,Lewis,mariaanderson@example.net,USA,2024-05-16
6891,Jennifer,Williams,garciajoseph@example.net,canada,2024-10-08
6892,Samantha,Irwin,anthony29@example.org,UK,2026-03-01
6893,Alisha,Hicks,michael94@example.net,Australia,2025-06-02
6894,Donald,Phillips,donnagallagher@example.com,Canada,2025-02-08
6895,Kristin,Parker,erikawest@example.com,canada,2024-11-15
6896,Ashley,Willis,lisa51@example.com,UK,2024-07-16
6897,Kevin,Benson,todd81@example.com,UK,2025-11-09
6898,Ernest,Taylor,uevans@example.org,Canada,2026-04-17
6899,Cheryl,Jacobson,john17@example.net,Canada,2024-07-08
6900,Charles,Crosby,walkersamuel@example.net,Canada,2025-06-28
6901,Victor,Green,christinafreeman@example.com,Canada,2026-04-29
6902,David,Waters,xrojas@example.com,Canada,2026-02-23
6903,Frank,Wilson,tara03@example.net,Canada,2025-09-02
6904,Joshua,Garcia,thomas23@example.com,USA,2026-05-19
6905,Bradley,Evans,greenemichael@example.com,Canada,2023-10-15
6906,Emily,Chase,evanlarson@example.net,Canada,2025-04-23
6907,Courtney,Orr,xclark@example.org,Canada,2023-12-06
6908,Aaron,Peterson,tammystevens@example.com,UK,2025-09-07
6909,Amy,Floyd,tararaymond@example.org,UK,2026-06-25
6910,Allison,Campbell,natasha08@example.net,USA,2024-09-04
6911,William,Mccarthy,roserhonda@example.net,Canada,2025-07-01
6912,Howard,Wilson,justindeleon@example.org,Australia,2024-11-15
6913,Jake,Barrett,matthew43@example.org,Canada,2024-06-28
6914,Erica,Joseph,aanderson@example.com,Canada,2023-10-16
6915,Sara,Cunningham,jacobhernandez@example.org,Canada,2026-02-14
6916,Teresa,Huff,glennchloe@example.org,Canada,2025-09-06
6917,Tammy,Stevens,bennettjeffrey@example.com,Canada,2025-08-01
6918,Adam,Black,khubbard@example.com,UK,2024-05-26
6919,Wesley,Combs,livingstondavid@example.org,USA,2023-11-21
6920,Rebecca,Diaz,emichael@example.org,Canada,2024-01-29
6921,Melissa,Carroll,thomasmartin@example.com,Australia,2024-07-05
6922,Cindy,Thompson,alexanderashley@example.net,Canada,2026-01-30
6923,Michael,Cabrera,christophervilla@example.net,Canada,2025-01-11
6924,William,Kelly,dsullivan@example.org,USA,2026-04-11
6925,Brandon,Watson,teresa27@example.com,USA,2024-10-22
6926,Dave,Grimes,connortaylor@example.com,Canada,2024-09-28
6927,Angel,Johnson,pauljenkins@example.net,Canada,2024-09-07
6928,Michelle,Allen,pchaney@example.net,USA,2024-06-13
6929,Lauren,Mata,mcgeeamy@example.com,USA,2025-02-23
6930,Michelle,Perez,frostdaniel@example.net,USA,2026-01-20
6931,Amanda,Lee,toniwells@example.org,Canada,2024-08-17
6932,Daniel,Taylor,manningjamie@example.net,Canada,2023-11-24
6933,Eric,Hernandez,cjohnson@example.com,Canada,2025-12-26
6934,Emily,Hawkins,ericamoore@example.org,Canada,2025-05-14
6935,Mark,Sweeney,wrogers@example.net,Australia,2025-08-27
6936,Troy,Walker,reynoldschristopher@example.com,USA,2024-09-12
6937,Brooke,Kirby,paulperez@example.net,Canada,2026-06-01
6938,Pamela,Moore,scottmcneil@example.com,USA,2024-12-12
6939,Shannon,Cruz,garybuck@example.com,USA,2024-10-22
6940,Trevor,Schneider,ramirezmichael@example.com,,2026-06-16
6941,Katelyn,Phillips,heatherward@example.com,UK,2024-06-02
6942,Vanessa,Diaz,ypatel@example.com,UK,2024-04-29
6943,Christopher,Wilkinson,pwilliams@example.org,USA,2024-07-04
6944,Karen,Hunt,ogaines@example.org,Canada,2023-12-18
6945,Brandon,Bailey,jimmy99@example.com,USA,2024-03-11
6946,Christopher,Barton,joshua24@example.org,USA,2023-12-02
6947,Andrew,Figueroa,marymarshall@example.org,Canada,2025-10-01
6948,Robert,Kelley,matthewhiggins@example.com,Canada,2026-04-26
6949,Valerie,Newman,ronaldflores@example.net,UK,2025-04-28
6950,Nathan,Austin,wgreen@example.net,Canada,2024-07-07
6951,Fernando,Carpenter,simonmelanie@example.org,USA,2024-10-16
6952,Gary,Woods,lrobertson@example.com,USA,2026-04-19
6953,Allison,Brown,pmills@example.com,Canada,2026-05-12
6954,Timothy,White,jesse81@example.com,Canada,2025-03-24
6955,Amy,Powell,xboyd@example.net,UK,2024-06-03
6956,Daniel,Mathis,eringates@example.com,Canada,2024-11-16
6957,Chad,Klein,stevenjackson@example.com,USA,2026-05-04
6958,Andrew,Smith,jessicadean@example.com,USA,2026-03-30
6959,Danielle,Lee,solisanita@example.com,USA,2024-09-09
6960,Brian,Harris,bobhiggins@example.com,Australia,2023-11-13
6961,Gabriella,Smith,larry64@example.org,USA,2025-07-03
6962,Timothy,Mckinney,chad03@example.com,Canada,2025-02-12
6963,Alyssa,Smith,ericblair@example.net,Australia,2025-03-18
6964,Brittany,Williams,bryantmarissa@example.org,USA,2025-11-21
6965,Stefanie,Washington,qgarcia@example.com,Canada,2026-02-20
6966,Brittany,Arnold,omarsh@example.com,Canada,2024-04-14
6967,Dana,Villegas,sethlynch@example.com,canada,2024-07-26
6968,Sara,Miller,montesdana@example.net,Canada,2026-01-31
6969,Thomas,Williams,gbrown@example.org,USA,2024-01-13
6970,Crystal,Norris,ejames@example.net,USA,2023-08-31
6971,Clayton,Rose,kristin70@example.org,Canada,2025-02-19
6972,Maria,Garcia,karenanderson@example.org,USA,2024-02-23
6973,Randy,Poole,floresmegan@example.org,Canada,2024-01-02
6974,Tammy,Jones,grossashley@example.com,Canada,2025-10-26
6975,Daniel,Patton,hgraham@example.com,USA,2026-03-03
6976,Bernard,Pollard,christina11@example.com,Canada,2024-04-29
6977,Harry,Hernandez,michaelbradley@example.com,USA,2025-12-16
6978,Rhonda,Stark,william61@example.com,UK,2024-12-22
6979,Daniel,Villanueva,ysmith@example.org,USA,2026-01-28
6980,Jon,Turner,cstewart@example.org,Canada,2025-10-03
6981,Sandra,Moore,richardelizabeth@example.org,Canada,2026-05-21
6982,Martha,Baker,riverasteven@example.com,USA,2025-06-28
6983,Tara,Smith,kellyschmitt@example.net,Australia,2025-12-10
6984,Robert,Sanchez,harry17@example.net,UK,2024-08-07
6985,Wesley,Jimenez,anthonysuzanne@example.org,UK,2023-08-24
6986,Allen,Davis,christinawalsh@example.org,Canada,2024-05-05
6987,Kimberly,Perry,ydecker@example.com,Canada,2024-06-23
6988,April,Jackson,fspencer@example.org,USA,2025-06-25
6989,Bradley,Flowers,cheryl30@example.net,Canada,2025-05-17
6990,Paul,Myers,btodd@example.org,Canada,2025-05-05
6991,Anthony,Moore,tdougherty@example.net,Australia,2025-06-07
6992,Rebecca,Walsh,laura71@example.com,Canada,2024-07-13
6993,Whitney,Murphy,vanessa58@example.com,Canada,2025-11-02
6994,Regina,Cooper,hlove@example.org,Canada,2025-09-13
6995,Rachel,Cole,james27@example.net,Australia,2025-11-17
6996,Jason,Kirby,jcarrillo@example.org,USA,2026-01-21
6997,Katrina,Simmons,jonathan84@example.org,USA,2025-02-19
6998,Kevin,Wheeler,tina45@example.net,UK,2024-06-18
6999,Brian,Mcclain,cortezeric@example.org,Canada,2026-03-10
7000,Jesus,Perry,michael38@example.net,USA,2024-02-26
7001,Tiffany,Taylor,kevinhuber@example.net,Canada,2024-05-16
7002,Michael,Butler,valerieschroeder@example.net,Canada,2025-06-08
7003,Jessica,Perry,kaylee54@example.net,UK,2026-05-06
7004,Eduardo,Smith,maureenmendez@example.org,USA,2023-12-23
7005,Jesse,Reid,njones@example.org,Canada,2026-05-04
7006,Emily,Olson,garcialance@example.org,Canada,2023-12-26
7007,Christian,Goodman,fieldsmary@example.org,USA,2023-11-05
7008,John,Nelson,wilsonamy@example.net,Canada,2026-05-25
7009,Matthew,Ray,bennettrachel@example.com,Canada,2026-04-13
7010,Michael,Wood,mwilkins@example.org,Canada,2024-01-01
7011,Leah,Brown,browndeanna@example.com,Canada,2024-07-10
7012,Alexis,Taylor,wperez@example.org,UK,2025-09-02
7013,Matthew,Knight,seangutierrez@example.org,Canada,2025-04-19
7014,Mary,Fox,kboyer@example.com,Canada,2026-01-25
7015,Robert,Perez,millerjohn@example.net,,2023-10-28
7016,Matthew,Villarreal,rriddle@example.org,,2024-06-08
7017,Tiffany,Lopez,dennis30@example.com,Canada,2025-08-25
7018,Lauren,Cross,campbelljames@example.net,Canada,2024-03-30
7019,Rebecca,Hunter,gutierrezkevin@example.net,Canada,2024-01-16
7020,Amber,Larson,rebekah05@example.net,USA,2024-06-28
7021,Thomas,Sanchez,tracy52@example.net,USA,2026-06-26
7022,Todd,Colon,matthew97@example.net,UK,2025-04-22
7023,Brittany,White,matthew40@example.net,Australia,2025-08-04
7024,Joshua,Martinez,rodriguezdaisy@example.net,USA,2024-11-01
7025,Daniel,Gallegos,ugriffin@example.com,USA,2024-10-02
7026,Ariel,Huff,griffithscott@example.net,USA,2025-04-11
7027,Patrick,Anderson,ywheeler@example.org,Canada,2024-05-07
7028,Matthew,Allen,johnsonemily@example.org,Australia,2025-08-08
7029,Joanna,Dunlap,michelle25@example.com,Canada,2025-09-19
7030,Shawn,Short,danielmontoya@example.org,Canada,2024-07-28
7031,Alyssa,Larsen,martinezyvonne@example.net,USA,2026-01-30
7032,Bryan,Bell,nyoung@example.com,Canada,2025-04-23
7033,Robert,Snow,davidmiller@example.com,USA,2025-05-17
7034,Larry,Tran,ejones@example.org,USA,2024-08-10
7035,Gabrielle,Franklin,paula89@example.org,Canada,2026-05-18
7036,Robin,Logan,amanda25@example.com,UK,2024-02-12
7037,Regina,Lewis,mhartman@example.net,Canada,2025-12-22
7038,Melissa,Jordan,aarongreene@example.org,Canada,2026-06-09
7039,Robert,Ferguson,jgrant@example.net,USA,2025-09-21
7040,Timothy,Garcia,randygonzales@example.org,canada,2023-10-12
7041,Brittany,Callahan,barry66@example.net,USA,2025-06-01
7042,Gabriella,May,tammy68@example.com,Canada,2025-05-02
7043,Joshua,Miller,lorraine33@example.org,USA,2025-12-08
7044,Christopher,Flores,larry02@example.com,Canada,2025-11-19
7045,David,Holmes,qmoran@example.org,Australia,2025-10-14
7046,Karen,Ortiz,jerrywood@example.org,Canada,2025-04-15
7047,Michelle,Thomas,pattersonmichael@example.org,USA,2024-03-27
7048,Patty,Copeland,laurenrobertson@example.com,Canada,2023-11-16
7049,Elizabeth,Dixon,stephanie43@example.org,Canada,2023-08-26
7050,Debbie,Patton,erojas@example.com,USA,2024-01-01
7051,Pamela,Roach,mindy83@example.org,UK,2024-11-03
7052,James,Thompson,jeffrey36@example.org,USA,2023-10-04
7053,Stephen,Gomez,dpowell@example.com,Australia,2026-08-21
7054,Jacob,Escobar,andrew66@example.com,USA,2023-10-09
7055,Paul,Davidson,andrew52@example.com,USA,2023-11-19
7056,Brandon,Palmer,vwatson@example.org,Canada,2024-01-17
7057,Kathryn,Scott,michelle41@example.org,UK,2025-08-28
7058,Alexis,Goodwin,james68@example.com,Canada,2025-03-08
7059,Jason,Aguilar,awilliams@example.org,UK,2025-04-18
7060,Gina,Smith,ogarcia@example.org,UK,2025-03-26
7061,Andrea,Vargas,thomasknight@example.net,Australia,2025-06-01
7062,Lindsay,Hansen,mckayamanda@example.net,USA,2024-01-09
7063,Robert,Smith,marshallmichael@example.com,USA,2025-11-14
7064,Curtis,Johnson,rmarquez@example.com,USA,2025-11-20
7065,David,Anderson,cookgina@example.net,Canada,2024-04-24
7066,William,Meadows,vbrennan@example.net,USA,2023-11-18
7067,Stacy,Harris,christophermendez@example.com,Canada,2026-05-05
7068,Ashley,Wilson,devin76@example.org,USA,2025-12-27
7069,Melvin,Jensen,xhenderson@example.org,Canada,2023-12-01
7070,April,Anderson,bmolina@example.net,Canada,2025-12-17
7071,Daniel,Lewis,bryanttaylor@example.com,Canada,2024-05-24
7072,Heather,Gutierrez,oneillvalerie@example.org,Canada,2024-07-01
7073,Jim,Cook,jamesmorales@example.net,USA,2025-01-21
7074,Victoria,Perry,tnguyen@example.net,Canada,2025-11-15
7075,Ronnie,Stewart,amber18@example.com,USA,2024-04-16
7076,Tina,Keller,changpatricia@example.com,Canada,2025-03-03
7077,Sheila,Mullen,lori50@example.org,USA,2025-12-12
7078,Matthew,Clark,ibrooks@example.net,USA,2025-08-17
7079,Marcus,Barnes,onorris@example.net,,2025-02-09
7080,Joseph,Mendoza,tmiller@example.org,USA,2024-02-19
7081,Julie,Davidson,josephguerra@example.org,Canada,2024-11-28
7082,Kimberly,Wilcox,cherylhardy@example.net,USA,2026-06-21
7083,Robert,Reyes,tduran@example.org,Canada,2026-04-08
7084,Lisa,Welch,patriciahall@example.com,USA,2024-12-16
7085,Erin,Gibson,melanie08@example.com,USA,2024-03-31
7086,Taylor,Martinez,meyervalerie@example.org,Canada,2026-05-06
7087,Jeffery,Stark,austin35@example.net,USA,2025-11-26
7088,Isaac,Fitzgerald,calhountodd@example.net,USA,2025-10-29
7089,Derek,Moyer,clarkelizabeth@example.com,canada,2024-10-30
7090,Juan,Graham,colin84@example.com,Canada,2025-03-01
7091,William,Moran,gfox@example.com,Canada,2024-09-08
7092,Vincent,Bush,wharvey@example.com,Australia,2025-09-27
7093,Thomas,Garcia,ellissuzanne@example.com,USA,2024-11-20
7094,Deborah,Salazar,lchapman@example.org,Canada,2025-07-21
7095,Ashley,Gomez,ryandebra@example.net,Canada,2025-12-25
7096,Rhonda,Vaughan,zlambert@example.com,USA,2025-03-14
7097,Ronald,Maddox,dustin03@example.org,UK,2026-06-19
7098,Sheila,Rivera,wendyhumphrey@example.org,Canada,2024-06-03
7099,Colin,Fischer,navarrowhitney@example.com,Canada,2026-03-03
7100,Yesenia,Walker,gregory94@example.net,UK,2024-10-04
7101,Samuel,Wright,eroy@example.org,Canada,2025-04-04
7102,Kristin,Mcmahon,karinagarza@example.org,Canada,2024-07-16
7103,Logan,Boyd,zdaniels@example.org,Australia,2024-01-26
7104,Karen,West,hbennett@example.net,USA,2026-06-17
7105,James,Evans,richard14@example.net,Canada,2024-04-26
7106,Melissa,Cooper,sarahhendricks@example.net,Canada,2024-03-18
7107,Natasha,Hansen,john12@example.org,Canada,2023-09-25
7108,Katie,Ray,collinsteresa@example.org,Canada,2026-03-29
7109,Joshua,Rowland,zjohnson@example.net,UK,2024-05-23
7110,Nicole,Yates,jeffharris@example.net,Canada,2024-02-01
7111,Bryan,Wilkerson,gmartinez@example.net,USA,2026-05-02
7112,Monica,Long,malonekristen@example.com,UK,2025-06-15
7113,Sara,Olsen,jessica92@example.org,Canada,2023-09-29
7114,Dale,Taylor,amber21@example.net,Canada,2024-08-29
7115,Christopher,Castillo,tracey79@example.com,USA,2024-05-06
7116,Jeffrey,Hill,batesjessica@example.com,UK,2025-05-26
7117,Lisa,Dean,olyons@example.com,UK,2023-11-30
7118,Randy,Jackson,hilltodd@example.com,Canada,2024-08-02
7119,Hannah,Winters,bmaxwell@example.org,USA,2026-02-23
7120,Sandra,Lewis,heather77@example.org,USA,2025-08-31
7121,Teresa,Martinez,johnstonashley@example.org,UK,2026-03-15
7122,Diana,Jacobs,vasquezjennifer@example.com,Canada,2023-08-23
7123,Michelle,Hooper,smithgeorge@example.com,USA,2025-05-15
7124,Rodney,Martin,kevin27@example.net,UK,2026-08-11
7125,Kelly,Gonzalez,robinsonamy@example.net,Canada,2025-07-20
7126,Bill,Huerta,rodney59@example.com,USA,2025-11-07
7127,Christopher,Farmer,udaniels@example.com,Canada,2025-06-10
7128,William,Terry,hollysmith@example.net,Canada,2025-05-20
7129,Garrett,Tran,bmason@example.net,Canada,2025-09-10
7130,Thomas,Watson,yschmidt@example.com,Australia,2024-08-15
7131,Janet,Prince,jason92@example.com,Canada,2025-11-17
7132,Robert,Harris,walkeredward@example.com,USA,2026-07-29
7133,Nathan,Green,franklong@example.org,USA,2025-09-18
7134,Nathaniel,Hodges,mary55@example.net,Canada,2025-07-30
7135,Scott,Garcia,donnacoleman@example.org,USA,2024-01-28
7136,Diane,Henry,jsmith@example.org,USA,2026-01-20
7137,Tammy,Brown,browndrew@example.com,UK,2025-03-20
7138,Megan,Rice,onelson@example.com,USA,2025-08-09
7139,John,Morrison,msalazar@example.org,USA,2025-08-12
7140,Katherine,Mccormick,katelynsalazar@example.org,Canada,2024-05-17
7141,James,Gonzalez,jfuentes@example.net,Australia,2024-04-08
7142,Jennifer,Ross,michaelmartinez@example.com,Canada,2024-04-08
7143,Monica,Hamilton,bartlettnicholas@example.org,USA,2025-11-13
7144,John,Johnson,timothyproctor@example.org,Canada,2025-11-02
7145,Michael,Wilson,bennettzachary@example.net,Australia,2024-11-06
7146,Elizabeth,Noble,gregory95@example.org,USA,2025-04-06
7147,Steven,Bright,rickywelch@example.org,canada,2025-03-29
7148,Rachel,Cole,cbryant@example.net,Canada,2026-03-14
7149,Suzanne,Lambert,jacquelineolson@example.net,Canada,2026-08-17
7150,Tonya,Williams,bbaker@example.net,USA,2026-06-27
7151,Audrey,Carroll,antoniolewis@example.com,USA,2024-06-24
7152,Elizabeth,Moore,donald10@example.net,Canada,2024-05-05
7153,Edward,Riggs,yjimenez@example.com,Australia,2023-12-19
7154,Amanda,Chan,mendezmadison@example.com,UK,2023-11-18
7155,Donald,Turner,xallen@example.com,Canada,2024-03-09
7156,Tanner,Allison,thomas26@example.net,UK,2025-09-26
7157,Marcus,Smith,angelarhodes@example.com,USA,2026-03-03
7158,William,Joseph,alicia00@example.net,USA,2025-07-03
7159,Brianna,Dixon,slam@example.net,Canada,2024-02-14
7160,Heidi,Adams,hannah51@example.com,USA,2025-06-27
7161,Lance,Campos,melvinlawson@example.com,USA,2024-06-16
7162,Mary,Bean,jimmy64@example.net,Canada,2025-05-02
7163,Craig,Brown,kgriffith@example.net,USA,2025-07-19
7164,Stephen,Hernandez,heidiparker@example.com,USA,2025-10-30
7165,Christopher,Branch,joeljohnson@example.org,USA,2025-02-16
7166,Derek,Rowe,chasethomas@example.com,Canada,2026-01-20
7167,Tonya,Carr,pbenson@example.net,UK,2025-09-18
7168,Penny,Rodriguez,john86@example.net,USA,2025-06-03
7169,Alec,Arias,mooresue@example.org,Canada,2025-02-17
7170,Monica,Brown,xcarr@example.net,Canada,2025-09-09
7171,Stephanie,Diaz,sarah39@example.net,USA,2024-02-09
7172,Douglas,Green,michael65@example.org,UK,2024-04-10
7173,David,Torres,joshua13@example.net,Canada,2026-01-16
7174,Ashley,Brooks,kentrichard@example.net,USA,2024-03-27
7175,Sharon,Allen,stewartbrandy@example.net,Canada,2026-05-17
7176,Timothy,Bailey,tharper@example.org,USA,2023-09-05
7177,Ryan,Roth,pberger@example.org,Australia,2026-01-23
7178,April,Washington,bushwayne@example.org,USA,2023-10-30
7179,Maria,Jarvis,mlane@example.org,Canada,2026-02-19
7180,Dustin,Hill,amysmall@example.net,USA,2025-05-21
7181,Katherine,Oneal,ktaylor@example.org,Canada,2023-08-30
7182,Darlene,Tran,wardcharles@example.com,Canada,2023-10-12
7183,Patrick,Williams,julieduncan@example.org,USA,2025-08-06
7184,Brian,Miles,julie89@example.com,USA,2024-08-13
7185,Christina,Arnold,joseph09@example.org,Canada,2025-04-08
7186,Shelby,Patterson,stephen92@example.com,Australia,2025-07-25
7187,Sheri,Mcdaniel,jon74@example.net,USA,2025-01-20
7188,Matthew,James,anthonyhartman@example.net,Canada,2023-10-12
7189,Nathan,Barajas,joseph61@example.com,USA,2023-09-02
7190,Connor,Larsen,sallywilliams@example.com,USA,2025-07-10
7191,Michele,Reynolds,mathismaria@example.org,canada,2026-08-05
7192,Christina,Davenport,dawn76@example.com,USA,2025-02-03
7193,Patricia,Lewis,pberry@example.net,USA,2023-12-05
7194,Carolyn,Freeman,stevenwalter@example.net,Canada,2023-10-06
7195,James,Kane,bensonkatie@example.net,UK,2025-11-01
7196,Sarah,Morton,vargasanthony@example.com,USA,2024-11-27
7197,Kimberly,Crawford,jacob32@example.org,Canada,2023-12-10
7198,Lisa,Carpenter,samuelbutler@example.net,USA,2024-01-15
7199,Todd,Lee,pattonstacy@example.org,Australia,2023-08-30
7200,Rebecca,Medina,barajasmitchell@example.org,Australia,2024-05-21
7201,Amanda,Tate,clarkpaul@example.org,Canada,2025-11-07
7202,Henry,Ramos,lindabutler@example.com,Canada,2026-07-13
7203,Rebecca,Long,adkinssusan@example.net,USA,2023-10-05
7204,Brandon,Ward,samantha38@example.org,Canada,2024-08-15
7205,Marilyn,Grimes,durhammelissa@example.com,Australia,2024-04-20
7206,Amy,Watts,shawn18@example.net,Canada,2023-10-15
7207,Timothy,Oliver,christine14@example.net,Canada,2026-07-30
7208,Monica,Wilson,friedmanjoseph@example.com,Canada,2023-12-01
7209,Candace,Wheeler,daniel10@example.org,Canada,2026-03-29
7210,Richard,Cox,reneemyers@example.net,USA,2025-04-19
7211,Kelly,Bowers,jimmy63@example.com,USA,2026-06-07
7212,Tyler,Hamilton,christine02@example.net,Canada,2024-04-28
7213,Juan,Ayala,jessepham@example.org,Canada,2026-02-21
7214,Henry,James,william49@example.net,USA,2023-12-18
7215,Deborah,Davis,jtanner@example.net,Canada,2024-05-04
7216,Jeffery,Rogers,hopkinskaren@example.org,USA,2023-11-25
7217,Michael,Soto,byrdjames@example.com,USA,2023-12-24
7218,Daniel,Wallace,martinwilliam@example.com,USA,2024-03-14
7219,Kristopher,Spence,seangoodman@example.org,Australia,2025-12-12
7220,Pamela,Burgess,egallagher@example.net,UK,2025-09-26
7221,Mindy,Grant,michaelpayne@example.net,Australia,2026-06-24
7222,Veronica,Fitzpatrick,doris13@example.net,Canada,2025-10-02
7223,Lee,Maldonado,htorres@example.com,Canada,2024-07-23
7224,Joshua,Grimes,chelseahernandez@example.net,Canada,2024-11-24
7225,Julie,Reed,scott99@example.org,UK,2024-10-16
7226,William,Sanchez,jose51@example.org,Australia,2025-02-26
7227,Carla,Green,christian24@example.org,UK,2024-09-29
7228,David,Rubio,larryking@example.org,Canada,2026-07-12
7229,Megan,Miller,pwilliams@example.net,Australia,2024-10-12
7230,Catherine,Wilson,mark37@example.net,Canada,2026-07-09
7231,Megan,Smith,patrick14@example.com,Canada,2026-06-18
7232,Daniel,Cohen,victoria57@example.org,Canada,2024-03-14
7233,Ronald,Bonilla,adrian91@example.org,Canada,2024-06-09
7234,Crystal,Hunter,montgomerytony@example.net,USA,2024-10-05
7235,Dawn,Sandoval,rebecca14@example.net,Canada,2024-09-17
7236,Joshua,Vincent,mark38@example.com,USA,2026-03-18
7237,Patrick,Johnson,zthompson@example.com,USA,2025-10-26
7238,Megan,Holmes,john88@example.org,UK,2024-10-14
7239,Amber,Moreno,mreeves@example.net,USA,2026-04-18
7240,Madeline,Munoz,yreilly@example.com,Canada,2025-10-22
7241,Paul,King,youngelizabeth@example.com,UK,2025-08-27
7242,Jose,Reeves,craigchristina@example.net,UK,2023-11-21
7243,William,Hall,johnsontrevor@example.com,Canada,2024-05-10
7244,Virginia,Morton,nwhite@example.com,USA,2024-04-21
7245,Ronald,Vincent,greenjared@example.net,Canada,2024-10-17
7246,Bradley,Richards,steven53@example.com,Canada,2026-03-03
7247,Frank,Todd,jorge30@example.com,USA,2026-03-22
7248,Susan,Elliott,kaylabridges@example.org,UK,2024-03-22
7249,Donna,Pacheco,aphillips@example.org,Canada,2025-07-16
7250,Madison,Espinoza,qmoore@example.org,UK,2025-09-27
7251,Christopher,Pena,dannyphelps@example.com,UK,2023-11-29
7252,Casey,Mendez,haynesryan@example.com,UK,2024-07-27
7253,Brandon,Davidson,helenglass@example.org,Canada,2024-12-03
7254,Bobby,Martinez,garymeyer@example.org,UK,2024-09-19
7255,Steven,Gentry,amandacarlson@example.net,Canada,2024-07-16
7256,Nancy,Hart,ericbrown@example.com,USA,2024-06-22
7257,Todd,Thompson,cindy75@example.com,Canada,2024-09-26
7258,Curtis,Robertson,wanda38@example.org,Canada,2024-12-03
7259,Ricky,Reed,fbrown@example.net,USA,2023-08-25
7260,Gary,Burton,jeffreywolf@example.net,Canada,2026-07-15
7261,Trevor,Hartman,gregory44@example.net,Canada,2025-03-04
7262,Makayla,Rogers,karen74@example.net,Canada,2025-02-27
7263,Jennifer,Hall,mblackwell@example.net,USA,2025-09-19
7264,Michael,Watson,jason93@example.com,Canada,2025-09-15
7265,Sarah,Morgan,belltracy@example.net,UK,2026-08-05
7266,Kristine,Fisher,bentleyryan@example.net,Canada,2025-10-23
7267,Danielle,Lamb,teresascott@example.org,Canada,2026-07-11
7268,Thomas,Flores,smithbrandon@example.org,Canada,2023-10-03
7269,Jason,Smith,pamelabaldwin@example.org,USA,2025-05-21
7270,Susan,Rodriguez,daltonrobert@example.net,Canada,2024-04-24
7271,James,Peters,corey22@example.com,Canada,2026-02-04
7272,Courtney,Gutierrez,danielbaker@example.org,Australia,2026-05-13
7273,Daniel,Brewer,marc96@example.com,USA,2025-04-08
7274,Scott,Pierce,cannonsusan@example.net,Canada,2024-01-05
7275,Michael,Jacobs,gregoryherrera@example.org,Canada,2024-03-23
7276,Gregory,Parks,matthewmcguire@example.com,UK,2025-06-21
7277,Billy,Lee,kcarson@example.net,Canada,2024-03-15
7278,Austin,Koch,sean97@example.org,Canada,2024-03-01
7279,Jacqueline,Garcia,matthew27@example.net,USA,2025-10-29
7280,Samuel,Osborne,lsmith@example.org,USA,2024-08-17
7281,Justin,Archer,alexissalazar@example.net,USA,2025-03-29
7282,William,Spence,alexander86@example.com,Canada,2026-06-15
7283,Vickie,Hudson,elizabethsampson@example.net,Canada,2026-08-20
7284,David,Kline,anna74@example.com,USA,2023-12-29
7285,Jimmy,Hopkins,johnsonkeith@example.com,Canada,2024-08-25
7286,Troy,Durham,cescobar@example.org,canada,2024-08-21
7287,James,Suarez,andersonkimberly@example.net,USA,2025-06-14
7288,Ricky,Hamilton,ilamb@example.com,Canada,2026-01-29
7289,Martha,Adams,davisevan@example.org,Australia,2023-10-26
7290,Emily,Sullivan,torreschristina@example.com,,2024-04-04
7291,Christina,Powell,gabrielle43@example.org,USA,2023-09-10
7292,Michael,Simpson,randolpherin@example.net,Canada,2025-12-15
7293,Steven,Berry,grantcrystal@example.net,Canada,2025-12-05
7294,Amy,Bishop,vanessadillon@example.com,USA,2024-04-01
7295,Rachel,Lopez,ashley52@example.net,Canada,2023-12-11
7296,Michael,Kane,iwilliams@example.net,Australia,2026-07-18
7297,Adam,Weber,arnoldevelyn@example.org,Canada,2025-08-06
7298,Monique,Le,stewartlauren@example.com,USA,2025-11-15
7299,Kelly,Howard,grantalexis@example.org,Canada,2025-10-01
7300,Emily,Mendoza,jennifer96@example.org,USA,2025-12-27
7301,Jonathan,Small,lindaturner@example.org,Canada,2024-08-07
7302,Joseph,Robinson,justinlewis@example.net,Canada,2024-10-31
7303,Melanie,Martinez,herrerachristopher@example.com,Canada,2025-10-05
7304,Joshua,Richardson,sarahlyons@example.net,UK,2026-01-20
7305,Ricardo,Curtis,shannonli@example.com,Canada,2025-02-23
7306,Gregory,Carroll,martinkristopher@example.com,UK,2024-10-22
7307,Shari,Stephenson,jacobstracy@example.org,UK,2023-08-30
7308,Kathleen,Mcdonald,lawsonemily@example.com,Canada,2026-03-28
7309,Craig,Rivas,cindy17@example.com,USA,2025-08-02
7310,Joe,Gonzales,emilybell@example.org,Canada,2024-05-10
7311,Carmen,Smith,pwilliams@example.org,Australia,2025-01-15
7312,Timothy,Reed,xwhite@example.org,USA,2025-01-15
7313,Travis,Johnson,morrisjohn@example.org,Canada,2023-08-30
7314,Sara,Lopez,zjohnston@example.com,Canada,2024-06-14
7315,Kathryn,Hendricks,leerebecca@example.org,Canada,2026-05-29
7316,Michael,Larson,chelseybenitez@example.net,Australia,2024-07-17
7317,Donald,Douglas,christopherturner@example.org,Canada,2023-09-10
7318,Nicole,Mendez,dawndelgado@example.com,USA,2025-09-17
7319,David,Jones,mdavidson@example.net,Canada,2024-10-10
7320,Tyler,Clark,robert35@example.org,Australia,2025-11-17
7321,Kevin,Jackson,jasonkeith@example.net,Canada,2024-04-15
7322,Kyle,Keller,madisonlarson@example.net,USA,2025-05-05
7323,Jennifer,Carlson,ckelly@example.com,USA,2024-08-01
7324,John,Davidson,gregory97@example.org,USA,2026-07-30
7325,Paul,Smith,jroberts@example.org,Canada,2026-06-05
7326,Sierra,Rojas,morrisblake@example.com,Canada,2024-06-03
7327,Steve,Harris,awu@example.org,Canada,2024-11-02
7328,Donald,Walters,debraduncan@example.com,USA,2023-12-12
7329,Allen,Reed,ofry@example.com,Canada,2024-03-29
7330,Sarah,Michael,stevenhernandez@example.org,USA,2024-03-14
7331,Morgan,Valentine,gabrielle43@example.com,Canada,2025-02-05
7332,William,Blackburn,bcarr@example.com,UK,2025-08-13
7333,Peter,Soto,paulpalmer@example.net,Australia,2024-03-22
7334,Patricia,Davis,jamieanderson@example.net,USA,2025-12-18
7335,Jill,Raymond,lisagallegos@example.org,Canada,2024-02-25
7336,Stephanie,Wade,kmartinez@example.com,Canada,2023-11-07
7337,Melissa,Campbell,vincentmichael@example.com,Canada,2025-11-04
7338,Michael,Tapia,ystevenson@example.org,Canada,2025-04-10
7339,Brandy,Nguyen,raymondfuentes@example.net,USA,2026-04-13
7340,Mary,Arellano,tknight@example.com,USA,2023-11-08
7341,Kimberly,Mullins,rreyes@example.com,Australia,2025-06-26
7342,Christine,Lee,stephanie78@example.net,Canada,2023-10-11
7343,Amy,Rogers,hendersonalexis@example.org,USA,2026-01-30
7344,Natalie,Walker,udoyle@example.net,USA,2023-11-08
7345,Jack,Taylor,angelcameron@example.org,USA,2026-05-08
7346,Morgan,Garrett,danielle51@example.net,Canada,2025-09-13
7347,Brittany,Moore,marshalldylan@example.org,USA,2026-01-03
7348,John,Fitzgerald,jeffreyjohnston@example.net,USA,2025-08-31
7349,Carlos,Hale,courtneybraun@example.net,USA,2025-02-16
7350,Judith,Calhoun,amberstanley@example.net,canada,2024-02-10
7351,Andrea,Mcdonald,kdunlap@example.org,Canada,2024-10-24
7352,Cynthia,Klein,davidtownsend@example.com,Canada,2024-08-16
7353,Kevin,Parks,rmorgan@example.org,USA,2023-09-16
7354,Richard,Wilkins,trose@example.net,USA,2025-09-01
7355,Megan,Fields,matthewsjacqueline@example.org,Canada,2023-10-16
7356,Megan,Palmer,clarkkatherine@example.net,USA,2024-06-14
7357,Sandra,Robinson,keyrachel@example.net,Australia,2025-10-03
7358,Darren,Fritz,pgarza@example.org,Australia,2023-09-14
7359,Matthew,Smith,rmullins@example.net,Canada,2026-07-08
7360,Brian,Campbell,melaniejackson@example.org,canada,2026-02-12
7361,Brittany,Hudson,thomasabigail@example.net,USA,2024-06-06
7362,Sara,Hogan,ymiller@example.net,USA,2024-04-11
7363,Gabriela,Ortiz,joshuabrown@example.net,USA,2025-03-20
7364,Mark,Shields,phall@example.net,UK,2023-12-13
7365,Tracy,Werner,timothy41@example.org,USA,2024-05-14
7366,Robert,Moore,vfarrell@example.net,Canada,2024-06-10
7367,Jennifer,Anderson,aliciamiller@example.com,USA,2024-05-04
7368,Trevor,Jones,jenkinskristin@example.com,USA,2025-10-13
7369,Robert,Mason,mrodriguez@example.org,Canada,2025-09-10
7370,Christine,Sparks,parsonspaige@example.net,UK,2025-08-02
7371,Shelby,Boyd,gina18@example.com,USA,2025-03-20
7372,Ruth,Serrano,davispatrick@example.org,USA,2024-03-18
7373,Julie,Wright,cynthia96@example.net,Canada,2024-02-16
7374,Brittany,Davis,suzanne81@example.org,USA,2025-09-19
7375,Matthew,Perez,rosslisa@example.com,Canada,2023-10-14
7376,Shawn,Sanders,stevenkemp@example.net,Canada,2025-04-22
7377,Monica,Hunt,imullen@example.org,USA,2026-03-14
7378,James,Best,kylecaldwell@example.com,Canada,2025-11-17
7379,Michael,Davis,thomas08@example.org,USA,2024-03-11
7380,Zachary,David,danielmiller@example.com,Canada,2026-02-26
7381,Gerald,Soto,guerrakevin@example.org,Canada,2023-09-13
7382,Kathleen,Parker,lpatel@example.com,Canada,2024-01-29
7383,Mark,Gutierrez,bethany00@example.org,Australia,2025-05-30
7384,Robert,Cortez,johnward@example.org,USA,2024-05-31
7385,Christine,Davis,gonzalezbradley@example.org,USA,2024-12-19
7386,Paul,Price,ssmith@example.org,Canada,2024-10-19
7387,Jennifer,Hawkins,melissa48@example.net,Canada,2026-05-17
7388,Laura,Dickson,tmartinez@example.net,Australia,2026-05-24
7389,Nicole,Hunt,mandrews@example.org,Canada,2024-04-26
7390,Juan,Mosley,nguyenscott@example.com,Canada,2025-02-18
7391,Steven,Miller,kimberlyortiz@example.org,USA,2025-08-03
7392,Richard,Johnson,russellstephanie@example.com,Canada,2025-05-23
7393,Sandra,Crane,kfitzgerald@example.org,UK,2023-11-04
7394,Claire,Brown,halepeter@example.net,USA,2026-05-28
7395,John,Kim,wolfelaura@example.net,Canada,2025-05-14
7396,Megan,Palmer,jessica04@example.com,Canada,2023-10-04
7397,Michelle,Diaz,zdavis@example.org,Canada,2026-02-18
7398,Louis,Ali,svincent@example.com,UK,2023-12-10
7399,Ross,Foster,vellis@example.com,USA,2025-12-16
7400,Shirley,Maddox,taylorsharon@example.org,Canada,2023-12-14
7401,Haley,Smith,connie93@example.com,Canada,2025-05-07
7402,Tracy,Lawrence,lindahenson@example.org,USA,2024-09-21
7403,Monica,Taylor,wfisher@example.org,USA,2025-10-09
7404,Ruth,Huerta,jacobwiggins@example.net,Canada,2026-01-12
7405,William,Scott,pittmanrobert@example.net,canada,2024-12-06
7406,Kathleen,Vazquez,karenfuentes@example.org,Canada,2024-06-24
7407,Dustin,Watkins,nfernandez@example.org,USA,2026-02-12
7408,David,Vaughn,josephjeffery@example.net,Australia,2025-04-09
7409,Margaret,Smith,ramirezbrandon@example.com,Canada,2026-06-08
7410,Nancy,Cooper,martha90@example.org,USA,2026-04-25
7411,Bobby,Morgan,jill25@example.com,,2025-04-13
7412,Benjamin,Stevenson,bishopcheryl@example.org,Canada,2025-09-07
7413,Steven,Guzman,nelsonjames@example.net,Canada,2026-03-20
7414,Kimberly,Farmer,blackjames@example.net,UK,2024-11-24
7415,Joseph,Webster,omarortiz@example.com,USA,2023-11-17
7416,Jackie,Price,epowers@example.org,USA,2025-01-02
7417,Jenna,Flores,rbaldwin@example.net,Canada,2025-10-04
7418,Sarah,Kramer,wdean@example.com,,2025-10-05
7419,Cynthia,Murray,powersjoseph@example.net,Canada,2024-01-20
7420,Mark,Martin,egoodwin@example.org,USA,2024-09-21
7421,Laura,Ballard,vmorgan@example.org,Canada,2024-08-09
7422,Frank,Phillips,stephensstephanie@example.net,USA,2026-04-06
7423,Tina,Patel,lramos@example.net,Canada,2024-09-28
7424,Angel,Perez,morajames@example.com,Canada,2023-10-29
7425,Samantha,Massey,evansgary@example.org,USA,2024-05-11
7426,Mary,Ochoa,jason28@example.net,Canada,2025-12-06
7427,Charles,Merritt,cartergregory@example.com,Canada,2025-03-28
7428,Grace,Gonzalez,mary23@example.com,Canada,2025-08-17
7429,Timothy,Perez,masonashley@example.org,USA,2024-07-22
7430,Kimberly,Collins,linda32@example.org,USA,2026-07-27
7431,Shelly,Williams,kenneth96@example.net,Canada,2024-11-22
7432,Tony,Pham,brianorr@example.net,USA,2026-06-08
7433,Ashley,Jones,randy61@example.com,Canada,2023-09-12
7434,Audrey,Wilson,lewismary@example.com,Canada,2025-10-29
7435,Frank,Olson,danderson@example.net,Canada,2025-07-07
7436,Arthur,Rose,shawn95@example.com,UK,2023-09-16
7437,Linda,Hubbard,joshua56@example.com,Canada,2025-09-05
7438,Blake,Solomon,fkemp@example.com,Canada,2024-12-09
7439,Laurie,Stein,andrewwilson@example.com,Canada,2025-04-05
7440,Harold,Mccall,annejohnson@example.org,Canada,2025-01-06
7441,David,Perez,sfletcher@example.net,USA,2023-09-22
7442,Sherri,Bryant,powersjay@example.net,Canada,2024-06-23
7443,Tina,Lee,jeremyowens@example.com,Canada,2026-05-22
7444,Robert,Alvarez,selena68@example.com,USA,2024-04-02
7445,Jacob,Wilson,william26@example.net,Canada,2026-07-27
7446,Cassandra,Kaufman,clayscott@example.com,USA,2026-03-30
7447,Savannah,Kim,alyssa78@example.com,USA,2024-10-27
7448,Kevin,Miller,joshuawest@example.org,Canada,2024-06-07
7449,Amanda,Anderson,christopher52@example.org,,2025-08-22
7450,Tracy,Dyer,daniel87@example.com,Canada,2025-03-25
7451,John,Mcknight,hillanita@example.com,USA,2025-08-19
7452,Scott,Wallace,lstrickland@example.com,Canada,2025-08-13
7453,Chris,Novak,leealexandria@example.com,Canada,2026-03-13
7454,Whitney,Finley,tylerrusso@example.com,USA,2026-07-18
7455,Nancy,Contreras,tkim@example.com,UK,2025-10-30
7456,Gregg,Smith,ortegamaureen@example.com,Australia,2025-03-30
7457,Kenneth,Thompson,sullivanjose@example.com,USA,2024-08-18
7458,Amanda,Sullivan,kelsey53@example.org,Canada,2024-01-14
7459,Kelly,Jones,jennifermartinez@example.net,Canada,2025-02-21
7460,Meagan,Hanson,bguerrero@example.com,Canada,2026-01-01
7461,Samantha,King,ymorton@example.org,USA,2025-02-13
7462,Lauren,Rojas,christinaford@example.org,Canada,2026-08-17
7463,Lisa,Cook,jackparker@example.net,UK,2024-01-15
7464,Wanda,Frye,matthew95@example.net,Canada,2025-02-05
7465,Shaun,Bauer,samanthawilson@example.net,Canada,2024-05-09
7466,Adam,Velasquez,laurenford@example.org,Canada,2023-11-20
7467,Denise,Mason,thomasjulie@example.net,UK,2025-03-12
7468,Anthony,Hubbard,scott55@example.com,USA,2024-12-23
7469,Todd,Roberts,edwardwhite@example.net,USA,2023-11-04
7470,David,Bates,piercemadeline@example.org,Canada,2024-11-19
7471,Betty,Barber,cindy35@example.net,UK,2025-03-06
7472,Alejandro,Nelson,kclark@example.com,Canada,2026-04-26
7473,William,Sherman,gthomas@example.net,UK,2024-03-16
7474,Brian,Thomas,philip98@example.com,USA,2024-09-06
7475,Amber,Mendez,guzmannoah@example.org,Canada,2025-05-11
7476,Tanner,Gonzalez,velasquezdylan@example.com,USA,2024-07-05
7477,Jennifer,Rivera,rthompson@example.com,USA,2025-12-01
7478,Paul,Benjamin,christopherluna@example.net,Canada,2024-06-24
7479,Donald,Hickman,stephenwillis@example.net,UK,2025-05-04
7480,Bradley,Black,thomasbenjamin@example.org,Canada,2024-08-29
7481,Cole,Taylor,christian68@example.com,Canada,2023-09-26
7482,Kelly,Rodriguez,kcaldwell@example.org,Canada,2025-02-07
7483,Aaron,Medina,xjimenez@example.org,Canada,2025-06-25
7484,Karen,Harris,tamarajordan@example.com,USA,2024-05-13
7485,Kathleen,Marshall,john67@example.com,Canada,2026-04-13
7486,Kyle,Nelson,chrisbrown@example.org,USA,2024-01-22
7487,Tracey,Gardner,lisa37@example.net,Canada,2024-12-10
7488,Pamela,Young,amy82@example.org,Australia,2025-07-02
7489,Nicole,Ramirez,carrie96@example.net,USA,2024-01-31
7490,Joseph,Davis,erinsuarez@example.org,UK,2024-09-14
7491,Tina,Mcmahon,jilljackson@example.org,Canada,2023-09-13
7492,Amy,Adams,sandratate@example.com,Canada,2023-09-13
7493,Robert,Leach,njimenez@example.net,Canada,2025-08-30
7494,Teresa,Pearson,meaganevans@example.net,USA,2026-02-03
7495,Kevin,Petersen,mnguyen@example.com,UK,2023-11-06
7496,Jerry,Rodriguez,fmcbride@example.org,Canada,2023-12-28
7497,Bob,Evans,ubrock@example.net,Canada,2025-10-24
7498,Ruben,Hall,tammy84@example.com,UK,2025-03-06
7499,Jeanne,Aguirre,leemichael@example.net,Canada,2024-09-03
7500,Jennifer,Taylor,erinneal@example.com,USA,2024-09-08
7501,Mary,Henry,obrienpaul@example.org,USA,2023-12-21
7502,Adam,Young,holsen@example.net,UK,2023-09-24
7503,John,Daugherty,ashley70@example.com,Canada,2025-08-01
7504,Madison,Riley,chandlerfelicia@example.org,Canada,2025-04-30
7505,Richard,Mccoy,jeffrey35@example.com,USA,2024-01-26
7506,Bianca,Kramer,charlesjones@example.org,Australia,2026-04-15
7507,Vanessa,Ruiz,yubilly@example.org,Canada,2024-03-04
7508,Vanessa,Howard,karawilliams@example.net,Canada,2024-05-05
7509,Jennifer,Reyes,riceallison@example.com,USA,2024-11-29
7510,Chad,Griffin,linjustin@example.net,Australia,2024-03-07
7511,Lisa,Summers,mackrebecca@example.org,UK,2025-05-05
7512,Krystal,Barnes,fitzgeraldzachary@example.net,Australia,2025-10-27
7513,Michael,Love,whitestacy@example.org,Canada,2024-01-01
7514,Andrew,Calderon,brian45@example.org,Canada,2024-10-26
7515,Tammy,Gonzalez,dmueller@example.net,USA,2025-09-21
7516,Michael,Richard,robin69@example.com,UK,2025-12-21
7517,Cynthia,Edwards,patrick66@example.com,Canada,2024-10-29
7518,Cynthia,Keller,robert14@example.org,Canada,2025-10-12
7519,Kevin,Smith,hooddaniel@example.com,USA,2024-06-05
7520,Seth,Nelson,smiththomas@example.net,,2026-01-27
7521,James,White,melanie83@example.org,Canada,2025-01-30
7522,Kimberly,Berger,monicaclark@example.org,USA,2024-06-11
7523,Bradley,Peterson,ruizrichard@example.com,USA,2025-04-03
7524,Robert,Briggs,williamsdenise@example.org,USA,2023-09-11
7525,Michael,Miller,morenopatrick@example.net,Canada,2025-10-31
7526,Victor,Goodwin,colleenharris@example.com,USA,2025-02-28
7527,Becky,Mitchell,ralphchapman@example.net,USA,2024-10-21
7528,Samantha,Perez,tara55@example.net,USA,2025-03-20
7529,Deborah,Gordon,tyrone57@example.com,USA,2023-12-07
7530,Hannah,Rodriguez,jillarnold@example.org,Canada,2025-02-10
7531,Elizabeth,Medina,jonathan85@example.org,Canada,2023-12-15
7532,James,Weaver,williamespinoza@example.net,Canada,2024-07-13
7533,Daniel,Everett,christinamartin@example.com,Canada,2025-11-09
7534,Vicki,Chavez,harrisonlisa@example.com,USA,2024-05-21
7535,Mary,Freeman,jonesrobert@example.org,UK,2024-11-04
7536,Michael,Tyler,emiller@example.net,USA,2024-05-03
7537,Courtney,Ferguson,pmartin@example.com,USA,2025-01-15
7538,Robert,Hampton,hamiltonandrew@example.org,Canada,2025-02-25
7539,Christina,Price,patrick11@example.net,Canada,2026-03-21
7540,Jacob,Ray,mccarthyvalerie@example.com,Canada,2025-02-22
7541,Kevin,Ward,andrewsnyder@example.org,Canada,2026-08-09
7542,Hannah,Gonzalez,belinda28@example.net,Canada,2025-05-31
7543,Vanessa,Davis,ewilson@example.com,USA,2025-07-30
7544,Amy,Robinson,donna96@example.com,Australia,2025-08-22
7545,Gavin,Johnson,matthewcooper@example.org,Canada,2023-10-20
7546,James,Whitaker,beckjean@example.com,Canada,2024-09-28
7547,Connie,Finley,julie91@example.net,USA,2026-03-17
7548,Benjamin,Holmes,kellygrant@example.net,Canada,2024-05-11
7549,Christopher,Franklin,scotthinton@example.com,UK,2026-03-05
7550,Lisa,Ramos,keithcrawford@example.net,USA,2025-07-08
7551,Jacob,Case,mcmillanchristopher@example.net,Australia,2025-01-22
7552,Rachel,Henry,wilsonjeremy@example.org,Canada,2024-02-29
7553,Tamara,Henry,samueljimenez@example.com,USA,2025-01-01
7554,Virginia,Garcia,shawdanielle@example.org,USA,2023-09-10
7555,Bryan,Walton,perezbrian@example.net,USA,2025-07-21
7556,Jennifer,Hill,scottalan@example.org,Canada,2025-10-26
7557,Phyllis,Davenport,danielguerrero@example.net,Canada,2026-03-26
7558,Nichole,Carpenter,jtate@example.com,USA,2024-07-03
7559,Deanna,Page,marcus18@example.net,USA,2026-05-26
7560,Nicole,Collins,brookshaley@example.net,UK,2025-11-14
7561,James,Barr,christine74@example.com,USA,2026-04-16
7562,Sarah,Soto,cartersteven@example.net,USA,2023-12-30
7563,Jacob,Nunez,glennkristina@example.org,Canada,2026-06-20
7564,Pamela,Cameron,hbailey@example.net,USA,2025-01-18
7565,Cynthia,Maxwell,estephens@example.org,USA,2024-10-08
7566,Robert,Jensen,cruzmegan@example.net,UK,2026-04-04
7567,Jessica,Spence,rcraig@example.net,UK,2026-01-27
7568,Roger,Glover,stephen48@example.net,Canada,2024-11-28
7569,Mary,Cole,caroline77@example.com,UK,2025-01-31
7570,Heather,Sparks,williamssteven@example.org,Canada,2025-11-01
7571,Robert,Anderson,kimberlyyoung@example.org,Canada,2025-05-03
7572,Joshua,Barton,housejennifer@example.com,USA,2025-02-18
7573,Vincent,Cabrera,pwilliams@example.net,Canada,2026-02-04
7574,Rebecca,Richardson,vsmith@example.com,USA,2024-02-08
7575,Teresa,Cooley,derekwright@example.org,Canada,2025-07-21
7576,Willie,Gonzales,laurenromero@example.org,Canada,2026-08-03
7577,Tonya,Rowe,briannamontoya@example.com,USA,2025-12-20
7578,Monica,Porter,brianmills@example.org,USA,2025-02-17
7579,Gabriela,Gonzales,wallemily@example.net,UK,2023-09-02
7580,David,Cohen,reedjulian@example.com,USA,2024-07-08
7581,Christian,Serrano,patricia70@example.net,USA,2025-04-11
7582,Pamela,Weaver,hfreeman@example.net,Canada,2024-12-16
7583,Kelsey,Carter,maria63@example.com,Canada,2024-03-30
7584,Nathaniel,Cobb,bookerjohn@example.com,Canada,2026-06-10
7585,Crystal,Chan,lmaynard@example.com,USA,2023-09-02
7586,Catherine,Martin,tbrown@example.org,USA,2024-01-25
7587,Craig,Baxter,dcoleman@example.org,Canada,2025-09-01
7588,Christine,Dixon,marshalladrian@example.com,USA,2025-10-14
7589,Ashley,George,alvarezchristian@example.net,USA,2026-03-28
7590,Andrea,Barnett,hernandezchristian@example.org,Canada,2026-08-13
7591,Brandi,Sanders,austin46@example.org,Canada,2026-03-30
7592,Cynthia,Wells,christopher74@example.org,UK,2024-06-22
7593,Mary,Reed,mark23@example.org,USA,2026-06-10
7594,Matthew,Matthews,wleon@example.com,UK,2025-11-16
7595,Christopher,Rios,slee@example.org,Canada,2024-10-13
7596,Jesse,Jenkins,william50@example.org,Australia,2024-12-23
7597,Kelly,Clark,rachelstewart@example.net,Canada,2023-08-23
7598,Toni,Miller,jerry47@example.org,Canada,2026-01-22
7599,Denise,Austin,owashington@example.org,Australia,2026-02-08
7600,Jared,Brown,edward48@example.com,Canada,2024-06-18
7601,Brandy,Cohen,jason09@example.org,USA,2025-08-23
7602,James,Bell,bassjoshua@example.com,Canada,2026-06-15
7603,Carmen,Burke,dana65@example.org,USA,2025-12-23
7604,James,Lowery,williamskevin@example.net,UK,2025-05-21
7605,Michelle,Patterson,tiffany38@example.com,Canada,2025-11-27
7606,Jennifer,Quinn,johnstoneric@example.org,USA,2024-09-22
7607,Sarah,Davis,ptrevino@example.net,Canada,2025-09-01
7608,Sheri,Hopkins,lmartinez@example.org,USA,2024-01-15
7609,Andrea,Ward,rodriguezheather@example.net,Canada,2024-02-23
7610,Kelly,Berry,taylorkayla@example.org,Canada,2023-08-24
7611,Anthony,Thompson,katherinerodriguez@example.org,Canada,2026-05-16
7612,Victoria,Dean,michael67@example.net,Canada,2023-11-27
7613,Shannon,Martinez,nsmith@example.org,UK,2023-12-03
7614,Donald,Rush,joelbautista@example.net,Canada,2024-08-13
7615,David,Dennis,jamie53@example.com,Canada,2024-12-07
7616,Jennifer,Daniels,tball@example.com,Canada,2026-08-01
7617,Helen,Schultz,jennifer09@example.com,Canada,2023-12-13
7618,Laura,Ortega,avilaroy@example.org,USA,2025-03-26
7619,Chelsea,Thompson,kellyhughes@example.org,Australia,2026-01-28
7620,Colin,Lee,carlasmith@example.net,Canada,2024-12-06
7621,Dawn,Schneider,jhumphrey@example.net,UK,2024-02-15
7622,Rebecca,Rubio,eric63@example.com,USA,2026-08-05
7623,Angela,Lewis,moorejohn@example.com,Canada,2024-08-31
7624,Derek,Boyd,ipugh@example.com,USA,2025-01-25
7625,Cheryl,Ramirez,fcampbell@example.com,USA,2024-11-28
7626,Jason,Adams,cooperbrenda@example.net,USA,2025-11-01
7627,Paul,Morris,jay93@example.net,UK,2024-01-09
7628,Kent,Adams,joshuabrooks@example.net,Canada,2026-06-28
7629,Miguel,Ellison,zwebb@example.com,UK,2025-02-13
7630,Jennifer,Mueller,elizabeth06@example.com,USA,2024-03-04
7631,Latoya,Smith,lmcmillan@example.org,USA,2024-07-16
7632,Donna,West,greenmichelle@example.net,USA,2026-06-01
7633,Frederick,Holmes,russellbailey@example.net,Canada,2026-04-03
7634,Gail,Gregory,morrisronald@example.org,Australia,2025-10-28
7635,Michelle,Castro,hicksandrew@example.com,USA,2025-07-24
7636,Melissa,Wheeler,georgejohnson@example.org,Canada,2024-09-15
7637,Connie,Smith,katrina35@example.net,Canada,2024-06-01
7638,Annette,Lewis,tracyosborne@example.org,USA,2025-05-26
7639,Susan,Smith,christopher02@example.org,Canada,2025-01-28
7640,Anna,Yates,mary99@example.net,Canada,2026-05-04
7641,John,Mccormick,sarah26@example.org,USA,2024-05-02
7642,Mary,Evans,foleytaylor@example.net,Canada,2023-09-26
7643,Jesse,Barton,henrykristin@example.org,Canada,2026-04-30
7644,Amber,Hernandez,gsmith@example.net,Canada,2026-01-10
7645,Mike,Johnston,weaverdave@example.com,Canada,2023-11-22
7646,Jacob,Lucas,chendricks@example.org,USA,2026-07-13
7647,Brandy,Higgins,becky11@example.com,USA,2023-12-20
7648,Victoria,Villanueva,richardwall@example.net,Canada,2025-10-19
7649,John,Martinez,christina01@example.org,Canada,2024-08-02
7650,Barbara,Hunter,josephperez@example.org,USA,2026-08-06
7651,Sarah,Watts,efuller@example.com,Canada,2024-07-29
7652,Sheila,Sandoval,lisadennis@example.net,Canada,2025-09-16
7653,Phyllis,Nunez,linda19@example.com,Canada,2024-12-15
7654,Molly,Crawford,mcdonaldchristopher@example.org,UK,2025-11-11
7655,Janet,Morse,michaelrobinson@example.org,USA,2026-05-07
7656,Claire,Wilson,rwhite@example.org,USA,2026-07-06
7657,Karen,Miller,amanda86@example.com,USA,2024-05-19
7658,Sarah,Lucero,elizabeth87@example.org,USA,2024-10-06
7659,Caleb,Torres,rodriguezrachel@example.net,USA,2025-12-01
7660,Christine,Morgan,carla19@example.org,USA,2025-10-24
7661,Paul,Powers,david33@example.com,Canada,2025-08-07
7662,Rodney,Dunn,jeffrey37@example.com,USA,2023-09-16
7663,Kathy,Smith,knightbrian@example.org,USA,2026-02-12
7664,Adam,Ortiz,howardmonroe@example.org,USA,2024-02-12
7665,Michael,Baker,christopher89@example.net,Canada,2025-08-10
7666,David,Riley,michele17@example.net,Canada,2023-12-23
7667,Justin,Allen,staffordrachel@example.com,USA,2024-09-27
7668,Jennifer,Ferguson,anthonycowan@example.net,USA,2024-06-15
7669,Alice,Franklin,johnsonadam@example.net,UK,2024-08-13
7670,Christie,Davis,jacobmata@example.org,Canada,2023-11-23
7671,Thomas,Chung,pedrocruz@example.org,USA,2025-12-04
7672,Mary,Young,griffinaaron@example.net,USA,2026-02-04
7673,Ashley,Rios,hramirez@example.org,UK,2023-10-26
7674,Seth,Brown,alexandernicholas@example.org,USA,2023-09-10
7675,Linda,Nguyen,mariajohnson@example.com,USA,2024-08-15
7676,Jennifer,Roberts,michael58@example.org,USA,2025-06-02
7677,Christopher,Diaz,tcruz@example.com,USA,2024-05-28
7678,Annette,Sanchez,gmoses@example.org,Australia,2025-12-11
7679,Robert,Kelley,smithcourtney@example.net,Canada,2025-11-11
7680,Morgan,Holder,gregorymiller@example.com,Canada,2023-10-04
7681,Lisa,Johnson,marshallrodney@example.org,Australia,2026-07-14
7682,Gerald,Rogers,millerjoy@example.net,USA,2025-08-03
7683,Gabriel,Gonzales,xgarcia@example.org,USA,2025-04-10
7684,Shannon,Shaw,larry46@example.com,USA,2024-12-10
7685,Holly,Maddox,kingdominique@example.org,Canada,2026-01-19
7686,Michael,Wallace,fstewart@example.org,USA,2024-08-27
7687,Kenneth,Bell,laura79@example.net,USA,2026-07-29
7688,Michael,Larson,kingmelissa@example.net,Canada,2023-09-10
7689,Megan,Downs,anthony90@example.com,Canada,2024-07-19
7690,Deanna,Collins,vjackson@example.com,canada,2024-01-27
7691,Daniel,Bailey,zvelasquez@example.net,Canada,2024-04-15
7692,Brandi,Dyer,ellisrichard@example.net,UK,2024-11-04
7693,Michael,Hernandez,dawn20@example.org,Canada,2023-12-13
7694,Tiffany,Flores,wsmith@example.net,USA,2023-11-02
7695,Whitney,Ramirez,flynnsamuel@example.org,Australia,2024-12-11
7696,Mark,Lowe,dmoss@example.org,USA,2025-05-06
7697,Victoria,Stevens,nperry@example.net,Canada,2025-07-30
7698,Michael,Mckee,millerwendy@example.com,USA,2024-02-28
7699,Robert,Rogers,masseyjames@example.com,Canada,2023-12-08
7700,Matthew,Bauer,mandyknapp@example.org,Canada,2023-11-20
7701,Vanessa,Arellano,jasonlucas@example.org,Australia,2025-07-27
7702,Rebecca,Williams,michelle30@example.com,USA,2026-02-16
7703,Molly,Ross,andre71@example.net,USA,2026-05-30
7704,Veronica,Hogan,jessewolf@example.com,Canada,2024-11-06
7705,Heidi,Robinson,vthompson@example.net,Canada,2026-04-14
7706,Matthew,Parks,amy33@example.com,Canada,2024-07-02
7707,Edward,Cooper,hking@example.com,USA,2025-11-22
7708,Nicholas,Lee,jenniferclark@example.org,USA,2024-02-14
7709,Ryan,Hendrix,owenscody@example.org,USA,2026-03-31
7710,Christopher,Haynes,matthew41@example.org,UK,2026-06-25
7711,Karen,Garcia,gardnerjames@example.net,Canada,2024-03-22
7712,Alexis,Curtis,eandrews@example.net,Canada,2026-05-06
7713,Joseph,Terry,crystal76@example.net,Canada,2024-10-20
7714,Bonnie,Dawson,mauricejenkins@example.org,Canada,2023-12-12
7715,David,Taylor,kevinrichardson@example.com,Canada,2025-09-18
7716,David,Petty,wpeterson@example.net,Australia,2025-10-20
7717,Gerald,Vang,donovanjackson@example.org,Canada,2024-01-10
7718,Tammy,Cole,tesparza@example.org,Australia,2026-08-08
7719,Ebony,Lee,sabrina99@example.net,Canada,2024-12-29
7720,Julia,Hardin,jonesdennis@example.net,Australia,2024-02-15
7721,Karen,Smith,jessicafisher@example.com,USA,2024-12-04
7722,Jonathan,Williams,lunaclarence@example.net,Australia,2026-03-24
7723,John,Williams,salazardanny@example.net,Canada,2025-12-08
7724,Philip,Williams,jacob04@example.net,USA,2024-08-29
7725,Paul,Butler,fmckinney@example.org,UK,2024-03-28
7726,Meagan,Howard,ljennings@example.org,Canada,2025-01-06
7727,Janice,Moreno,joannsmith@example.com,Canada,2026-01-03
7728,Howard,Adams,vasquezwendy@example.net,Canada,2026-02-02
7729,Jennifer,Kelly,ubauer@example.com,Australia,2024-04-11
7730,Michael,Carlson,angelagarcia@example.com,USA,2024-05-06
7731,Charles,Russo,matthew34@example.com,USA,2024-06-03
7732,Jade,Waller,averyrichard@example.net,Canada,2025-03-02
7733,Erika,Owens,grantdustin@example.org,Canada,2025-07-26
7734,Joseph,Nelson,joshua48@example.com,UK,2025-03-19
7735,Kristen,Foster,kevin51@example.net,Canada,2024-06-04
7736,David,Richardson,christinewillis@example.com,USA,2024-01-14
7737,Jennifer,Castillo,jamesriley@example.com,UK,2024-05-04
7738,Amanda,Alexander,elizabeth12@example.org,Canada,2025-11-02
7739,Michael,Baker,paularamsey@example.org,USA,2026-02-23
7740,Scott,Combs,hollowaylaura@example.com,Canada,2025-07-21
7741,Elizabeth,Brown,phoffman@example.net,USA,2025-06-22
7742,Jason,Ross,tmartin@example.com,Canada,2024-09-01
7743,Stacey,Lewis,montoyachristopher@example.net,USA,2025-12-27
7744,Brandi,Lee,zacharysutton@example.org,Canada,2025-03-03
7745,Jennifer,Ware,alexander39@example.net,USA,2024-07-19
7746,Danielle,Morris,coxpeter@example.org,USA,2024-09-03
7747,Gail,Baker,stevenshaw@example.com,Canada,2025-12-12
7748,Cynthia,Martin,tdonovan@example.com,USA,2026-06-01
7749,Emily,Hutchinson,kylemeyers@example.org,Canada,2026-07-07
7750,Kevin,Wiggins,woneill@example.org,USA,2025-10-07
7751,Michele,Watkins,pcooper@example.org,Canada,2023-11-06
7752,Jordan,Brady,amymorris@example.com,USA,2024-08-21
7753,Aaron,Martinez,donaldsolomon@example.net,Canada,2026-01-14
7754,Deborah,Shaw,harrisdavid@example.org,Canada,2026-07-08
7755,Nancy,Sanchez,andrewknight@example.org,Canada,2025-08-07
7756,Jacob,Joseph,jenniferlivingston@example.org,USA,2026-01-25
7757,Ronald,Sexton,zwilliams@example.net,Canada,2024-11-06
7758,Alyssa,Horton,angelagray@example.com,UK,2024-12-25
7759,Bruce,Conrad,georgevanessa@example.com,UK,2025-02-06
7760,Mark,Phelps,qlopez@example.net,Canada,2024-09-08
7761,Andrew,Wilson,robinsonmartin@example.org,USA,2023-10-17
7762,Evan,Walker,ryangreen@example.com,Canada,2025-05-20
7763,Steven,Simmons,ruth44@example.org,Canada,2024-04-08
7764,Christopher,Robertson,davidharvey@example.com,USA,2026-05-15
7765,Mark,Moses,wwhite@example.com,USA,2024-08-07
7766,Jeremy,Garcia,natasha55@example.org,,2024-02-06
7767,Madison,Larson,alexander83@example.net,Canada,2024-10-24
7768,Steven,Hernandez,kimberly93@example.net,Canada,2024-02-02
7769,Jessica,Patel,gwalter@example.net,Canada,2025-03-23
7770,Corey,Ross,shelia28@example.com,USA,2024-06-29
7771,Larry,Gonzalez,gregg36@example.org,USA,2026-06-26
7772,Miranda,Cannon,ocalderon@example.net,USA,2024-12-21
7773,Steven,Martin,janice00@example.net,Canada,2026-04-19
7774,Dana,Bailey,debracarter@example.org,Canada,2026-04-19
7775,Scott,Austin,carrieramos@example.net,Canada,2025-04-27
7776,Megan,Williams,william91@example.com,Canada,2025-12-15
7777,Angel,Howard,george48@example.com,Canada,2025-03-16
7778,Cynthia,Parker,victor14@example.org,UK,2025-09-05
7779,Michele,Solomon,kfreeman@example.com,UK,2026-03-07
7780,Chris,Wolfe,kbishop@example.org,USA,2025-05-31
7781,Savannah,Gonzalez,fullerraymond@example.net,USA,2024-06-26
7782,Alexander,Hale,onorris@example.org,Canada,2025-12-24
7783,Heather,Arias,thomas91@example.com,UK,2023-12-12
7784,Leonard,Mcknight,katiewu@example.com,Canada,2024-01-20
7785,Natasha,Cooke,dunderwood@example.com,Australia,2023-12-12
7786,Matthew,Osborne,samantha67@example.net,,2024-09-01
7787,Robert,Sutton,grayjoel@example.org,Canada,2025-08-06
7788,Janice,Davis,xtrujillo@example.net,Australia,2026-01-26
7789,Vicki,Taylor,whiteheaddavid@example.net,Canada,2025-02-13
7790,Travis,Martin,rlittle@example.net,USA,2025-11-09
7791,Glen,Miller,christiananthony@example.net,USA,2026-05-30
7792,Sarah,Mills,gloverashley@example.org,Canada,2024-06-12
7793,Brian,Davis,brandonmiller@example.com,Canada,2026-01-28
7794,Taylor,Graves,carneyglenda@example.net,USA,2024-12-12
7795,Virginia,Kane,olivia38@example.org,USA,2024-03-12
7796,Carlos,Scott,josechan@example.net,Canada,2023-08-31
7797,Tanya,Curry,richardssteven@example.net,Australia,2025-12-30
7798,Shane,Oconnor,kbenson@example.com,Canada,2024-06-17
7799,Erica,Shelton,valentinepaul@example.org,Canada,2025-07-11
7800,Madison,Stanley,msullivan@example.net,Canada,2024-01-13
7801,Michelle,Webb,ashleyhernandez@example.org,Canada,2025-09-28
7802,Jennifer,Mills,gbray@example.com,Canada,2026-06-19
7803,John,Carey,kari45@example.org,Australia,2025-05-21
7804,Sonya,Sawyer,dunnashley@example.net,Canada,2023-09-13
7805,James,Palmer,pedro98@example.org,Canada,2026-07-05
7806,Angela,Ramirez,shannongonzalez@example.net,Canada,2024-01-13
7807,Nicholas,Montes,christine41@example.net,USA,2026-04-07
7808,Nicole,Aguirre,qgreene@example.com,UK,2025-01-02
7809,Christopher,Young,kschultz@example.com,Canada,2026-04-27
7810,Andrew,Malone,huangkayla@example.org,Canada,2024-05-21
7811,Zachary,Smith,smithdana@example.net,Canada,2025-01-20
7812,Alan,Little,conniehenderson@example.net,Canada,2024-07-30
7813,Adam,Hernandez,stephaniemartinez@example.net,Canada,2025-04-13
7814,Raymond,Smith,lori32@example.net,Canada,2026-04-30
7815,Jeremy,Simpson,kevintaylor@example.org,Canada,2026-05-02
7816,Nicole,Atkinson,angelavilla@example.net,USA,2023-11-19
7817,Katherine,Silva,amber22@example.org,Canada,2025-09-11
7818,James,Thompson,roger61@example.net,Australia,2025-05-22
7819,Sean,Williams,mirandaricardo@example.org,UK,2026-06-13
7820,Rebecca,Allen,seanmullins@example.com,USA,2025-10-14
7821,Erin,White,melvin54@example.com,Canada,2024-12-23
7822,Eric,Johnson,marksveronica@example.net,Canada,2026-05-24
7823,Dana,Ritter,kelsey22@example.net,Canada,2024-09-01
7824,Felicia,Chavez,robinsonjohnny@example.com,USA,2025-07-31
7825,Alicia,Logan,olarsen@example.org,USA,2025-11-03
7826,Karen,Beasley,rossadam@example.net,UK,2025-12-25
7827,John,Fowler,bfreeman@example.net,Australia,2025-08-18
7828,Timothy,Cox,bonnie77@example.org,Canada,2025-10-27
7829,Rhonda,Stewart,jeremycook@example.org,USA,2025-02-21
7830,Victor,Cordova,lopezamanda@example.net,Canada,2025-05-31
7831,Susan,Harrington,nguyenbrooke@example.com,Canada,2025-09-04
7832,Stephen,Gill,stevenrodgers@example.net,Canada,2023-12-31
7833,Julia,Valenzuela,zjacobs@example.org,Canada,2024-06-23
7834,Barry,Andrews,eric42@example.com,UK,2024-08-15
7835,Darrell,Cole,rachaelgriffin@example.org,Canada,2023-11-16
7836,Melissa,Steele,brownsean@example.net,USA,2024-08-17
7837,Heather,Gibson,timothy51@example.org,USA,2026-04-23
7838,Shawn,Torres,jorge99@example.net,USA,2025-04-30
7839,Brad,Fletcher,haynestracy@example.com,Canada,2025-03-13
7840,Megan,Dawson,younglisa@example.com,UK,2026-08-04
7841,Barbara,Taylor,goodalec@example.org,,2024-04-23
7842,David,Ferguson,chanjasmine@example.net,Canada,2023-09-11
7843,Lisa,Jensen,brianlarsen@example.net,Canada,2026-06-20
7844,Sharon,Lee,joseph13@example.com,USA,2025-11-05
7845,Daniel,Huynh,laura04@example.net,UK,2026-05-03
7846,Courtney,Mccann,wiseamber@example.net,USA,2024-09-25
7847,Melanie,Knight,devinthompson@example.net,UK,2024-01-14
7848,Martha,Fox,rebeccayoung@example.net,USA,2025-08-17
7849,Megan,Foster,sotorobert@example.org,Canada,2024-06-19
7850,Roy,Stevens,clozano@example.org,Canada,2025-04-07
7851,Melissa,Riley,amy70@example.com,Canada,2025-08-02
7852,Holly,Rush,qbradford@example.com,USA,2026-02-11
7853,Brenda,Wilson,christopher15@example.com,USA,2025-08-24
7854,Scott,Bonilla,matthew73@example.org,Canada,2025-11-06
7855,Victoria,Burgess,gtaylor@example.com,USA,2024-03-01
7856,Jeffrey,Anderson,zpennington@example.org,Canada,2025-02-03
7857,Rebecca,Watson,mcdanielmegan@example.org,Canada,2025-02-05
7858,Susan,Maddox,johngrimes@example.net,Canada,2024-06-08
7859,Justin,Chandler,orubio@example.net,Canada,2024-02-11
7860,Steven,Sherman,canderson@example.com,Canada,2023-12-20
7861,Ashley,Graves,mjohnson@example.net,Canada,2026-05-31
7862,Stephanie,Sellers,danielle74@example.org,Canada,2025-06-24
7863,Laura,Hall,mharrington@example.net,Canada,2025-02-08
7864,Ronald,Roberts,nkramer@example.org,,2025-05-02
7865,Kathryn,Castillo,perrysmith@example.org,Canada,2025-11-27
7866,Carla,Sloan,milleralexander@example.org,Australia,2025-01-31
7867,Jacqueline,Fernandez,braunapril@example.org,Canada,2025-11-01
7868,James,Fowler,matthewstodd@example.net,Canada,2023-10-13
7869,Rhonda,Lopez,quinnchristopher@example.org,Canada,2024-05-01
7870,Emily,Martin,deborah54@example.net,Canada,2025-09-20
7871,Jessica,Campbell,rhonda27@example.net,UK,2026-05-19
7872,Jenna,Copeland,justin77@example.org,Canada,2025-01-02
7873,Andrew,Schaefer,xcole@example.net,Australia,2025-11-16
7874,David,Smith,emartinez@example.com,UK,2025-06-19
7875,Amanda,Martin,jbennett@example.org,USA,2024-08-03
7876,Jennifer,Gates,rhondastephens@example.net,USA,2026-03-21
7877,Tristan,Johnson,thompsontonya@example.org,USA,2026-06-24
7878,Sherri,Villanueva,leslierocha@example.net,Canada,2026-01-01
7879,Daniel,Hamilton,johnsonsusan@example.com,USA,2024-02-25
7880,Jenna,Avila,franklinjames@example.com,Canada,2024-01-12
7881,Tammy,Romero,kelly72@example.net,Canada,2024-03-10
7882,Roberta,King,camachomichael@example.net,USA,2024-01-14
7883,Bradley,Sanchez,hartchad@example.org,USA,2025-02-20
7884,Debra,Hernandez,zrocha@example.net,UK,2024-11-23
7885,Rhonda,Guerrero,anthonymata@example.com,Canada,2024-02-23
7886,Julie,Williams,nancyalvarez@example.org,UK,2024-04-11
7887,Robert,Zamora,alyssa41@example.net,Canada,2025-06-04
7888,Oscar,Elliott,hawkinslisa@example.org,Canada,2025-07-05
7889,Aaron,Griffith,victoria65@example.org,Canada,2026-01-03
7890,Matthew,Knox,benjamin68@example.com,Canada,2025-11-25
7891,Michael,Drake,heatherbrown@example.org,Canada,2023-10-12
7892,Steven,Lin,mzimmerman@example.net,USA,2025-01-22
7893,Donald,Sheppard,thomas50@example.org,UK,2026-05-14
7894,Matthew,Wright,batesolivia@example.org,Canada,2026-07-07
7895,Gary,Adams,erica95@example.com,USA,2025-07-07
7896,John,Smith,amy54@example.com,UK,2025-01-17
7897,Scott,Young,falexander@example.net,USA,2024-03-18
7898,Alex,Wallace,russellamy@example.com,USA,2024-12-01
7899,Richard,Webb,alexander90@example.com,Canada,2024-04-06
7900,Jennifer,Jackson,porterjoshua@example.org,UK,2024-04-16
7901,Casey,Walters,kevin02@example.net,USA,2023-11-17
7902,Sherry,Cox,andrew58@example.com,Canada,2025-04-27
7903,Chad,Fowler,lindseymedina@example.com,Canada,2025-10-11
7904,Austin,Anderson,theresaorr@example.org,UK,2025-08-17
7905,Kerri,Humphrey,nlopez@example.org,Canada,2026-06-01
7906,Jill,Bell,peter07@example.org,Australia,2025-08-15
7907,Laura,Baker,ellen17@example.com,Canada,2025-06-16
7908,Christopher,Martin,beardarthur@example.net,USA,2026-02-10
7909,Mark,Harris,camposjohn@example.net,Canada,2025-05-31
7910,Randy,Miranda,hrogers@example.net,USA,2025-10-09
7911,Catherine,Ward,william53@example.com,UK,2025-05-30
7912,Elizabeth,Gamble,simmonsrobert@example.net,Canada,2023-10-08
7913,Richard,Miller,tmitchell@example.net,USA,2025-01-23
7914,Kylie,Miller,wmcknight@example.com,Canada,2024-07-08
7915,Steven,Woodard,cjohnson@example.net,Canada,2025-12-12
7916,Laura,Rojas,larrymoody@example.com,Canada,2024-06-27
7917,Sherry,Hall,melissamccarthy@example.com,USA,2023-11-20
7918,Susan,Barber,ronald27@example.com,Canada,2023-10-17
7919,Christopher,Day,zmartin@example.net,Canada,2025-05-01
7920,Christopher,Brown,david92@example.org,Canada,2023-10-10
7921,Mark,Sanders,hendersonkathleen@example.com,USA,2026-06-08
7922,Sara,Williams,kwalters@example.org,USA,2026-03-23
7923,John,Cook,zacharyharris@example.org,Canada,2024-04-26
7924,Christopher,Perkins,michaelmitchell@example.com,Canada,2026-06-07
7925,Gina,Shaw,julieeverett@example.com,Australia,2024-12-04
7926,Marc,Green,xmoon@example.org,Canada,2023-09-29
7927,Andrew,Hernandez,smithandrew@example.org,UK,2025-11-18
7928,Raymond,Sweeney,gcastro@example.net,UK,2025-03-04
7929,Richard,Scott,myersterri@example.com,USA,2025-09-21
7930,Kimberly,Reed,michellelynch@example.com,Canada,2026-06-10
7931,Evan,Brown,moorelisa@example.net,UK,2023-12-27
7932,Sue,Richardson,lmurphy@example.org,USA,2026-07-26
7933,Charles,Vargas,hmcgee@example.com,USA,2024-02-21
7934,Derek,Goodwin,jasonjohnson@example.net,Canada,2023-10-14
7935,Karen,Andrade,wilsonsteven@example.com,Canada,2024-07-25
7936,Andrew,Walker,hbaker@example.com,Canada,2025-11-13
7937,Albert,Kelley,codyanderson@example.org,USA,2024-04-22
7938,Melissa,Nash,josephjimenez@example.org,USA,2023-12-12
7939,Tracy,Jones,francotammy@example.org,Canada,2024-12-29
7940,Daniel,Rodriguez,ann66@example.net,USA,2025-09-11
7941,Anita,Ellison,chelseagibson@example.org,Canada,2026-07-01
7942,David,Rice,moorealicia@example.net,USA,2025-07-06
7943,Megan,Galloway,paigerichardson@example.com,UK,2025-08-09
7944,Tonya,Jones,sandovalemily@example.net,Canada,2026-01-24
7945,Jose,Rhodes,david35@example.net,Canada,2024-09-25
7946,Sherry,Miller,kdiaz@example.net,Canada,2025-02-06
7947,Matthew,Mccarty,tara59@example.net,USA,2023-12-09
7948,Lawrence,Townsend,smithbenjamin@example.org,USA,2025-02-24
7949,Elizabeth,Smith,vjones@example.net,Australia,2024-12-04
7950,Melanie,Dunlap,thomassamantha@example.org,Canada,2023-09-28
7951,Richard,Washington,fgomez@example.org,Australia,2026-05-02
7952,Alicia,Arnold,kevin55@example.net,Canada,2024-12-09
7953,Janet,Reyes,ianwilliamson@example.net,USA,2025-07-27
7954,Lindsay,Campbell,stevensandrew@example.com,Canada,2025-02-17
7955,Caroline,Thomas,helenstokes@example.com,UK,2025-11-25
7956,Mary,Owens,whitakerjohn@example.net,USA,2025-07-30
7957,Donald,Allen,staceychen@example.net,USA,2025-08-21
7958,Donna,Cook,owalter@example.org,UK,2023-10-20
7959,Steven,Johnson,adriana07@example.com,Canada,2024-01-11
7960,Nancy,Rich,matthew82@example.com,Canada,2026-03-02
7961,Kurt,Hansen,heatherfoster@example.org,UK,2026-03-28
7962,Matthew,Coleman,kevinclark@example.org,Canada,2026-05-05
7963,Erin,Taylor,melodyjones@example.com,Canada,2024-05-29
7964,Timothy,Pennington,wrightbrian@example.net,USA,2026-07-28
7965,Jodi,Nolan,weaverheather@example.org,USA,2024-04-10
7966,Troy,Kirk,holtandrew@example.com,Canada,2024-04-15
7967,Barry,Gallagher,rothbriana@example.org,Canada,2026-02-05
7968,Blake,Carpenter,dterry@example.net,Canada,2025-03-23
7969,Timothy,Frye,elizabeth65@example.com,Canada,2025-03-15
7970,Kevin,Martin,melissagonzales@example.net,UK,2024-09-10
7971,Matthew,Steele,larry29@example.org,Australia,2025-02-13
7972,Matthew,Miller,dwayneward@example.net,USA,2024-11-10
7973,Scott,Lynch,michelehines@example.org,Canada,2023-11-28
7974,Paul,Austin,gregg81@example.com,UK,2025-06-19
7975,Shannon,Barker,juliesimon@example.net,USA,2024-04-21
7976,Louis,Ibarra,hdean@example.org,Canada,2024-05-25
7977,Kelly,Sanchez,ndawson@example.com,Australia,2024-01-29
7978,Jeremy,Jones,wmorgan@example.org,USA,2024-04-17
7979,Steven,Welch,pmcgrath@example.com,USA,2024-04-16
7980,Morgan,Love,iflores@example.com,USA,2025-03-02
7981,Shawn,Lara,kevin69@example.net,Canada,2026-08-08
7982,Michael,Walsh,brobinson@example.net,Canada,2024-05-16
7983,Travis,Dixon,yvonne14@example.net,USA,2025-12-16
7984,Heather,Day,sherylwarren@example.net,Canada,2024-03-27
7985,Amanda,Ortiz,stevensandrew@example.com,Canada,2023-11-16
7986,Sarah,Reed,michael10@example.com,USA,2026-06-07
7987,Lindsay,Garrett,hartrichard@example.net,USA,2026-04-04
7988,Nicole,Miller,browncharles@example.net,USA,2024-12-14
7989,David,Bryant,colonjessica@example.com,USA,2025-02-27
7990,Darlene,Kelly,qjackson@example.org,UK,2023-10-27
7991,Brandon,Fowler,stricklandrichard@example.com,USA,2024-11-21
7992,Alex,Baker,kathryn68@example.org,Canada,2025-11-03
7993,Kimberly,Jacobs,jennifer19@example.net,Canada,2023-08-23
7994,David,Wright,cmccarthy@example.net,Canada,2025-01-22
7995,John,Peterson,idiaz@example.org,Canada,2026-06-15
7996,John,Johnson,michellehicks@example.net,Canada,2025-12-05
7997,Dana,Nguyen,stephanie31@example.com,Canada,2024-01-19
7998,Sierra,Mclaughlin,mary63@example.org,USA,2026-01-04
7999,Alicia,Hughes,psavage@example.org,UK,2025-05-03
8000,Troy,Ayers,michaelfleming@example.com,Canada,2026-05-28
8001,Michael,Lopez,walkercody@example.com,USA,2024-07-07
8002,Scott,Haley,glee@example.org,USA,2024-09-17
8003,Meghan,Smith,joshua07@example.com,Canada,2024-05-26
8004,Nicole,Rodriguez,oholt@example.net,Australia,2024-06-12
8005,Robert,Vaughn,christopherrich@example.org,USA,2025-11-25
8006,Juan,Santos,xrivas@example.org,Canada,2026-02-04
8007,Scott,Patel,jessica58@example.com,USA,2024-08-16
8008,Kevin,Thompson,scottwebb@example.com,Canada,2025-09-11
8009,David,Spencer,hendersonryan@example.com,USA,2024-01-07
8010,Gregory,Garza,jonathan45@example.org,canada,2025-10-10
8011,Brianna,Sullivan,jphillips@example.org,UK,2025-11-01
8012,Alan,Chang,alexisclark@example.com,Canada,2024-07-10
8013,Mary,Burns,vegaapril@example.org,USA,2024-08-19
8014,Nancy,Osborn,jacob37@example.org,Canada,2024-08-26
8015,Haley,Cunningham,tmartinez@example.net,USA,2024-11-23
8016,Christine,Hicks,gabrielhurst@example.org,USA,2024-08-24
8017,Jack,Mcpherson,qvilla@example.net,USA,2024-10-28
8018,Beth,Lee,travis13@example.com,USA,2026-04-19
8019,Matthew,Macias,ichandler@example.org,USA,2024-03-08
8020,Christopher,Vega,tiffanysolomon@example.org,UK,2025-11-03
8021,Alexander,Hernandez,dean03@example.org,USA,2025-09-02
8022,Amy,Davidson,nathan35@example.org,UK,2026-01-08
8023,David,Edwards,mallen@example.com,UK,2024-10-08
8024,Ariel,Bowman,richardmorgan@example.com,Canada,2025-10-30
8025,Samantha,Jensen,uweaver@example.net,Canada,2023-12-25
8026,Jeffrey,Schneider,kelly55@example.org,Canada,2025-09-23
8027,Candace,Jimenez,travisstewart@example.com,UK,2026-04-03
8028,Eric,Clark,arodriguez@example.com,Canada,2024-04-29
8029,Lisa,Lopez,morrisonconnor@example.com,USA,2025-10-31
8030,Nicholas,Jackson,wbryant@example.com,UK,2025-09-02
8031,Jonathon,Berry,glasssarah@example.com,Canada,2026-04-16
8032,Sherry,Patterson,vanessa65@example.org,USA,2026-07-28
8033,Sarah,Coleman,theresa07@example.com,Canada,2026-01-18
8034,Michael,Gonzalez,jorgediaz@example.org,Canada,2026-02-07
8035,Javier,Turner,robert51@example.com,USA,2025-09-18
8036,Eric,Bush,meghanwheeler@example.com,Canada,2025-02-05
8037,Benjamin,Bradley,vortiz@example.com,Canada,2025-08-25
8038,Ryan,Jackson,jerrymorse@example.com,UK,2023-12-06
8039,Patrick,Lindsey,vperkins@example.org,Canada,2025-03-02
8040,Edward,Chambers,aguirredawn@example.org,Australia,2026-06-01
8041,Stephanie,Molina,christiestone@example.org,Australia,2023-11-22
8042,Jessica,Miles,qwest@example.com,Canada,2025-12-22
8043,Shane,Hatfield,agonzalez@example.com,Canada,2023-10-30
8044,Christopher,Davis,john18@example.org,USA,2024-10-26
8045,Carrie,Mcmahon,gordonkathryn@example.net,USA,2023-10-23
8046,Daniel,Perez,badams@example.com,Canada,2025-11-22
8047,Chris,Brown,jennifer98@example.net,USA,2024-08-04
8048,Kristina,Bradford,yroberts@example.org,Canada,2024-07-28
8049,Donald,Wallace,phillipschristopher@example.org,UK,2026-02-21
8050,Alexandria,Murphy,debrajohnson@example.org,Canada,2023-10-15
8051,Joe,Chavez,jeffrey18@example.net,Canada,2026-08-01
8052,Benjamin,Collins,jonathanjohnson@example.org,Canada,2026-04-22
8053,Tabitha,Weaver,jordan99@example.net,Australia,2026-01-11
8054,Danielle,Santana,ohampton@example.org,USA,2025-08-05
8055,Brian,Jones,dkim@example.com,UK,2026-06-04
8056,Kim,Mclaughlin,margaret79@example.org,Canada,2026-07-22
8057,Marco,Lambert,vnelson@example.net,Canada,2025-03-22
8058,Jeffrey,Ward,lindsey87@example.com,Canada,2026-06-26
8059,Elizabeth,Medina,wcampbell@example.net,USA,2025-09-20
8060,Justin,Ewing,hernandezjuan@example.com,USA,2023-09-29
8061,Carrie,Day,zwilliams@example.org,USA,2025-01-11
8062,Jeremiah,Taylor,jennifer36@example.org,,2023-12-21
8063,Meghan,Downs,ubrown@example.com,Australia,2023-12-12
8064,Megan,Martin,tyler54@example.net,Canada,2025-02-12
8065,Bradley,Owen,hscott@example.com,Australia,2024-10-06
8066,Chelsea,Robertson,richard01@example.com,Canada,2026-01-21
8067,Wesley,Spencer,ygibson@example.com,USA,2025-03-21
8068,Mason,Quinn,christine53@example.net,Canada,2024-04-07
8069,Jeremy,Myers,baxterashley@example.org,Canada,2024-01-06
8070,Jessica,Wright,ojoyce@example.com,USA,2025-10-20
8071,Natasha,Leon,tracey36@example.net,Canada,2024-03-27
8072,Jill,Smith,shannonmcdonald@example.net,Canada,2024-12-08
8073,Amanda,Stephens,zmitchell@example.org,USA,2025-09-16
8074,Benjamin,Copeland,kevin65@example.com,USA,2024-10-22
8075,Hannah,Curry,peterhester@example.net,UK,2025-08-22
8076,Daniel,Hendricks,lauracochran@example.org,Canada,2024-04-09
8077,Brian,Mitchell,collinhall@example.net,USA,2025-11-20
8078,Tammy,Dunn,rebeccaturner@example.net,USA,2024-12-22
8079,Sharon,Mclaughlin,wsharp@example.org,Canada,2024-02-29
8080,James,Ingram,jodysoto@example.net,USA,2025-11-06
8081,Carla,Miller,brittanyfrazier@example.org,Canada,2025-06-30
8082,Pamela,Jones,scottmanning@example.com,Canada,2026-04-16
8083,Nicole,Reeves,brandon74@example.net,Canada,2025-07-21
8084,Sara,Miller,cassandraryan@example.org,Canada,2026-04-04
8085,Robert,Henderson,cindy82@example.com,USA,2025-04-27
8086,Christopher,Dunn,kleinjeffery@example.org,USA,2025-04-29
8087,Maria,Hardin,mburgess@example.net,Australia,2024-11-07
8088,Kevin,Mcmahon,victor61@example.net,USA,2024-07-03
8089,Michael,Barrera,escobarjennifer@example.net,Canada,2023-12-18
8090,Daniel,Jones,nlyons@example.net,UK,2024-07-03
8091,Rachael,Lindsey,frankyoung@example.net,UK,2025-07-01
8092,Julia,Riley,jennifer89@example.org,Canada,2025-07-28
8093,Dylan,Brown,forbesanita@example.net,USA,2025-09-14
8094,Samantha,Castillo,dylansalinas@example.net,Australia,2026-04-28
8095,Melissa,Rangel,vevans@example.com,USA,2025-03-12
8096,Lauren,Davis,joseph08@example.net,UK,2024-03-31
8097,Kathleen,Adams,matthewtucker@example.org,Canada,2024-06-09
8098,Katherine,Davis,jmason@example.com,Canada,2025-01-24
8099,Victor,Moore,williambowman@example.org,Canada,2023-10-21
8100,Cameron,Gonzales,harperclayton@example.com,USA,2025-07-24
8101,Joanne,Wallace,sarahallen@example.com,UK,2026-05-04
8102,Anthony,Burgess,tonyaturner@example.com,Australia,2023-10-11
8103,Catherine,Price,brownnicholas@example.org,Canada,2024-11-28
8104,Ann,Campbell,bautistataylor@example.com,Canada,2026-01-01
8105,Mary,Mccall,emiller@example.com,UK,2025-07-16
8106,Samuel,Lopez,bmartinez@example.com,USA,2024-02-24
8107,Brenda,Richardson,brownclayton@example.com,Canada,2023-10-30
8108,Jennifer,Rose,mauricevargas@example.org,USA,2024-04-09
8109,Paul,Davis,kgutierrez@example.com,USA,2026-04-30
8110,Luis,Hernandez,gallowaykyle@example.com,USA,2026-06-19
8111,Madison,Hill,brooksbradley@example.com,USA,2025-07-26
8112,Brenda,Cook,wellssabrina@example.com,Canada,2024-01-06
8113,Brandon,Campbell,marypreston@example.com,Australia,2025-04-25
8114,Lydia,Rivera,paulmartin@example.net,USA,2025-03-16
8115,Jonathan,Wilson,erikamorris@example.net,Canada,2023-10-20
8116,Gregory,Nielsen,lewiskaitlin@example.org,Canada,2023-09-21
8117,John,Lewis,jamesballard@example.org,USA,2024-12-12
8118,Taylor,Caldwell,thomas08@example.net,Canada,2024-03-30
8119,William,Long,bakeroscar@example.com,Canada,2024-04-24
8120,Mary,Robinson,brenda18@example.net,USA,2024-02-03
8121,Kyle,Reed,shaun46@example.net,Canada,2024-07-10
8122,Jesse,Mayo,nelsonallen@example.org,USA,2025-08-21
8123,Megan,Miles,masonmichael@example.net,Canada,2026-08-06
8124,Joel,Smith,jmartinez@example.com,USA,2026-06-29
8125,Amanda,Johnson,cheryl94@example.org,Canada,2024-12-19
8126,James,Lewis,lisadavenport@example.org,Canada,2025-09-24
8127,Parker,Heath,matthew85@example.net,Canada,2023-10-25
8128,Eric,Taylor,brooksamy@example.com,Australia,2025-11-26
8129,Stephanie,Craig,shannonwood@example.org,UK,2026-03-19
8130,Stephanie,Paul,inguyen@example.org,Canada,2025-09-08
8131,Natalie,Wheeler,ryan20@example.org,,2025-10-30
8132,Billy,Chavez,joshuasmith@example.com,USA,2026-01-01
8133,Laurie,Pearson,garciaanthony@example.net,Australia,2026-01-19
8134,Jeffrey,Rodriguez,ttrujillo@example.net,Canada,2025-10-25
8135,Russell,Thompson,michael39@example.com,USA,2026-03-25
8136,Luke,Garcia,david86@example.org,Canada,2026-01-10
8137,Savannah,Moore,hurstdanielle@example.org,Canada,2023-09-27
8138,Lawrence,Gonzalez,melissa18@example.org,Australia,2024-09-01
8139,Danielle,Lopez,rbenton@example.org,USA,2026-07-26
8140,Alyssa,Henry,hmcgrath@example.net,Canada,2024-06-03
8141,Derek,Perez,fullersharon@example.org,Canada,2025-10-05
8142,Ernest,Hamilton,danielturner@example.org,USA,2026-04-03
8143,Jenna,Phillips,tbowen@example.com,USA,2026-04-07
8144,Travis,Santos,toddhowell@example.net,Canada,2025-12-31
8145,Lisa,Rosales,adamwood@example.org,Australia,2026-02-23
8146,Lauren,Yang,qsmith@example.com,Canada,2026-03-29
8147,Jacob,Singh,robertsjohn@example.com,Canada,2025-04-21
8148,Michael,Bradley,hannahblack@example.com,,2024-07-06
8149,John,Vasquez,danielbaker@example.org,Canada,2024-01-25
8150,Andrew,Baird,gardnerkrystal@example.org,Canada,2024-04-21
8151,Christopher,Wilson,alexander55@example.net,USA,2025-01-16
8152,Laura,Jackson,qescobar@example.net,UK,2024-07-21
8153,Jill,Roberts,cookkevin@example.com,Canada,2026-06-07
8154,Cynthia,Mendoza,patricia08@example.org,Australia,2026-04-29
8155,Angela,Rice,glasschristopher@example.com,USA,2025-08-06
8156,Bianca,Murphy,henrykylie@example.org,,2026-05-14
8157,David,James,matthew28@example.com,USA,2024-12-10
8158,April,Gutierrez,nthompson@example.org,Canada,2024-03-27
8159,Jeffrey,Moore,timothycollins@example.com,Canada,2024-05-10
8160,Nicole,Woods,anthony65@example.com,USA,2025-04-15
8161,Christina,Baker,martinjennifer@example.org,Australia,2024-01-01
8162,William,Gordon,jennifer05@example.net,Canada,2025-09-07
8163,Christopher,Young,thomasfreeman@example.com,Canada,2026-05-08
8164,Brandon,Berry,tyler18@example.net,canada,2025-12-20
8165,Stacey,Jones,margaretthomas@example.org,Canada,2024-11-09
8166,Nicole,Bowen,ndavis@example.com,Canada,2024-06-02
8167,Jaime,Cummings,xbrown@example.com,Canada,2024-08-08
8168,Kari,Christensen,olee@example.net,USA,2023-12-31
8169,Joseph,Bond,steven71@example.net,Canada,2023-10-22
8170,Shannon,King,douglasstanley@example.org,Canada,2025-06-30
8171,Roy,Ward,jacqueline41@example.net,UK,2023-08-22
8172,Katherine,Knapp,qramirez@example.com,UK,2024-06-18
8173,Robert,Gates,wendysmith@example.com,USA,2026-04-02
8174,Tonya,Alvarez,robertbradford@example.org,Canada,2024-10-04
8175,Stacy,Simpson,coreylong@example.org,USA,2025-02-18
8176,Deborah,Brown,alyssa04@example.org,Canada,2025-12-14
8177,Nicole,Leblanc,probinson@example.org,Canada,2023-10-15
8178,Richard,Watts,qcampbell@example.net,USA,2024-07-06
8179,James,Long,markthomas@example.com,Canada,2023-09-08
8180,John,Williams,xballard@example.org,Canada,2025-06-28
8181,Kathy,Parks,josephbautista@example.net,Canada,2026-04-07
8182,Peter,Alvarez,michaeloliver@example.com,Canada,2026-03-30
8183,Frank,Garcia,kelly62@example.com,Canada,2025-01-01
8184,Christopher,Fox,sarahnavarro@example.org,Australia,2023-11-28
8185,Ryan,Aguilar,ohughes@example.org,Canada,2026-01-06
8186,David,Doyle,cbanks@example.com,canada,2025-05-29
8187,Lisa,Evans,lmendoza@example.org,Canada,2025-12-10
8188,Matthew,Snow,ysimon@example.net,Australia,2025-12-29
8189,Stephen,Garcia,ztaylor@example.org,USA,2026-01-06
8190,Joshua,Johnston,mullinsjeffrey@example.org,Canada,2026-08-08
8191,Bridget,Gould,jaredrobinson@example.net,canada,2025-04-21
8192,Nancy,Wells,qfischer@example.net,Canada,2024-09-25
8193,Robert,Howell,rodriguezstacy@example.net,Canada,2026-05-01
8194,Dale,Cruz,kday@example.net,Canada,2025-01-26
8195,Jeffrey,Singh,mcfarlandmichael@example.net,Canada,2026-01-11
8196,Dana,Ford,kevin68@example.com,Canada,2026-01-20
8197,Aaron,Oliver,qjensen@example.com,USA,2025-11-29
8198,Kathryn,Vargas,melissaross@example.net,Canada,2023-12-08
8199,Melissa,Lin,stephensashley@example.org,USA,2025-05-07
8200,Amber,Macias,deborahmacias@example.net,Canada,2025-11-14
8201,Shawn,Patterson,xcruz@example.org,Canada,2025-01-23
8202,Richard,Smith,award@example.com,Canada,2023-08-31
8203,Angelica,Wilson,stephaniehall@example.net,Australia,2025-05-11
8204,Connor,Stevens,laurabrewer@example.org,Canada,2026-01-26
8205,Patricia,Harrison,gallowaytimothy@example.net,USA,2026-05-26
8206,Diane,Barber,hmartinez@example.org,Canada,2024-10-04
8207,Jasmin,Perry,billy28@example.net,Canada,2023-08-26
8208,Pamela,Hoffman,georgemaynard@example.net,Canada,2024-07-16
8209,Mary,Hamilton,enguyen@example.net,Canada,2026-02-14
8210,Anna,Sanders,melindakelly@example.com,Canada,2026-01-30
8211,Kenneth,Robinson,jamesduncan@example.org,Canada,2026-08-06
8212,Emily,Boyd,deanjennifer@example.org,USA,2025-12-17
8213,Pamela,Jones,kmiranda@example.net,Canada,2024-09-25
8214,Sean,Macias,seanmassey@example.net,USA,2025-04-18
8215,Jose,Brown,ujohnson@example.com,Canada,2025-01-16
8216,Brandon,Oliver,yadams@example.net,USA,2024-08-14
8217,Donald,Sampson,qlove@example.com,USA,2023-12-21
8218,Cassandra,Giles,cortiz@example.com,Canada,2024-05-02
8219,Jennifer,Barber,johnsonchristian@example.com,Canada,2025-05-06
8220,Terry,Reyes,williamsethan@example.org,USA,2025-08-01
8221,John,Graves,kendra38@example.org,UK,2024-01-18
8222,Matthew,White,morrisoncraig@example.com,Canada,2026-07-22
8223,Diamond,Morales,hernandeznicole@example.org,Canada,2024-02-23
8224,Jonathan,Li,raydaniel@example.org,UK,2025-05-06
8225,Richard,Green,markedwards@example.com,Canada,2025-12-19
8226,Luis,Moran,robertcharles@example.com,USA,2023-09-19
8227,Carol,Golden,nhernandez@example.com,Canada,2024-10-01
8228,Teresa,Hernandez,jennifergarcia@example.net,Canada,2024-03-24
8229,Alejandro,Garcia,lisadixon@example.com,USA,2026-06-18
8230,Barbara,Roberts,greenebrandi@example.org,USA,2024-11-18
8231,Barbara,Harmon,arnolddavid@example.com,Canada,2023-11-08
8232,Jonathan,Lane,gdavis@example.org,USA,2025-08-13
8233,Jon,Fernandez,mcdowellpaul@example.net,USA,2026-05-03
8234,Stuart,Edwards,lopezcraig@example.net,USA,2026-01-17
8235,Laura,Webb,rogerssuzanne@example.net,Canada,2025-11-13
8236,Marvin,Ball,jason42@example.net,USA,2024-12-28
8237,Stephanie,Hall,ydennis@example.com,USA,2024-03-31
8238,Sherry,Smith,kingchristopher@example.net,USA,2026-07-02
8239,James,Delgado,pdaniel@example.net,USA,2026-04-19
8240,Cynthia,Martinez,carsonkathy@example.org,Canada,2026-01-30
8241,Sarah,Johnson,ydiaz@example.org,USA,2025-09-23
8242,Heather,Mcmillan,anna81@example.net,USA,2024-04-29
8243,Michele,Merritt,nolansamuel@example.com,Canada,2024-10-29
8244,Leslie,Hurst,garystewart@example.net,Canada,2025-07-10
8245,Daniel,Andrade,bryantjames@example.org,Canada,2024-03-03
8246,Jeremy,Wilson,jarmstrong@example.com,USA,2026-08-01
8247,Lisa,Graves,fordbrandon@example.com,Canada,2025-07-19
8248,James,Johnson,renee84@example.org,USA,2026-03-17
8249,Eric,Clark,myersmary@example.com,UK,2026-01-25
8250,Jose,Perez,patrickhiggins@example.org,USA,2026-05-18
8251,Michele,Donovan,sarah89@example.org,Australia,2024-01-13
8252,William,Williams,duanehubbard@example.org,Australia,2026-04-10
8253,Anthony,Contreras,robinsonwhitney@example.com,Canada,2026-07-22
8254,Tyler,Harvey,austintaylor@example.com,USA,2024-03-14
8255,Joshua,Martinez,margaret97@example.net,Canada,2025-09-09
8256,Dustin,Dennis,amy79@example.net,UK,2024-05-13
8257,Nicolas,Golden,thomascoleman@example.net,Canada,2025-10-15
8258,Amanda,Alexander,xosborne@example.net,Australia,2024-10-24
8259,Robin,Davis,gaysarah@example.net,USA,2026-02-27
8260,Michael,Stewart,nicolegarcia@example.net,USA,2026-02-09
8261,Katherine,Lewis,vgates@example.com,Canada,2026-01-25
8262,Thomas,Spencer,christina13@example.com,Canada,2023-11-09
8263,Wendy,Calderon,crystalcohen@example.net,USA,2023-11-03
8264,Joseph,Rosales,courtney47@example.net,Canada,2024-11-02
8265,Haley,Howard,bradley85@example.com,UK,2024-06-03
8266,Zachary,Rogers,hughesbrent@example.org,Canada,2025-05-18
8267,Amy,Robertson,christy84@example.com,USA,2026-03-04
8268,Randall,Thomas,criley@example.net,Canada,2025-07-18
8269,Caitlin,Williams,danielknight@example.net,USA,2025-06-28
8270,Jacob,Smith,mmarshall@example.org,USA,2025-03-28
8271,Paula,Koch,jerry29@example.org,Canada,2024-04-04
8272,Stephanie,Salinas,wcole@example.org,Canada,2025-05-01
8273,Beth,Gomez,craig27@example.net,Canada,2025-07-14
8274,Kristin,Thomas,samanthataylor@example.com,USA,2025-03-13
8275,Ann,Harrington,torreschristian@example.org,USA,2025-02-04
8276,Gregory,Davis,davismary@example.com,USA,2024-07-16
8277,Joseph,Holland,alexis46@example.net,USA,2023-11-10
8278,Erika,Jones,beardtroy@example.org,Canada,2026-04-23
8279,Todd,Carpenter,nhall@example.net,Canada,2025-07-13
8280,Shelby,Thornton,msmith@example.com,Canada,2024-02-26
8281,Kyle,Sanchez,shelleykramer@example.org,Canada,2024-06-28
8282,Sandra,Garcia,wallacematthew@example.com,Australia,2026-07-12
8283,Victoria,Wilkerson,rachelavila@example.org,UK,2024-11-02
8284,Joshua,Diaz,millercarol@example.com,Canada,2024-05-09
8285,Rhonda,Rice,bherrera@example.com,USA,2025-01-04
8286,Michael,Carter,patrickclark@example.org,UK,2023-09-29
8287,Justin,Manning,wromero@example.org,Canada,2023-11-23
8288,Brandi,Lane,wattsthomas@example.org,canada,2023-11-03
8289,Kevin,Rodriguez,dandrade@example.net,Canada,2025-10-03
8290,Thomas,Underwood,josephprice@example.net,USA,2025-12-24
8291,Christopher,Costa,vramirez@example.org,Australia,2025-02-28
8292,Zachary,Thompson,kimchen@example.net,USA,2024-11-14
8293,Ashley,York,terri77@example.org,Canada,2026-06-27
8294,John,Moore,cassandrabanks@example.org,Canada,2024-04-30
8295,Kevin,Smith,zjones@example.net,USA,2025-06-25
8296,Keith,Smith,jchapman@example.com,UK,2024-05-24
8297,Nathan,Bradshaw,qwilliamson@example.net,USA,2024-02-22
8298,Christopher,Chase,gdoyle@example.org,USA,2024-06-20
8299,Jeffrey,Malone,moorematthew@example.org,Canada,2024-03-12
8300,Michelle,Jackson,bnelson@example.org,UK,2024-07-15
8301,Kenneth,Evans,daniel26@example.com,USA,2024-10-06
8302,Roberto,Pitts,scottkenneth@example.org,Canada,2026-04-11
8303,Anthony,Martin,yyoder@example.net,USA,2023-09-02
8304,Samantha,Rowe,charlesrobinson@example.net,Canada,2025-01-29
8305,Allison,Ford,ybennett@example.net,Canada,2025-06-13
8306,Jeffrey,Kennedy,lbartlett@example.com,Canada,2025-12-14
8307,Gregory,Scott,yhicks@example.net,Canada,2023-11-09
8308,Meghan,Estrada,ytownsend@example.org,Canada,2024-01-15
8309,Jill,Thomas,mooremary@example.net,Canada,2025-06-23
8310,Mary,Murray,donna81@example.net,USA,2024-07-28
8311,Melissa,Russell,thompsonstephen@example.com,USA,2026-07-13
8312,Jennifer,Phillips,hansenthomas@example.org,Canada,2024-01-25
8313,Kylie,Zuniga,abigail06@example.org,Canada,2024-06-19
8314,Charles,Case,sabrina93@example.net,USA,2026-03-16
8315,Holly,Patton,estafford@example.org,Canada,2023-09-19
8316,Jose,Kelly,waynedaniel@example.net,Canada,2024-11-25
8317,Karen,Marshall,asmith@example.net,UK,2024-10-06
8318,Dillon,Smith,elizabethlee@example.org,USA,2025-02-10
8319,Anthony,Watson,emilyjones@example.com,UK,2025-04-04
8320,Mark,Hughes,sharonmurphy@example.org,USA,2024-09-25
8321,Sarah,Martin,collinsamy@example.net,Canada,2026-01-28
8322,Jeffery,Arnold,devin05@example.org,USA,2023-10-23
8323,Maria,Mccormick,oconnordawn@example.com,Canada,2023-09-04
8324,Angela,Williams,ashley43@example.net,Canada,2025-07-23
8325,Denise,Miller,frankarroyo@example.com,Canada,2023-10-22
8326,Daniel,Jenkins,qpowell@example.org,UK,2024-02-14
8327,Amber,Contreras,aliciaphelps@example.com,Canada,2025-06-25
8328,Catherine,Barr,ldalton@example.net,UK,2026-03-13
8329,Margaret,Olson,blevinssavannah@example.com,UK,2026-08-12
8330,Emma,Tran,tammypratt@example.net,USA,2025-12-25
8331,Leslie,Grant,stacyprice@example.net,USA,2026-03-08
8332,Kevin,Garza,steven43@example.org,USA,2024-05-03
8333,Dawn,Jordan,xkelley@example.com,UK,2026-01-28
8334,Laurie,Hamilton,rodriguezmark@example.com,Canada,2024-11-01
8335,Deanna,Shannon,carlsonpatrick@example.net,USA,2023-10-24
8336,Samuel,Snyder,wbutler@example.net,USA,2026-07-22
8337,Thomas,Gardner,scastaneda@example.net,Australia,2025-07-10
8338,Jeremy,Chavez,hernandezcarmen@example.net,USA,2025-10-11
8339,Dennis,Nixon,hharris@example.net,USA,2026-05-01
8340,Ronald,Tyler,randall52@example.org,USA,2025-01-23
8341,Nancy,Delgado,angela88@example.com,UK,2024-03-23
8342,Angela,Hart,megan80@example.net,USA,2024-10-24
8343,Alexandra,Rodriguez,nathaniel95@example.com,Canada,2026-06-25
8344,Lisa,Griffith,egonzalez@example.com,USA,2025-07-16
8345,Jennifer,Lane,hday@example.org,Australia,2024-09-01
8346,Roger,Lopez,martinezkristine@example.org,USA,2026-03-17
8347,Krista,Salas,flewis@example.com,UK,2025-10-09
8348,Kimberly,Campbell,xharris@example.net,Canada,2024-12-28
8349,Alexandra,Frazier,arichardson@example.com,USA,2026-08-05
8350,Victor,Ferguson,craigtimothy@example.org,USA,2024-06-08
8351,Bianca,Rodriguez,wbarton@example.org,UK,2023-11-25
8352,Todd,Barnes,lydiacampbell@example.com,Canada,2023-10-25
8353,Brendan,Wilson,mercadolisa@example.org,UK,2024-12-08
8354,Robert,Ali,xmartin@example.com,USA,2026-01-01
8355,William,Flowers,jasonpacheco@example.org,Canada,2024-10-10
8356,Jared,Vasquez,cunninghamlaura@example.org,Canada,2024-07-20
8357,Robert,Porter,websterpaige@example.org,Canada,2024-12-05
8358,Angela,Gilbert,robertmartinez@example.com,USA,2026-07-14
8359,Brenda,Little,ashaffer@example.org,Canada,2024-02-10
8360,Margaret,Daniels,gina41@example.com,Canada,2024-06-19
8361,Anthony,Jennings,bobby66@example.com,UK,2026-05-19
8362,Amy,Conway,johnsonmark@example.com,Canada,2025-09-21
8363,William,Ross,christine22@example.org,Canada,2026-03-27
8364,Tiffany,Smith,wmcintosh@example.net,USA,2025-09-04
8365,Rachel,Lucas,darlene44@example.org,USA,2025-07-21
8366,Christopher,Barrett,clarkjustin@example.org,USA,2023-08-23
8367,Nicholas,Quinn,lcharles@example.org,Canada,2026-05-31
8368,Anthony,Davenport,ebutler@example.net,USA,2026-01-05
8369,Susan,Lara,lloydcheryl@example.org,USA,2024-01-05
8370,Stephanie,Webb,joebaker@example.net,Canada,2024-08-31
8371,Jeremy,Khan,cassandra80@example.net,Canada,2025-11-13
8372,Crystal,Davis,rhoward@example.org,Canada,2026-02-18
8373,Robert,Russell,garymoyer@example.org,Canada,2025-04-08
8374,Michelle,Cohen,craighodge@example.net,USA,2025-09-25
8375,Angel,Duncan,mgreer@example.net,USA,2024-06-02
8376,Andrea,Orozco,nealrandy@example.net,Canada,2026-08-04
8377,Angelica,Green,vturner@example.com,Canada,2025-05-03
8378,Melissa,Schaefer,larry17@example.com,Canada,2024-10-07
8379,Melanie,Davis,olopez@example.org,USA,2026-08-08
8380,Joe,Boyle,alejandro97@example.com,Canada,2023-11-19
8381,Kathryn,Taylor,myersmelissa@example.net,USA,2025-10-04
8382,Teresa,Stevens,rcaldwell@example.org,Canada,2026-04-04
8383,Martin,Jones,harveymegan@example.net,USA,2024-04-12
8384,Erin,Morrison,matthew81@example.com,UK,2025-08-20
8385,Theodore,Lopez,burkejohn@example.com,Canada,2024-01-10
8386,Tracie,Miller,brenda52@example.com,USA,2024-04-27
8387,Christian,Pierce,abell@example.com,Australia,2026-05-29
8388,Jacob,Rodriguez,ubradshaw@example.org,Canada,2025-09-26
8389,Susan,Black,brownsheila@example.net,USA,2024-09-12
8390,Nicole,Mooney,erikbaker@example.org,Canada,2025-09-16
8391,Joseph,Moody,anthony66@example.org,USA,2026-03-12
8392,Ashley,Thompson,dennisliu@example.com,Canada,2026-02-13
8393,Jacqueline,Ramirez,mjones@example.net,Australia,2026-06-15
8394,Gary,Lara,haley14@example.org,USA,2024-03-02
8395,Charles,Wilson,wjackson@example.com,USA,2025-11-05
8396,Kimberly,Jones,brianlittle@example.net,USA,2024-11-17
8397,Lindsey,Hayes,foxsamantha@example.org,USA,2024-08-28
8398,Susan,Higgins,jatkins@example.com,Canada,2024-02-07
8399,Brian,Macdonald,steven36@example.com,UK,2025-05-06
8400,Nathaniel,Lopez,ujohnson@example.org,Australia,2026-01-03
8401,Timothy,Valdez,carolynlyons@example.net,USA,2024-12-05
8402,Barbara,Mcgee,mosleypamela@example.org,Australia,2025-10-28
8403,Douglas,Miller,timothywhite@example.com,USA,2025-10-23
8404,Patrick,Davis,fwhite@example.org,USA,2024-02-03
8405,Jessica,Miller,robertdavis@example.net,USA,2024-04-04
8406,Andrea,Flowers,durantamara@example.net,Canada,2023-11-24
8407,Jenna,Walsh,amandadecker@example.com,Canada,2026-03-03
8408,Kimberly,Owen,veronicabyrd@example.net,Canada,2026-04-13
8409,Brooke,Hall,fshort@example.org,USA,2025-05-27
8410,Douglas,Weaver,hvelasquez@example.com,Canada,2026-06-06
8411,Charles,Rocha,turnermelissa@example.net,Canada,2025-01-17
8412,Raymond,Mosley,smithsheena@example.net,Australia,2025-11-08
8413,Christina,Campbell,vwalter@example.org,Canada,2025-06-16
8414,Steven,Logan,nathanwilkinson@example.net,USA,2025-06-29
8415,Cameron,Sexton,melissa13@example.org,Canada,2026-03-23
8416,Steven,Wong,amanda51@example.net,,2024-09-18
8417,Juan,Jackson,jamiescott@example.org,USA,2024-10-03
8418,Angela,Hunter,laura10@example.net,USA,2025-03-19
8419,Edwin,Ochoa,adavis@example.net,USA,2025-08-19
8420,Joshua,Nguyen,morganmary@example.net,Canada,2025-06-04
8421,Karl,Holloway,hansenshane@example.org,USA,2026-02-10
8422,Matthew,Porter,vmcpherson@example.org,Canada,2026-06-23
8423,Katherine,Payne,ibauer@example.org,Canada,2024-09-28
8424,David,Ruiz,mortonjennifer@example.org,Canada,2026-03-07
8425,Elizabeth,Wilson,mhernandez@example.net,Canada,2025-05-06
8426,Kristine,Scott,robert31@example.com,Canada,2025-04-26
8427,Christopher,Novak,erica16@example.com,Canada,2025-06-27
8428,Jennifer,Smith,chenrebecca@example.com,Australia,2023-12-27
8429,Hannah,Roberts,johnjohnson@example.net,Canada,2026-07-03
8430,Cameron,Lang,wilsondenise@example.net,Canada,2026-07-07
8431,Michelle,Carter,evan67@example.org,Canada,2025-06-09
8432,Bryan,Espinoza,mallory73@example.net,USA,2025-05-18
8433,Kaylee,Mendoza,matthewvaldez@example.net,Canada,2024-04-01
8434,Jessica,Stuart,elizabeth51@example.org,UK,2024-03-18
8435,Chad,Baldwin,xnewton@example.com,Australia,2024-03-24
8436,John,Hill,michaelmartinez@example.net,Canada,2025-02-15
8437,Zachary,Lee,eburnett@example.com,USA,2026-01-11
8438,Kathleen,Parker,gchase@example.net,Canada,2025-04-14
8439,Joshua,Marshall,mclaughlinjennifer@example.com,USA,2024-08-02
8440,Juan,Kelly,kristinetrevino@example.org,Canada,2025-03-14
8441,Andrew,Harris,tony96@example.com,Canada,2025-11-11
8442,Heather,Conrad,aaron68@example.net,Canada,2025-05-31
8443,Kevin,Peterson,zacharysanders@example.org,USA,2023-08-27
8444,Connie,Tran,garciaelizabeth@example.net,Canada,2025-02-08
8445,Daniel,Lopez,jessicamora@example.org,Canada,2025-09-21
8446,Lisa,Burch,seth23@example.net,USA,2024-12-03
8447,David,Gross,gardnerrussell@example.net,canada,2023-12-18
8448,Melissa,Dunlap,dbyrd@example.net,UK,2024-11-16
8449,Marvin,Weaver,julie18@example.com,Canada,2023-10-11
8450,Dawn,Odonnell,michaelyoung@example.org,USA,2025-03-05
8451,Allison,Matthews,caleb32@example.org,USA,2026-08-03
8452,Lawrence,Russell,lorrainehall@example.com,Canada,2026-02-11
8453,Pamela,Smith,jeffreythomas@example.net,USA,2026-01-01
8454,Tyler,Berry,yvonnegarcia@example.net,Canada,2024-02-29
8455,Amanda,Jones,hessmarcus@example.org,Australia,2024-02-07
8456,Christopher,Smith,bakeryesenia@example.net,,2025-05-13
8457,Elizabeth,Erickson,ntaylor@example.org,USA,2025-05-30
8458,Stephen,Yang,gpowell@example.net,Canada,2024-08-25
8459,Joseph,Green,rlindsey@example.com,Australia,2025-02-26
8460,Cheryl,Green,tammyabbott@example.org,Canada,2024-05-20
8461,Sharon,Williams,nelsoncory@example.net,Australia,2024-11-07
8462,Nicole,Young,michaelmcgee@example.org,UK,2026-08-02
8463,Regina,Schultz,watkinsalexander@example.org,Canada,2023-12-19
8464,Derek,Cooper,freemanjennifer@example.org,UK,2025-03-30
8465,Jessica,Carter,paul66@example.net,Australia,2024-05-07
8466,Bradley,Johnson,katie37@example.org,Canada,2025-12-07
8467,Stephen,Richardson,joel35@example.com,canada,2025-11-12
8468,Ronnie,Martin,erinwilkerson@example.com,USA,2025-01-05
8469,Sandra,Hughes,carrkurt@example.net,Canada,2023-08-23
8470,Stephanie,Hardin,oscarobrien@example.com,Canada,2025-04-21
8471,Miguel,Evans,cindy40@example.org,Canada,2024-07-27
8472,William,Jacobs,arogers@example.net,Canada,2024-05-22
8473,Anna,Nelson,carla56@example.net,Canada,2025-09-28
8474,Ashlee,Owens,bward@example.org,Canada,2024-02-13
8475,Kelly,Williams,fischermark@example.org,UK,2025-06-23
8476,Nicole,Johnson,howardtimothy@example.org,USA,2025-06-02
8477,Lisa,Jackson,hernandezdaniel@example.org,Canada,2025-12-20
8478,Bobby,Turner,grant08@example.org,USA,2024-07-12
8479,Michelle,Miller,steven87@example.org,USA,2024-07-03
8480,Elizabeth,Allen,chernandez@example.net,Australia,2025-09-30
8481,Jeremiah,Snyder,peterjones@example.com,Canada,2025-01-14
8482,Becky,Palmer,jason52@example.com,Canada,2025-03-28
8483,Miranda,Stokes,cynthia99@example.com,Australia,2023-12-31
8484,Joseph,Montes,robertbrown@example.org,Australia,2025-04-13
8485,David,Mitchell,rollinswilliam@example.net,USA,2025-11-28
8486,Jessica,Simmons,debra44@example.net,USA,2024-02-07
8487,Julie,Blackwell,bradleyerica@example.net,Canada,2024-03-19
8488,Kimberly,Rivera,dberry@example.org,USA,2024-08-13
8489,Michael,Smith,parrishjames@example.com,Canada,2025-03-14
8490,Martin,Reed,penny29@example.com,Canada,2024-09-02
8491,Timothy,Mathis,thomas80@example.net,UK,2025-04-18
8492,Stacey,Sanders,reneebrown@example.org,Canada,2026-02-10
8493,Joel,Parker,whitemichael@example.com,USA,2025-07-17
8494,Erica,Martinez,gregory95@example.org,Australia,2024-05-11
8495,James,Johnston,tstephens@example.org,Canada,2024-02-07
8496,Curtis,Johnson,kenneth98@example.org,Australia,2025-07-10
8497,Martha,Maxwell,paul65@example.org,Australia,2026-05-11
8498,Cynthia,Lewis,bjenkins@example.org,USA,2024-07-26
8499,David,Bennett,brooksmarcus@example.com,Canada,2026-07-12
8500,Melissa,Andrews,michael43@example.com,Canada,2026-08-21
8501,Linda,Lee,charlesmoore@example.org,Canada,2025-10-17
8502,Angela,Wilson,robinsontracy@example.org,Canada,2026-06-04
8503,Tammy,Sexton,beasleystacey@example.net,Canada,2025-02-19
8504,Summer,Guzman,trevinohayley@example.net,Australia,2025-12-18
8505,Shawn,Smith,batkins@example.net,Canada,2025-08-15
8506,Kenneth,Gonzalez,sharonhamilton@example.org,USA,2025-06-06
8507,Jason,Roach,becktracy@example.com,Canada,2025-06-16
8508,Bradley,Kirk,brian43@example.net,USA,2024-04-30
8509,Nicholas,Howell,timothy38@example.com,UK,2024-05-19
8510,Leslie,Lewis,xthompson@example.net,Canada,2025-03-10
8511,Christopher,Sloan,elizabethwood@example.com,Canada,2025-05-08
8512,Eric,Smith,ianwalker@example.org,USA,2023-09-02
8513,Roberta,Franklin,zdouglas@example.org,USA,2026-03-05
8514,Travis,Romero,hannah55@example.org,USA,2024-09-03
8515,Connie,Davis,ycharles@example.org,Canada,2024-07-16
8516,Paul,Barnes,kevin67@example.com,Canada,2025-12-04
8517,Aaron,Scott,millerwalter@example.org,Australia,2025-07-14
8518,Guy,Camacho,christine35@example.net,Australia,2025-05-28
8519,Jonathan,Ashley,sherry42@example.com,USA,2024-02-02
8520,Matthew,Lewis,lfreeman@example.org,UK,2023-08-29
8521,Kimberly,Ramos,robert63@example.org,USA,2025-02-16
8522,Stephanie,Lee,amy91@example.net,Canada,2023-10-27
8523,Kathleen,Montoya,glassgary@example.org,Canada,2023-09-15
8524,Kristy,Lara,ymurray@example.org,Canada,2024-10-21
8525,Raymond,Beard,elizabeth57@example.net,USA,2025-01-20
8526,Kenneth,Davis,walter21@example.com,Canada,2026-07-23
8527,Gregory,Mccormick,kayla21@example.net,Canada,2025-07-03
8528,Brian,Harmon,toni78@example.net,USA,2025-04-30
8529,Stephanie,Miller,bcastillo@example.org,USA,2025-07-13
8530,Alicia,Phillips,chenpatrick@example.org,USA,2025-09-16
8531,Hailey,Martinez,christopher55@example.org,UK,2025-05-30
8532,John,Hubbard,patriciamorrison@example.net,Canada,2025-01-25
8533,Jeffrey,Morse,janetrandall@example.net,USA,2025-04-12
8534,Kara,Crawford,christina34@example.com,USA,2026-05-14
8535,Sherry,Price,lindaphillips@example.com,USA,2025-01-30
8536,Ashley,York,wrightchristopher@example.org,Canada,2026-06-27
8537,Nathan,Monroe,irwincolleen@example.org,Canada,2024-09-09
8538,Karla,Kelly,martinronald@example.net,UK,2025-04-27
8539,Robert,Johnson,jesseyoung@example.com,USA,2023-12-10
8540,John,Richards,geraldcortez@example.net,UK,2025-09-07
8541,Justin,Cole,christophermorales@example.net,USA,2023-12-12
8542,Lori,Wilkins,mariaramirez@example.org,USA,2026-03-10
8543,Jacob,Dixon,christian23@example.com,UK,2024-09-17
8544,Stephanie,Erickson,victoria51@example.com,USA,2025-12-01
8545,Jesse,Davidson,jonesmatthew@example.com,Canada,2026-02-28
8546,Stanley,Wood,mullennathan@example.net,USA,2023-11-10
8547,Peter,Compton,matthew17@example.org,UK,2025-12-27
8548,Paul,Moore,ryanmacdonald@example.com,Canada,2026-03-30
8549,Kevin,Webb,nicholethompson@example.net,Canada,2024-01-06
8550,Sydney,Pope,mark19@example.com,Canada,2025-10-03
8551,Logan,Cruz,natasha18@example.net,UK,2023-09-08
8552,Mathew,Foley,stonejessica@example.net,Canada,2025-11-05
8553,Linda,Ortega,kayla07@example.net,USA,2024-10-31
8554,Daniel,Austin,valenciachristina@example.net,Canada,2025-04-06
8555,Brittany,Murphy,perezdaniel@example.com,Canada,2023-09-15
8556,Meghan,Leblanc,estone@example.com,USA,2024-12-24
8557,Jose,Richards,hendersontodd@example.com,Canada,2026-04-13
8558,Ryan,Williams,zjordan@example.net,USA,2025-03-30
8559,David,Coleman,andrewsanford@example.com,USA,2024-01-28
8560,Zachary,Mcdonald,lindsey15@example.com,UK,2026-06-10
8561,Christopher,Richardson,rosskristen@example.net,Canada,2024-08-28
8562,Daniel,Tran,millererika@example.com,UK,2026-08-04
8563,Amanda,Gonzalez,hansenluke@example.net,USA,2024-05-24
8564,Paula,Lin,qbrooks@example.org,UK,2025-09-22
8565,Oscar,Stewart,taylorclifford@example.org,USA,2025-12-02
8566,Justin,Lopez,ncastro@example.net,USA,2025-12-22
8567,Patrick,Montgomery,odavis@example.net,UK,2025-07-17
8568,Lori,Marshall,rodriguezamy@example.com,UK,2024-09-06
8569,Connie,Jackson,nicole02@example.org,Canada,2025-03-13
8570,Sean,Villa,bradleymedina@example.com,Canada,2025-10-30
8571,Philip,Summers,aaron62@example.net,Canada,2026-05-19
8572,Douglas,Elliott,edwardnorman@example.net,Canada,2025-12-28
8573,Jennifer,Harris,ajackson@example.net,Canada,2025-05-02
8574,Melissa,Gonzalez,zanderson@example.org,Canada,2026-01-11
8575,Billy,Sanders,tara90@example.com,UK,2026-06-15
8576,Tyler,Richmond,stephenwade@example.com,Canada,2025-12-18
8577,Nicholas,Kramer,vaughankatrina@example.net,USA,2024-04-01
8578,Jennifer,Castro,anneblack@example.com,Canada,2026-05-29
8579,Brett,Hahn,lfreeman@example.com,Canada,2024-01-17
8580,Jennifer,Hubbard,pattersonstacey@example.org,Canada,2024-12-29
8581,Christina,Norman,johnsonkari@example.com,Canada,2024-01-29
8582,Garrett,Daniel,veronicalane@example.net,USA,2026-05-25
8583,Laura,Smith,ealvarez@example.com,UK,2025-08-22
8584,Patricia,Evans,traceycampbell@example.org,Canada,2023-10-09
8585,Stephanie,Oliver,lisadavis@example.org,USA,2026-08-18
8586,Thomas,Castaneda,johnsonjack@example.net,USA,2024-08-29
8587,Kimberly,Gross,tylerleon@example.net,UK,2024-04-13
8588,Heather,Palmer,raymondbruce@example.com,USA,2024-03-15
8589,Robin,Garcia,nicolerandolph@example.net,USA,2026-08-11
8590,Michael,Clarke,sandrawalsh@example.net,USA,2026-04-21
8591,Amy,Mckinney,yvette19@example.com,UK,2024-06-24
8592,Andrea,Haynes,robert74@example.net,Canada,2026-04-12
8593,George,Jackson,qwaller@example.org,Canada,2026-02-02
8594,Alan,Russell,sdavis@example.net,UK,2025-09-27
8595,Todd,Taylor,lisa88@example.com,USA,2026-05-20
8596,Tammy,Russell,gainesjoseph@example.org,USA,2023-11-21
8597,Ryan,Johnson,mooredana@example.net,USA,2026-03-10
8598,Danny,Spencer,vazquezbrian@example.com,Canada,2024-03-04
8599,Craig,Silva,ubishop@example.org,USA,2024-11-11
8600,Howard,Bennett,taylor02@example.org,USA,2024-10-11
8601,Chad,Collins,hardindavid@example.com,,2024-04-12
8602,Brenda,Burgess,adam56@example.net,USA,2025-09-29
8603,Justin,Avery,tmcgee@example.com,UK,2024-02-27
8604,Joshua,Kidd,isolomon@example.com,Canada,2025-08-30
8605,Carlos,Hensley,djohnson@example.com,USA,2024-06-09
8606,Douglas,Clark,sarah57@example.org,Canada,2025-05-15
8607,Charles,Graham,sgonzalez@example.org,USA,2026-03-13
8608,Charles,Thomas,garciaangel@example.net,Canada,2025-04-24
8609,Chris,Hall,talvarado@example.net,USA,2024-01-13
8610,Brittany,Simpson,zacharywalker@example.net,UK,2024-07-07
8611,Steven,Jefferson,jessicathomas@example.com,Canada,2023-10-23
8612,Elizabeth,Evans,davidanderson@example.net,UK,2024-12-21
8613,Lisa,Davis,brandon04@example.net,Australia,2026-05-10
8614,Janice,Ward,josephadams@example.net,Canada,2024-06-24
8615,Marissa,Warner,roy66@example.org,Canada,2025-06-13
8616,Christopher,Mason,taylorsamantha@example.com,Australia,2024-04-05
8617,Michael,Fry,dana97@example.net,Australia,2024-06-16
8618,Taylor,Kline,rkelly@example.com,Canada,2025-08-14
8619,Tyler,Sanders,kbrock@example.net,Canada,2023-12-01
8620,Kevin,Dixon,wstark@example.net,Canada,2026-07-03
8621,Regina,Lewis,kimberly21@example.com,Australia,2026-08-15
8622,Jonathan,Gomez,monicacampbell@example.com,Canada,2025-09-17
8623,Dean,Torres,smithjustin@example.net,USA,2024-03-19
8624,Sheryl,Williams,cookwayne@example.net,UK,2026-07-05
8625,James,Diaz,richard05@example.net,Canada,2025-08-21
8626,Amanda,Perez,ngomez@example.com,USA,2025-05-15
8627,Antonio,Flores,kathydavis@example.net,Canada,2023-10-15
8628,Michael,Schmitt,brian35@example.com,UK,2026-05-07
8629,Nathan,Clark,crowland@example.org,Canada,2025-10-24
8630,Cathy,Evans,haleywilliams@example.net,USA,2025-04-27
8631,Brenda,Smith,vickigarcia@example.net,USA,2026-02-23
8632,Michael,Lozano,autumn59@example.org,Canada,2026-05-18
8633,Chad,Neal,hamiltonmatthew@example.org,Canada,2024-10-10
8634,Brandon,Gardner,brewerkatie@example.org,Canada,2024-01-11
8635,Bradley,Wright,james36@example.org,Canada,2026-04-08
8636,Joseph,Serrano,harrisoneric@example.org,UK,2025-08-08
8637,Matthew,Collins,baxtercory@example.com,UK,2026-05-01
8638,Ricky,Jimenez,nicolaswilson@example.org,USA,2025-01-27
8639,Gilbert,Brooks,michael35@example.com,USA,2025-07-09
8640,Carol,Mcintosh,christopherbeck@example.org,USA,2023-12-28
8641,Linda,Stokes,cordovapriscilla@example.org,UK,2024-07-27
8642,Jonathan,Estrada,iterry@example.net,Canada,2023-12-21
8643,James,Benson,fdudley@example.com,Canada,2024-04-26
8644,Joshua,Dalton,hinesaaron@example.com,Canada,2024-11-23
8645,Daniel,Anderson,jennifer84@example.net,USA,2025-04-24
8646,Jonathan,Hayes,christinecoleman@example.org,Canada,2023-09-21
8647,Kenneth,Rodriguez,melissalopez@example.org,Canada,2024-04-09
8648,Heather,Farley,bryan75@example.org,Canada,2025-02-21
8649,Emily,West,paul82@example.com,USA,2026-07-07
8650,Jose,Rojas,zhansen@example.com,Canada,2023-11-26
8651,James,Murillo,katrina79@example.org,Canada,2026-05-29
8652,Adam,Burnett,parkcandace@example.com,Canada,2026-03-27
8653,Ariel,Sosa,paul36@example.com,Canada,2024-11-06
8654,James,Durham,katherineyang@example.net,USA,2024-03-04
8655,April,Wright,fcook@example.org,Canada,2023-12-29
8656,Christopher,Miller,melaniehoward@example.net,Canada,2024-03-18
8657,Christine,Hudson,rachelduke@example.net,USA,2026-02-12
8658,Kelsey,Bartlett,macknicole@example.com,Canada,2025-11-13
8659,Katherine,Reyes,brian87@example.com,Canada,2024-07-21
8660,Steven,Smith,amy33@example.com,UK,2025-02-19
8661,Theresa,Moore,josephreese@example.org,Canada,2024-05-02
8662,Mark,Williams,jason93@example.net,Canada,2026-01-14
8663,Elizabeth,Velasquez,sjohnson@example.org,Canada,2026-04-03
8664,James,Warner,christinegreene@example.net,USA,2024-07-11
8665,Sandra,Mcgee,yramirez@example.com,USA,2026-01-19
8666,Robert,Frazier,heathelizabeth@example.net,USA,2025-07-18
8667,Sandra,Jenkins,lward@example.com,USA,2025-06-06
8668,Carla,Collins,weissgregory@example.net,Canada,2024-11-15
8669,Marco,Blankenship,stevenmartinez@example.net,Canada,2025-10-26
8670,Cassandra,Lynn,hansonbrenda@example.org,,2026-02-15
8671,Jeremy,Evans,lruiz@example.org,Australia,2023-12-30
8672,Wayne,Campbell,bradley14@example.com,canada,2025-12-23
8673,Aaron,Thompson,christophervargas@example.com,USA,2023-12-20
8674,Debra,Gomez,feliciablack@example.net,Canada,2024-06-04
8675,Jessica,Cisneros,fowlerwilliam@example.org,Canada,2024-06-07
8676,Mark,Mcconnell,saracamacho@example.net,Canada,2025-05-02
8677,Darrell,Rodriguez,worr@example.net,Canada,2026-05-17
8678,Lisa,Spears,vchristensen@example.org,USA,2024-10-24
8679,David,Gordon,djohnson@example.org,USA,2025-10-07
8680,James,Chavez,riosfrank@example.org,Canada,2024-10-07
8681,William,Rodriguez,adrianhickman@example.com,Canada,2025-03-07
8682,Kimberly,Mcpherson,ndowns@example.net,UK,2024-08-18
8683,Cindy,Mathews,swalters@example.com,Canada,2024-10-05
8684,Joseph,Diaz,wthompson@example.com,USA,2025-06-04
8685,Kristy,Carroll,kimberly52@example.org,Canada,2025-06-09
8686,Cheryl,Olson,whitecrystal@example.net,USA,2024-06-27
8687,Ann,Flores,megan22@example.org,Canada,2024-08-08
8688,Jessica,Shaw,ymahoney@example.net,Canada,2023-12-21
8689,Caroline,Sandoval,pwest@example.net,Canada,2024-09-26
8690,Michelle,Young,anthonyross@example.org,Canada,2024-01-29
8691,Brett,Sims,vmiller@example.com,Canada,2026-07-16
8692,Michael,Gallegos,mlopez@example.com,USA,2025-08-02
8693,David,Nash,chadbailey@example.com,Canada,2025-07-18
8694,Mary,Nelson,sharris@example.com,Canada,2023-10-16
8695,Dawn,Lewis,hsanchez@example.com,USA,2025-08-22
8696,Brian,Cruz,rcarey@example.com,USA,2024-08-21
8697,Wayne,Velez,cooktammy@example.org,Australia,2025-03-26
8698,Andrea,Rivera,ian88@example.net,USA,2025-01-17
8699,Jessica,Griffin,anelson@example.org,USA,2023-09-02
8700,Natalie,Davis,michelle82@example.net,USA,2024-12-28
8701,Mary,Watson,lmiller@example.com,Australia,2025-08-26
8702,Heather,Wallace,alexis09@example.com,UK,2023-10-15
8703,Joseph,Guerrero,brent71@example.net,Canada,2024-02-28
8704,Luke,Marsh,urodriguez@example.com,Canada,2025-07-08
8705,Ian,Hobbs,moodystacey@example.net,Canada,2026-01-23
8706,Jessica,Brown,andrea13@example.org,USA,2026-04-27
8707,Terri,Shannon,james16@example.net,USA,2025-07-02
8708,Cynthia,Combs,gomezdavid@example.org,USA,2024-06-05
8709,Laura,Brown,zjohnson@example.com,Canada,2025-12-29
8710,Rebecca,Trevino,xhodge@example.com,USA,2024-10-14
8711,Taylor,Sandoval,cruzalejandro@example.org,UK,2026-06-05
8712,Jennifer,Brown,wroberts@example.org,Canada,2023-11-26
8713,Jermaine,Arnold,andrew14@example.net,USA,2024-06-24
8714,Shawn,Smith,rhondariddle@example.org,Canada,2024-08-08
8715,Craig,Lee,michellehamilton@example.com,UK,2026-05-06
8716,Michael,Moore,jonessarah@example.org,UK,2024-07-08
8717,Andrea,Mahoney,robertdunn@example.org,USA,2026-04-04
8718,Paul,Ryan,markfields@example.com,USA,2024-05-10
8719,Jamie,Mccarty,ifrench@example.com,UK,2024-11-11
8720,Jennifer,Ortiz,mark68@example.net,USA,2026-03-08
8721,Scott,Yu,natalieharvey@example.com,Canada,2025-05-05
8722,Brittany,Rivera,whitecrystal@example.net,USA,2025-11-18
8723,Monica,Cardenas,christina07@example.net,Canada,2025-09-21
8724,Kyle,Gibson,john02@example.org,Canada,2023-10-24
8725,Lisa,Wells,diana50@example.net,UK,2026-08-20
8726,Sarah,Hawkins,francoyolanda@example.net,USA,2024-05-21
8727,Ricky,Jensen,johnsoncharles@example.net,Canada,2025-10-10
8728,Amber,Neal,thomasbrown@example.org,Canada,2023-10-09
8729,Stephen,Romero,joshua44@example.com,Canada,2026-03-18
8730,Jerry,Esparza,michaelharrison@example.org,Canada,2026-07-23
8731,Renee,Brown,charles10@example.net,Canada,2024-06-15
8732,Jessica,Shelton,richardvillanueva@example.net,USA,2025-07-23
8733,David,Russell,christopher62@example.net,Canada,2026-04-10
8734,Alex,Smith,tmay@example.net,USA,2025-12-31
8735,Kyle,Ellis,lmartin@example.net,Canada,2024-09-29
8736,Sheri,Jordan,christiancampos@example.net,Australia,2024-05-01
8737,Justin,Hansen,griffithtravis@example.org,Canada,2025-01-10
8738,Michelle,Mcmahon,garzatina@example.net,Canada,2023-10-05
8739,Seth,Ruiz,christophersmith@example.org,Canada,2026-02-03
8740,Luis,Cochran,uterrell@example.net,USA,2024-04-18
8741,Mark,Stephens,nealmichael@example.org,USA,2025-07-07
8742,Autumn,Williams,simpsonsandra@example.com,Canada,2026-04-02
8743,Thomas,Perez,hbarton@example.net,Canada,2026-07-23
8744,Dalton,Schmitt,colefrederick@example.org,Canada,2024-12-15
8745,Melissa,Hines,nguyentiffany@example.net,USA,2026-05-26
8746,Patricia,Nichols,cmcknight@example.com,USA,2024-01-26
8747,Jeffrey,Kim,tsullivan@example.com,Canada,2025-01-27
8748,John,Larsen,briana60@example.com,Canada,2025-12-29
8749,Gregory,Walters,stephanieflynn@example.org,Canada,2024-04-07
8750,Anthony,Bryant,darrellphelps@example.net,Canada,2026-07-20
8751,Rachel,Graham,ypowers@example.net,USA,2025-07-13
8752,Haley,Woods,gary90@example.net,Canada,2026-01-23
8753,George,Weaver,kelly06@example.net,Canada,2025-03-21
8754,Martin,Hunter,traceyjones@example.org,Canada,2025-08-26
8755,Lisa,Perez,morsekenneth@example.org,Australia,2025-01-27
8756,Mark,Clark,robert50@example.com,UK,2024-07-29
8757,Gary,Johnson,gail41@example.com,Canada,2026-06-08
8758,Christopher,Hardy,state@example.org,Canada,2025-02-05
8759,Brian,Walker,qwillis@example.com,Canada,2024-06-08
8760,David,Anderson,simmonsmorgan@example.com,USA,2023-09-14
8761,Monica,Sherman,steeleamanda@example.com,Canada,2024-11-22
8762,Sara,Goodwin,burtonbrett@example.net,USA,2025-02-22
8763,Scott,Taylor,stephaniewoods@example.org,canada,2023-09-10
8764,Kari,Shepard,jpitts@example.org,UK,2024-10-10
8765,Carmen,Hampton,ogalvan@example.com,Canada,2025-06-30
8766,Pamela,Boyd,fbeltran@example.net,UK,2024-08-11
8767,Barry,Moreno,katherine91@example.net,USA,2024-07-06
8768,Paul,Jones,lfrench@example.org,Canada,2026-07-08
8769,Douglas,Brown,donald17@example.org,Canada,2025-03-06
8770,Thomas,Wade,swagner@example.net,Canada,2025-11-17
8771,Thomas,Macias,ingramjonathan@example.net,Canada,2026-04-08
8772,Shelley,Ford,jefferywade@example.net,Canada,2023-11-30
8773,Brenda,Russell,angela13@example.org,USA,2026-03-03
8774,Kevin,Donaldson,nicolejohns@example.com,Canada,2025-07-25
8775,Peter,Wilson,john93@example.org,Australia,2024-09-01
8776,Kristin,Miller,kschwartz@example.com,Canada,2023-08-25
8777,Sandra,Gray,francoaustin@example.net,Australia,2026-05-16
8778,Jacqueline,Armstrong,mcguirechristopher@example.net,Canada,2024-03-31
8779,Eddie,Horton,bnguyen@example.com,USA,2025-12-16
8780,Kerry,Smith,trananna@example.net,Canada,2024-09-22
8781,Brian,Perez,tturner@example.org,Canada,2024-10-16
8782,Charles,Morgan,gabriel61@example.net,UK,2026-07-13
8783,Erica,Anderson,murphyjennifer@example.org,Canada,2024-02-08
8784,Laura,Tyler,krystallewis@example.com,USA,2024-04-04
8785,Brandon,Hughes,debramontoya@example.net,USA,2025-05-28
8786,Carolyn,Brandt,stacey37@example.net,USA,2026-07-19
8787,Michael,Dodson,dawn08@example.net,USA,2026-03-18
8788,Mitchell,Johnson,tanyarogers@example.com,USA,2025-11-14
8789,James,Cruz,heather33@example.org,Canada,2026-06-11
8790,William,Blackwell,jessica52@example.net,USA,2026-05-23
8791,Mackenzie,Morris,lisa28@example.com,UK,2026-08-19
8792,Sandra,Green,karendoyle@example.org,Canada,2024-09-09
8793,Leslie,Schroeder,youngjessica@example.net,Canada,2024-04-12
8794,Michael,Garcia,danielmartinez@example.net,USA,2025-09-26
8795,Travis,Mcmahon,sharrison@example.net,Canada,2023-10-20
8796,Henry,Bean,judithwood@example.net,Canada,2024-03-01
8797,Sandra,Jones,joneszachary@example.org,Canada,2026-06-22
8798,Andrea,Bates,romerobrenda@example.org,USA,2026-04-18
8799,Jamie,Burke,lopezlinda@example.net,Canada,2023-11-20
8800,Deanna,Hart,bshort@example.org,USA,2023-09-10
8801,Katherine,Berger,annarussell@example.net,USA,2025-11-01
8802,Cynthia,Gardner,joel58@example.com,canada,2024-03-05
8803,Amy,Ware,william80@example.com,USA,2026-07-29
8804,Alicia,Ayala,lhopkins@example.com,Australia,2025-02-20
8805,Stephen,Hawkins,whitejustin@example.com,USA,2024-06-16
8806,Sarah,Douglas,rnelson@example.org,UK,2025-09-16
8807,Stacey,Silva,jjohnson@example.net,Canada,2023-10-05
8808,Todd,Watson,lauramcfarland@example.net,USA,2024-06-05
8809,Brandi,Johnson,steven89@example.net,Canada,2025-12-18
8810,Lisa,Summers,deborahlawson@example.org,Canada,2024-08-24
8811,Cindy,Kelly,hbutler@example.net,Canada,2026-06-25
8812,Joshua,Deleon,amber45@example.com,Canada,2024-08-11
8813,Robert,Knight,denisejackson@example.com,UK,2024-03-17
8814,Jorge,Fleming,hunterchad@example.com,Canada,2024-09-18
8815,Marisa,Watkins,ttrujillo@example.com,USA,2024-07-22
8816,Rodney,Brooks,sarah08@example.net,USA,2025-06-16
8817,Sara,Bell,williamsbradley@example.org,USA,2023-12-05
8818,Misty,Mcmillan,donnamckenzie@example.com,Canada,2026-04-28
8819,Robyn,Butler,hdorsey@example.com,USA,2026-03-15
8820,Glenn,Beasley,andrew44@example.org,Canada,2024-12-10
8821,Laurie,Nelson,amanda61@example.net,Canada,2023-12-19
8822,Justin,Gonzales,scott82@example.com,Australia,2025-08-04
8823,Laura,George,reidrhonda@example.net,Canada,2025-08-12
8824,Sherry,Crane,walkermichael@example.net,Canada,2025-09-27
8825,Kathryn,Marshall,rodney43@example.org,UK,2024-07-12
8826,Adam,Mann,vbrown@example.com,Canada,2026-01-03
8827,Daniel,Villegas,jamieochoa@example.com,USA,2026-03-26
8828,Yvette,Francis,rhardy@example.com,Canada,2025-09-26
8829,Cindy,Henderson,colinpetty@example.com,Canada,2024-05-04
8830,Jonathan,Hines,rkline@example.org,Canada,2024-01-03
8831,Julie,Richard,patrickorr@example.org,Canada,2026-05-26
8832,Brandon,Park,terry88@example.com,Canada,2024-11-23
8833,Tammy,Watson,dennis11@example.net,USA,2024-11-23
8834,Nancy,Thompson,reginaldpaul@example.org,USA,2023-11-17
8835,William,Davis,ccochran@example.net,Australia,2024-05-28
8836,Andrea,Jones,stevenlucas@example.net,Canada,2026-04-17
8837,Kim,Brady,alicia88@example.org,USA,2025-01-14
8838,Holly,Nelson,ryan57@example.net,USA,2023-12-14
8839,Lauren,Drake,wwalsh@example.org,Australia,2024-08-03
8840,Joshua,Sanford,dmitchell@example.org,Canada,2024-07-28
8841,Heather,Sparks,shanebentley@example.net,USA,2025-01-02
8842,Sandra,Martinez,ramosdavid@example.org,UK,2024-11-28
8843,William,Sutton,riverajoseph@example.org,Canada,2026-02-17
8844,Scott,Lawrence,shayes@example.org,UK,2024-06-14
8845,Dakota,Collier,samantha88@example.com,Canada,2023-11-21
8846,Ralph,Lee,michealwalton@example.org,USA,2024-10-31
8847,David,Wagner,vflores@example.com,Australia,2025-10-18
8848,Walter,Johnson,campbellcarlos@example.org,USA,2026-07-27
8849,Kirsten,Carlson,hgarza@example.net,Canada,2024-08-21
8850,Rick,Smith,qmoran@example.com,Canada,2025-09-13
8851,Ashley,Carson,trevormedina@example.org,Australia,2024-10-20
8852,Jennifer,Parrish,mperkins@example.org,USA,2025-10-13
8853,Ashley,Fitzgerald,lisaporter@example.net,Canada,2025-05-14
8854,Vanessa,Potts,abigailhobbs@example.org,USA,2026-05-10
8855,Jaime,Suarez,adam31@example.net,USA,2024-08-22
8856,Erin,Baldwin,zgreen@example.com,Canada,2024-06-30
8857,Johnny,Morris,jessicafranco@example.org,Canada,2026-06-12
8858,Rose,Murphy,kevin67@example.net,Canada,2025-03-16
8859,Abigail,Guerrero,waltonpatricia@example.net,USA,2024-08-19
8860,Timothy,White,andersonvirginia@example.net,USA,2024-02-01
8861,Kevin,Cowan,gglenn@example.com,USA,2026-03-26
8862,Melissa,Mitchell,mccormickjohn@example.net,UK,2025-01-08
8863,Samantha,Keller,amandadelacruz@example.org,UK,2025-12-26
8864,Laura,Powell,ostewart@example.net,USA,2025-09-13
8865,Matthew,Burton,mckenzie12@example.org,Canada,2023-09-04
8866,Derrick,Holloway,laura80@example.com,USA,2024-10-16
8867,Gregory,White,tyler03@example.org,Canada,2025-07-24
8868,Wendy,Miller,stevenwalter@example.org,USA,2023-10-26
8869,Amanda,Smith,jramirez@example.net,USA,2026-02-06
8870,Ann,Rosales,michael79@example.org,Canada,2024-03-01
8871,Yolanda,Wolf,barkerjessica@example.org,UK,2025-08-12
8872,Laurie,Evans,robinsoncourtney@example.org,Canada,2023-08-22
8873,Nathan,Douglas,hbrown@example.net,USA,2024-03-15
8874,Jonathan,Pacheco,ghill@example.com,Canada,2026-02-27
8875,Tanya,Martinez,hunterroberts@example.org,Australia,2025-08-26
8876,Misty,Mcgee,bryan02@example.org,Canada,2024-03-05
8877,Natalie,Moore,robinsonbecky@example.net,Canada,2024-01-17
8878,Jennifer,Edwards,campbelljacob@example.org,Canada,2024-08-03
8879,George,Garcia,kimberly91@example.com,Canada,2026-03-08
8880,Brian,Wolf,jeffrey21@example.org,Canada,2024-08-16
8881,Timothy,May,lisachase@example.net,USA,2025-04-05
8882,Lauren,Randolph,cynthiapittman@example.net,Canada,2025-08-06
8883,Deborah,Watts,weberashley@example.net,Canada,2026-01-01
8884,Misty,Washington,andrewrodriguez@example.net,Canada,2025-11-18
8885,Mary,Garcia,joshua31@example.com,UK,2025-09-17
8886,Yvonne,Miller,daniel04@example.net,USA,2026-07-28
8887,Lisa,Boyd,russellelizabeth@example.com,USA,2026-06-30
8888,Deborah,Johnson,jensenjacob@example.org,USA,2025-10-03
8889,James,Wang,deborahbarnett@example.org,Canada,2025-06-20
8890,David,Andersen,brettlutz@example.com,Canada,2024-10-10
8891,Robert,Cross,beardronald@example.org,Canada,2026-04-27
8892,Douglas,Roth,linda01@example.org,UK,2023-09-14
8893,Tiffany,Hayes,lauren32@example.com,Australia,2025-12-15
8894,Brandy,Shaffer,bcontreras@example.com,USA,2025-04-22
8895,Michelle,Hicks,kcarey@example.org,Canada,2026-06-19
8896,Marcia,Dawson,lorithomas@example.net,Canada,2024-09-02
8897,Brandon,Smith,bchristensen@example.com,Canada,2025-12-30
8898,April,Scott,garcialaura@example.net,USA,2025-08-06
8899,Gabriel,Salinas,april90@example.com,Canada,2023-09-05
8900,Martin,Newman,jasminedunn@example.com,Australia,2026-05-04
8901,Theresa,Peterson,xturner@example.com,Canada,2025-09-02
8902,Megan,Thomas,jacksonanna@example.org,UK,2024-07-30
8903,John,Nelson,jeremiah84@example.org,USA,2023-09-13
8904,Dana,Butler,pwagner@example.org,USA,2024-04-07
8905,Brent,Joseph,gordongrace@example.org,USA,2025-07-26
8906,Ricardo,Morgan,hendrixjonathan@example.org,USA,2024-08-29
8907,Lindsey,Kim,christian74@example.net,USA,2024-05-15
8908,Catherine,Reed,kingnancy@example.net,USA,2026-08-18
8909,Dana,Turner,karismith@example.com,USA,2024-06-23
8910,Michael,Shepard,whitealicia@example.org,,2026-02-21
8911,Linda,Oneal,sarah94@example.com,USA,2026-05-14
8912,Isaiah,Palmer,claireberry@example.net,USA,2025-02-21
8913,Stephen,Marks,samuelnixon@example.net,UK,2026-02-12
8914,Robert,Robinson,christina55@example.org,Canada,2025-05-05
8915,Kylie,Torres,rschmidt@example.com,Canada,2025-10-08
8916,Carlos,Hamilton,williamhull@example.org,USA,2026-08-19
8917,Veronica,Cortez,michaelmartin@example.org,USA,2026-04-02
8918,William,Luna,patrick31@example.org,UK,2024-12-09
8919,Patricia,Wood,peter63@example.org,Canada,2023-10-14
8920,Erin,Hoover,jamescarpenter@example.org,USA,2023-11-16
8921,Randy,Phillips,oestrada@example.com,USA,2026-02-24
8922,Katherine,Higgins,melinda46@example.net,Canada,2026-05-14
8923,Whitney,Peterson,hannahlee@example.net,USA,2026-02-21
8924,Patrick,Hernandez,qberg@example.net,UK,2023-12-11
8925,Phillip,Aguirre,xknapp@example.com,Canada,2025-09-13
8926,Karen,Winters,zcollins@example.org,USA,2024-05-15
8927,Michael,Hicks,westchristopher@example.com,USA,2025-05-08
8928,Riley,Duncan,christinacosta@example.com,Canada,2026-04-25
8929,Dawn,Hickman,larryharris@example.net,Canada,2026-05-23
8930,Wesley,Stewart,robert83@example.com,Australia,2025-06-07
8931,Justin,West,chad33@example.net,Canada,2024-05-19
8932,Jodi,Brown,sosastacy@example.com,Canada,2025-01-26
8933,Kendra,Williams,justinbolton@example.org,Canada,2024-04-02
8934,Sarah,Franco,pattersonjodi@example.net,USA,2025-08-18
8935,Samantha,Carr,burtonphilip@example.net,USA,2026-03-06
8936,Patrick,Spencer,hbennett@example.net,USA,2026-07-05
8937,Melissa,Winters,roy03@example.com,Canada,2026-04-08
8938,James,Jackson,david66@example.org,UK,2024-01-26
8939,Corey,Howell,christopherwalker@example.com,Canada,2025-11-18
8940,Matthew,Graham,mhall@example.org,Canada,2024-10-09
8941,Erin,Randall,fleach@example.net,USA,2025-02-14
8942,Frank,Cobb,robertmarquez@example.com,Canada,2023-11-12
8943,Jonathan,Hale,zgomez@example.net,UK,2026-08-10
8944,Terrence,Wilson,anthony22@example.com,Australia,2023-12-20
8945,Jennifer,Figueroa,lisascott@example.net,Canada,2025-10-03
8946,Lisa,Morgan,sthompson@example.com,UK,2025-06-03
8947,Christopher,Jordan,robertoturner@example.net,USA,2025-07-19
8948,Anthony,Larson,samantha78@example.org,Australia,2026-07-13
8949,John,Stone,henryalexander@example.net,Canada,2024-05-09
8950,Darrell,Long,amontes@example.com,USA,2024-03-20
8951,John,Holden,patelmark@example.net,Canada,2025-03-30
8952,Amy,Cruz,scarroll@example.org,UK,2024-07-24
8953,Christine,Clements,robert91@example.org,Canada,2023-10-08
8954,James,Acevedo,hbaxter@example.com,USA,2024-04-11
8955,Heather,Gallagher,brian44@example.org,Canada,2026-06-08
8956,Charles,Sullivan,harrisadam@example.org,Canada,2024-08-15
8957,Alicia,Lee,zdavis@example.org,USA,2024-07-05
8958,Zachary,Smith,edwardsdenise@example.com,UK,2026-08-17
8959,Erin,Mills,tward@example.com,USA,2025-12-26
8960,Melissa,Jackson,walterjones@example.org,UK,2025-04-03
8961,Carmen,Thomas,matthewcampbell@example.com,Canada,2025-09-12
8962,Matthew,Rangel,petersonjessica@example.org,USA,2025-08-05
8963,Suzanne,Vargas,david14@example.net,USA,2024-09-11
8964,Erin,Bowman,mariarichardson@example.net,Canada,2024-11-04
8965,Jeremy,Lewis,daniel81@example.com,USA,2024-03-23
8966,Samuel,Richards,natashamcpherson@example.org,USA,2024-03-24
8967,Sara,Mcknight,randy36@example.net,USA,2025-12-06
8968,Mathew,Williams,leonmark@example.org,USA,2026-03-01
8969,John,Harris,lhernandez@example.org,USA,2025-10-26
8970,Richard,Martinez,joselee@example.com,,2026-07-07
8971,Christopher,Hogan,prestonmarcus@example.com,Canada,2025-06-28
8972,Lori,Robinson,gsmith@example.org,USA,2025-03-25
8973,Shannon,Anderson,qjohnson@example.com,Canada,2024-11-03
8974,Lauren,Murphy,pamelalowe@example.org,Canada,2025-01-18
8975,Danielle,Miles,xjohnson@example.net,Canada,2025-05-15
8976,Billy,Andrews,otorres@example.net,USA,2026-05-15
8977,Tonya,Willis,joshuabenton@example.com,Canada,2026-05-26
8978,Richard,Chambers,natasha63@example.org,USA,2024-10-21
8979,Ricky,Rosario,christensenemily@example.org,USA,2025-09-10
8980,Jason,White,perezraymond@example.org,Canada,2024-12-02
8981,Justin,Perez,danielsrobert@example.org,USA,2024-03-25
8982,Anthony,Hardy,tara06@example.org,USA,2025-02-28
8983,Chelsey,Cross,hillkelly@example.net,USA,2024-08-17
8984,Teresa,Garcia,hopkinsalicia@example.net,USA,2025-11-04
8985,Brenda,Jones,wileykristine@example.net,Canada,2024-10-08
8986,Andrea,Rice,jameslang@example.net,USA,2026-07-26
8987,Paul,Zuniga,vpatterson@example.com,Canada,2025-03-25
8988,Christina,Brown,singhjason@example.org,Australia,2024-05-11
8989,William,Chavez,broberts@example.com,UK,2024-05-02
8990,Elizabeth,Smith,nathanhayes@example.com,USA,2024-06-08
8991,Jessica,Rogers,jon83@example.com,Canada,2025-07-16
8992,Amber,Mendoza,george09@example.com,Canada,2024-05-03
8993,Amy,Bailey,gina79@example.net,Canada,2025-10-27
8994,Julie,Lawrence,adamwilson@example.com,USA,2026-02-08
8995,Renee,Johnson,trichardson@example.org,Canada,2026-08-21
8996,Jerome,Warner,katie76@example.org,USA,2026-07-05
8997,Michelle,Padilla,timothylawrence@example.org,Canada,2025-06-12
8998,Robert,Cherry,jill89@example.com,Australia,2025-07-14
8999,Evelyn,Robinson,melendezmichael@example.com,Canada,2024-05-01
9000,Scott,Herman,boylehaley@example.com,Australia,2025-02-23
9001,Jonathan,Briggs,zpearson@example.net,UK,2023-10-28
9002,Crystal,Lang,john29@example.org,USA,2024-10-01
9003,Jacob,Baker,mitchelladam@example.com,USA,2024-05-31
9004,Ashley,Davis,connorjoseph@example.com,Canada,2025-03-15
9005,Timothy,Miranda,uaguirre@example.com,USA,2026-01-17
9006,Cameron,Mahoney,cruzjessica@example.org,Canada,2024-06-02
9007,Dorothy,Mccullough,xhines@example.net,Canada,2025-10-15
9008,Anthony,Morales,nicholejenkins@example.org,USA,2026-03-03
9009,Rodney,Frederick,whitekatrina@example.net,USA,2025-09-08
9010,Shelly,Daniels,orogers@example.com,USA,2025-01-29
9011,Patrick,Myers,ronaldmaxwell@example.org,Canada,2026-05-27
9012,Michelle,Rodriguez,joshuahoffman@example.org,Canada,2024-09-17
9013,Joshua,Carr,rachel18@example.net,Canada,2024-09-06
9014,Carly,Jenkins,hannahcastillo@example.com,Canada,2026-06-19
9015,Kristine,Hardin,dixonruth@example.com,Canada,2023-12-20
9016,Nathaniel,Barnes,jamesvaughn@example.net,,2023-09-13
9017,Sean,Holder,sandrabuchanan@example.org,Canada,2024-01-10
9018,James,Browning,ileblanc@example.net,UK,2025-10-11
9019,Corey,Simmons,ashley97@example.org,Canada,2025-02-23
9020,Chad,Adams,halexander@example.com,USA,2024-03-31
9021,Hailey,Gilbert,alexandrawheeler@example.com,Canada,2024-01-24
9022,Jill,Marshall,hgilmore@example.org,UK,2025-03-12
9023,Audrey,Knight,ginaramirez@example.net,USA,2025-09-09
9024,Benjamin,Anderson,barnettolivia@example.org,Canada,2024-08-20
9025,Angela,Oconnor,ocampbell@example.org,USA,2024-10-05
9026,Kevin,York,kimberly84@example.org,Canada,2026-03-07
9027,Kevin,Juarez,sandra28@example.com,USA,2024-10-20
9028,Taylor,Morgan,wstewart@example.net,Canada,2024-11-12
9029,Ann,Jones,yvette39@example.org,Australia,2025-08-28
9030,Lisa,Mercer,juliaharris@example.org,Canada,2024-03-15
9031,Glen,Foster,mary81@example.net,Canada,2025-07-18
9032,Kyle,Hart,tatedustin@example.net,USA,2024-07-12
9033,Laura,Hall,armstrongdavid@example.com,Canada,2025-01-25
9034,Elizabeth,Patterson,janet82@example.net,UK,2026-06-22
9035,Christian,Jackson,eddie87@example.org,USA,2023-09-30
9036,Bailey,Bennett,ronald52@example.org,USA,2025-07-10
9037,Kristi,Savage,richard44@example.org,Canada,2025-01-08
9038,Lauren,Roberson,jenniferhardin@example.com,UK,2024-11-22
9039,Michael,Richardson,okeith@example.com,USA,2025-12-26
9040,Brian,Lopez,gonzalescarlos@example.org,Canada,2025-05-03
9041,Robin,Sampson,teresa57@example.com,Canada,2024-05-04
9042,William,Rice,tonyarowe@example.com,canada,2025-04-21
9043,Gwendolyn,Stevens,alvarezkaylee@example.net,Australia,2025-09-14
9044,Stephanie,Bell,swilliamson@example.org,Canada,2025-10-16
9045,Thomas,Hoover,masontony@example.com,USA,2026-05-21
9046,William,Davis,ricerebecca@example.org,Canada,2024-05-06
9047,Jamie,Holmes,gordonsteven@example.net,Canada,2024-09-24
9048,Christian,Hodge,kathleensmith@example.org,USA,2026-02-15
9049,Jonathan,Freeman,mccormickkari@example.org,Australia,2024-12-09
9050,Mark,Hamilton,linda00@example.org,USA,2026-05-05
9051,Sandra,Oneal,egamble@example.com,UK,2024-11-27
9052,Jamie,Miller,kristystevens@example.com,USA,2024-02-27
9053,Thomas,Hanna,seanbanks@example.org,Canada,2026-05-05
9054,Daniel,Dillon,thomas12@example.com,Canada,2025-09-11
9055,Julie,Ware,whitneyanderson@example.com,USA,2025-05-27
9056,Patricia,Hughes,dukevictoria@example.org,Australia,2024-07-03
9057,Misty,King,bkim@example.org,UK,2025-10-02
9058,Vincent,Key,millerandrew@example.org,Canada,2025-05-27
9059,Grace,Daniels,michaeljones@example.net,Canada,2024-09-07
9060,William,Nunez,tylertanner@example.com,Canada,2024-12-23
9061,Samantha,Hensley,kennethjennings@example.org,Australia,2025-06-18
9062,Tyrone,Rodriguez,jasonmartinez@example.com,UK,2024-01-31
9063,Kathleen,Spencer,dawnwalker@example.org,USA,2025-10-01
9064,Megan,Flores,franknicole@example.com,Canada,2023-10-15
9065,Sandra,Mitchell,anthony54@example.com,USA,2024-08-09
9066,James,Phillips,mccallrobert@example.net,USA,2023-10-05
9067,Thomas,Hogan,jennyevans@example.net,Canada,2026-06-27
9068,Joshua,Garcia,ehancock@example.net,USA,2025-01-06
9069,Annette,Simpson,jodi60@example.org,Canada,2024-06-19
9070,Kimberly,Edwards,matthew94@example.org,Canada,2025-02-15
9071,Mitchell,Owens,zclark@example.net,UK,2025-05-13
9072,Michael,Hayes,larry97@example.net,USA,2026-06-28
9073,Frank,Moore,shari43@example.com,Canada,2025-06-06
9074,Sandra,Williams,frankvickie@example.net,USA,2026-01-22
9075,Nathaniel,Boyer,taylortodd@example.org,Canada,2025-02-28
9076,Barbara,Young,bjohnson@example.net,USA,2024-06-01
9077,Chase,Branch,kadams@example.com,USA,2026-02-20
9078,Angela,Anderson,rebeccajames@example.org,USA,2024-06-05
9079,Chad,Rivera,danielvelez@example.com,USA,2025-08-22
9080,Kimberly,Lynch,murphylaura@example.net,Canada,2024-08-15
9081,Dale,Richards,ortizbruce@example.com,Canada,2024-11-24
9082,Kristen,Martin,macdonaldcharles@example.net,USA,2024-09-21
9083,Brian,Townsend,washingtondaniel@example.net,,2025-07-11
9084,John,Hernandez,murraywendy@example.com,USA,2023-08-28
9085,Christina,Warren,xray@example.net,Canada,2024-04-10
9086,Kristen,Ball,joan45@example.net,Canada,2023-10-31
9087,Kerry,Mcgee,aprilyoung@example.com,Canada,2026-07-16
9088,Billy,Gibson,hornandrea@example.com,Australia,2025-04-17
9089,Derrick,Arnold,fcross@example.org,Canada,2025-05-27
9090,Yolanda,Payne,cynthiajennings@example.org,USA,2025-09-12
9091,Matthew,Middleton,apoole@example.net,Canada,2023-12-03
9092,Levi,Spencer,pauljames@example.org,Canada,2023-10-01
9093,Melanie,Harris,frankrussell@example.com,USA,2024-03-03
9094,Robert,Patterson,christinamason@example.com,USA,2025-12-24
9095,Brittany,Torres,cummingsanthony@example.net,USA,2025-09-28
9096,Helen,Thompson,wharris@example.net,UK,2025-09-13
9097,Gregory,Collins,marthacannon@example.org,Canada,2024-05-01
9098,Michael,Fuller,geoffreyjordan@example.net,Canada,2025-12-27
9099,Christopher,Bowers,pthompson@example.net,Australia,2024-03-11
9100,Taylor,Gonzalez,tiffanyschmidt@example.org,Canada,2024-04-21
9101,Mark,Robinson,devon00@example.org,USA,2025-07-18
9102,Amber,Rodriguez,samanthasanchez@example.org,USA,2025-01-29
9103,Alicia,Mays,michaelcharles@example.org,Canada,2024-02-20
9104,Derek,Garrett,ibell@example.org,USA,2023-10-26
9105,Anthony,Lang,marvin05@example.net,Canada,2023-10-17
9106,Brianna,Ray,franklinjennifer@example.org,Canada,2024-08-08
9107,Anthony,Lara,millerheather@example.com,Canada,2023-09-16
9108,Isabel,Rodriguez,jessicacooper@example.org,UK,2023-12-24
9109,Garrett,Gordon,brian82@example.com,Canada,2025-01-15
9110,Bob,Knight,asanchez@example.com,USA,2025-06-27
9111,Cody,Jacobs,trevorbarry@example.org,Australia,2025-06-09
9112,Anthony,Wood,david68@example.net,USA,2026-01-07
9113,David,Simpson,kbrown@example.com,USA,2025-04-21
9114,Laura,Phillips,matthewcarlson@example.org,USA,2025-01-15
9115,Nancy,Yu,kevindillon@example.net,Canada,2026-07-31
9116,Julia,Gomez,feliciapugh@example.net,USA,2025-10-20
9117,Thomas,Smith,englishandrea@example.com,USA,2025-10-31
9118,James,Lucas,megan58@example.com,Australia,2025-02-26
9119,Charles,Gardner,shannon17@example.org,Australia,2024-12-18
9120,Shannon,Kennedy,dblankenship@example.org,UK,2023-10-24
9121,Lisa,Price,mitchellkimberly@example.org,UK,2024-05-21
9122,Thomas,Mccall,jim68@example.org,USA,2026-03-20
9123,Cameron,Dean,aherrera@example.net,USA,2025-01-14
9124,Michelle,Phelps,bwu@example.net,UK,2023-08-22
9125,Lorraine,Stewart,jennifer55@example.org,Canada,2025-11-17
9126,Kenneth,Warren,kevin43@example.net,Australia,2024-06-04
9127,Robert,Guzman,aross@example.org,Canada,2025-06-06
9128,Maurice,Richards,kleinjeremy@example.org,USA,2024-03-15
9129,Robin,Marks,stacy55@example.org,USA,2025-05-11
9130,Megan,Williamson,rmurray@example.com,Australia,2023-11-27
9131,Mike,Williamson,zwilson@example.com,Canada,2023-09-16
9132,Christopher,Garcia,lynnbenitez@example.net,USA,2025-07-07
9133,Walter,Jones,ybarrett@example.com,USA,2025-08-20
9134,Alice,Boone,ashleyallen@example.net,Canada,2023-10-24
9135,Kimberly,Lynn,lorispencer@example.org,USA,2026-01-31
9136,Brett,Davidson,oraymond@example.com,USA,2023-09-19
9137,Wendy,Nelson,aestrada@example.com,USA,2026-04-16
9138,Michelle,Butler,mayerrachael@example.com,Canada,2025-11-11
9139,Jessica,Hensley,ogonzalez@example.net,USA,2024-06-05
9140,Scott,Smith,perkinsglenn@example.com,USA,2026-02-08
9141,Robert,Shelton,simpsonyolanda@example.org,Canada,2026-06-22
9142,Ashley,Alexander,antoniosingleton@example.com,Canada,2026-05-05
9143,Lisa,Lee,wilsonbrittany@example.com,Australia,2024-01-05
9144,Megan,Mcgrath,shane48@example.com,USA,2025-11-10
9145,Lonnie,Jackson,wrightshannon@example.net,USA,2024-07-08
9146,Joseph,Freeman,robin50@example.org,Canada,2026-02-06
9147,Cory,Burch,smithjonathan@example.net,Canada,2024-04-20
9148,William,Graham,margaretmiller@example.org,Canada,2024-01-27
9149,Tina,Roach,lindsay62@example.org,Canada,2025-02-02
9150,Sandra,Strickland,tarmstrong@example.com,USA,2024-07-30
9151,Steven,Blair,ydyer@example.com,USA,2024-01-23
9152,Alfred,Johnson,vsanchez@example.net,USA,2024-12-25
9153,Jennifer,Erickson,bridget23@example.org,Canada,2025-07-15
9154,Daniel,Smith,drakewilliam@example.org,USA,2026-08-17
9155,Mark,Ellis,garzajames@example.com,Canada,2024-11-30
9156,Daniel,Mercer,william81@example.net,Canada,2025-12-26
9157,Olivia,Wilkins,bflowers@example.com,Australia,2023-11-04
9158,Jacqueline,Jones,matthew07@example.com,USA,2025-04-05
9159,Ashley,Lynch,kfrye@example.com,USA,2024-06-08
9160,Brian,Payne,josephstanley@example.com,Canada,2024-04-05
9161,Bryan,Tanner,gwendolyn59@example.net,UK,2026-07-09
9162,Brian,Bryant,freemanmaria@example.com,USA,2025-10-27
9163,John,Burns,cameronmaria@example.net,USA,2023-11-05
9164,Roger,Meyer,brucemcdonald@example.net,Canada,2024-04-01
9165,Jessica,Long,jesus01@example.org,Australia,2024-01-13
9166,Phillip,Larson,aliciastevens@example.org,UK,2024-01-15
9167,Ashley,Wallace,ashleykimberly@example.org,UK,2024-07-27
9168,Amanda,Wells,owilliams@example.org,Canada,2023-09-15
9169,Colleen,Livingston,josegonzalez@example.org,Canada,2026-05-19
9170,Karen,Rodriguez,kelseyrogers@example.org,Canada,2026-03-28
9171,Daryl,Smith,robert65@example.com,Canada,2024-09-26
9172,John,Campbell,newmanjason@example.com,UK,2024-06-09
9173,Shelly,Lee,michael71@example.org,Canada,2026-02-09
9174,Jacqueline,Evans,treynolds@example.org,Canada,2024-08-08
9175,Thomas,Camacho,davidwright@example.org,Canada,2025-09-22
9176,Christine,Wright,pfox@example.net,Canada,2026-04-02
9177,Olivia,Jackson,barbarahamilton@example.net,Canada,2024-03-02
9178,Kim,Simpson,carrillodawn@example.org,USA,2026-06-24
9179,Anthony,May,jacobgutierrez@example.net,USA,2024-07-01
9180,Charlene,Jacobs,bcastro@example.com,Canada,2025-01-30
9181,Kenneth,Lopez,martin19@example.com,Canada,2026-06-30
9182,Michael,Cunningham,efernandez@example.org,Canada,2026-08-12
9183,Gloria,Williams,gillespiegrant@example.net,Canada,2023-12-01
9184,Vincent,Tucker,lholden@example.com,USA,2024-06-14
9185,Jacob,Dougherty,brandilewis@example.org,USA,2024-06-15
9186,Billy,Smith,brendabarrett@example.com,USA,2026-07-18
9187,Sheila,Cummings,vickie71@example.org,USA,2023-10-15
9188,Scott,Krause,reyesbrad@example.org,Canada,2024-10-12
9189,Ann,Nelson,christineburke@example.net,Australia,2024-12-13
9190,Heather,Ponce,davidhanson@example.net,UK,2025-03-31
9191,Becky,Pierce,catherine05@example.net,UK,2025-03-24
9192,Shelly,Silva,william46@example.com,Canada,2025-09-08
9193,Olivia,Wilson,randalljessica@example.com,Australia,2024-12-29
9194,Jacqueline,Henderson,iguzman@example.com,UK,2025-02-09
9195,William,Johnson,asanchez@example.net,UK,2024-12-15
9196,Chad,Watson,derrickbrown@example.org,Canada,2024-07-23
9197,Matthew,Price,veronica90@example.org,USA,2025-01-24
9198,Terri,Hoover,halealan@example.com,Australia,2024-09-26
9199,Angel,Vargas,markkelley@example.com,USA,2023-12-02
9200,Susan,Mcmahon,joneslaura@example.com,USA,2024-05-10
9201,Susan,Meyer,dorothyallen@example.net,Australia,2024-02-22
9202,David,Moore,waynemartinez@example.org,Canada,2025-08-09
9203,Susan,Ramirez,browntyler@example.org,USA,2025-11-25
9204,Paul,Herrera,jason37@example.com,USA,2023-10-06
9205,Jessica,Jefferson,nicholas29@example.com,Australia,2024-06-16
9206,Dustin,Fuentes,michaelamoore@example.com,Canada,2024-07-01
9207,Timothy,Mason,darlenerobinson@example.net,USA,2024-05-06
9208,Cynthia,Williams,henryhernandez@example.com,USA,2024-08-18
9209,Craig,Santos,allison44@example.net,USA,2026-05-12
9210,Lori,Robinson,simonzachary@example.org,USA,2025-10-17
9211,Autumn,Barajas,keithkent@example.net,UK,2024-01-24
9212,Daniel,Atkinson,wzavala@example.net,Australia,2025-02-11
9213,Eugene,Hunt,edwardhodges@example.org,Canada,2025-05-28
9214,Kayla,Williamson,rothlori@example.net,Canada,2024-03-02
9215,Jerry,Ramos,maria45@example.com,Canada,2024-06-12
9216,Jill,Collins,jessica29@example.net,Canada,2025-01-10
9217,Jeffrey,Thomas,frankhall@example.com,USA,2025-03-28
9218,James,Nunez,veronica73@example.com,UK,2025-04-06
9219,Christopher,Costa,tiffanyjones@example.com,UK,2024-08-17
9220,Daniel,Heath,yking@example.net,Canada,2025-11-12
9221,Nicholas,Lozano,ejohnson@example.org,Canada,2026-02-06
9222,Timothy,Ward,pearsonjeffrey@example.org,USA,2026-01-03
9223,Jeremy,Diaz,kelseyvaldez@example.com,USA,2024-08-25
9224,David,Rogers,daniel03@example.net,Canada,2024-06-02
9225,Christian,Hall,lydiataylor@example.net,UK,2025-07-17
9226,David,Johnson,iperez@example.org,Australia,2026-03-10
9227,Crystal,Hampton,nixonrandy@example.com,Canada,2025-07-11
9228,Monica,Hawkins,afisher@example.com,UK,2023-09-09
9229,Cindy,Gutierrez,amy86@example.org,Canada,2026-05-28
9230,Kaitlyn,Hicks,bedwards@example.net,USA,2026-06-24
9231,Barbara,Weber,audrey11@example.org,USA,2024-01-10
9232,Sharon,Torres,alicialee@example.org,Canada,2026-01-31
9233,John,Peck,james96@example.net,Australia,2024-07-04
9234,Vincent,Foster,brianhowe@example.org,USA,2025-10-25
9235,Katelyn,Abbott,kimberly32@example.org,USA,2025-06-10
9236,Stephanie,Mcintyre,petersendoris@example.com,Canada,2024-10-11
9237,Nicole,Duran,morganvirginia@example.com,Canada,2024-07-08
9238,Jacqueline,Barnett,sandra59@example.org,Canada,2024-03-19
9239,Robert,Brooks,bhoffman@example.net,USA,2023-09-11
9240,Alison,Smith,lsmith@example.org,USA,2024-11-20
9241,Julia,Wilcox,michele39@example.org,Canada,2024-03-29
9242,Valerie,Harvey,davidblackwell@example.org,USA,2026-07-16
9243,Jason,Holmes,craigmartin@example.net,USA,2023-08-30
9244,Morgan,Fitzgerald,wesleywhitaker@example.org,USA,2024-05-09
9245,Robert,Reynolds,smithtara@example.com,USA,2024-01-31
9246,Vanessa,Hansen,jenniferjackson@example.org,UK,2026-03-06
9247,Lisa,Davis,rasmussenkatherine@example.org,USA,2026-05-20
9248,Teresa,York,tmorton@example.net,USA,2025-01-31
9249,Anthony,Hurley,hollyperkins@example.net,Canada,2026-03-16
9250,Stephen,Chambers,plambert@example.org,Canada,2026-07-21
9251,Brent,Friedman,james94@example.org,Canada,2024-01-16
9252,Jason,Murphy,frankmiller@example.com,USA,2025-12-19
9253,Guy,Gregory,olsonnicholas@example.org,Canada,2024-03-23
9254,Lori,Daugherty,xkent@example.org,Canada,2025-05-20
9255,Joshua,Parker,xavier17@example.net,USA,2026-07-31
9256,Julie,Wiley,victoriasmith@example.org,Canada,2024-10-31
9257,Samuel,Hunt,bwalker@example.com,Canada,2024-03-28
9258,Francisco,Pittman,timothy84@example.net,Canada,2024-05-12
9259,Jason,Wilson,garciajason@example.net,USA,2025-06-25
9260,Amy,Smith,madison88@example.org,Canada,2024-02-27
9261,Emily,Randolph,ericadickerson@example.com,USA,2025-03-24
9262,Derek,Hill,dianeperez@example.com,USA,2026-05-13
9263,David,Butler,smithjonathan@example.com,USA,2026-07-01
9264,Donald,Shannon,parker65@example.com,USA,2024-12-29
9265,Alexander,Hubbard,chenedward@example.org,UK,2025-02-04
9266,John,Thompson,weaverjimmy@example.net,Canada,2025-04-01
9267,William,Hart,helenbradley@example.org,Canada,2025-10-02
9268,Ryan,Jenkins,hreynolds@example.org,Canada,2025-12-08
9269,Edward,Rivas,jcarter@example.com,Canada,2023-12-21
9270,Courtney,Griffin,talvarado@example.net,Canada,2024-12-02
9271,Dylan,Vasquez,jmorse@example.com,Canada,2025-12-29
9272,Brenda,Gray,kristen92@example.com,USA,2024-09-27
9273,Erica,Fowler,whitestephanie@example.com,USA,2026-03-01
9274,Spencer,Evans,victoria82@example.com,Canada,2025-10-12
9275,Linda,Mcdonald,kellyshepherd@example.net,USA,2025-04-25
9276,George,Williams,tracyhughes@example.org,Canada,2024-09-21
9277,Rachel,Moore,youngdavid@example.com,Canada,2024-02-27
9278,Karen,Fry,oadkins@example.com,USA,2024-02-11
9279,Diana,Fields,lisa72@example.com,Canada,2026-01-09
9280,Shawn,Pierce,romanbrandon@example.net,Canada,2025-11-17
9281,James,Adams,brandongibbs@example.com,Canada,2025-05-01
9282,Andrew,Johnson,andersonchristopher@example.com,canada,2026-04-14
9283,Henry,Shaw,bryan99@example.com,USA,2024-10-01
9284,Alec,Solis,toddgrant@example.org,Canada,2024-10-16
9285,Chad,Ferguson,joshua80@example.com,UK,2024-10-21
9286,Patricia,James,ntaylor@example.net,USA,2026-07-12
9287,Elizabeth,Cherry,zmorris@example.com,USA,2023-11-23
9288,Wendy,Flores,robin37@example.org,UK,2024-06-15
9289,Kristen,Brown,david23@example.net,Canada,2024-12-27
9290,Sherri,Potter,xsalinas@example.org,Canada,2023-08-28
9291,Alyssa,Nelson,brian93@example.com,USA,2025-07-07
9292,Raymond,Barnett,lopezpaige@example.com,USA,2026-06-23
9293,Stacey,Montes,russellstuart@example.org,USA,2023-08-28
9294,Trevor,Gutierrez,danawilliams@example.com,USA,2023-09-26
9295,John,Young,ibarnes@example.org,Australia,2024-05-13
9296,Ryan,Lynch,cgraham@example.net,UK,2025-06-16
9297,Joseph,Cruz,vjohnson@example.com,UK,2025-05-31
9298,Joel,Brown,ashley34@example.com,UK,2025-06-24
9299,Cathy,Delgado,nmiller@example.org,Australia,2024-03-13
9300,Anita,Lynch,robertthompson@example.com,Canada,2024-08-24
9301,Mason,Beasley,harveyjose@example.com,Canada,2026-08-18
9302,Susan,Williams,hamiltonangel@example.com,USA,2024-05-03
9303,Alexander,Brewer,fwiley@example.com,UK,2025-05-03
9304,David,Hickman,johngonzalez@example.com,USA,2026-01-08
9305,Gerald,Johnson,jacobyang@example.com,USA,2024-05-30
9306,Joseph,Brooks,sullivanbrenda@example.com,Canada,2024-11-19
9307,Cody,Murphy,cynthiaortiz@example.org,Canada,2024-08-15
9308,Sarah,Rodriguez,powens@example.org,USA,2025-07-12
9309,Hannah,Matthews,gonzalesheather@example.net,Canada,2026-07-29
9310,Anthony,Smith,taylorscott@example.org,Canada,2024-10-25
9311,Eric,Jensen,stephaniebaker@example.net,Canada,2025-05-23
9312,Isabel,Jones,awilliams@example.com,Canada,2024-09-07
9313,Philip,Murphy,rowedonna@example.org,USA,2026-03-01
9314,Erin,Mcgee,whull@example.net,Canada,2024-11-25
9315,Laura,Wallace,hannah60@example.org,USA,2024-11-06
9316,Raymond,Thomas,vjenkins@example.com,Canada,2026-08-19
9317,Michael,Taylor,carl28@example.net,UK,2025-07-12
9318,Gregory,Meadows,harold28@example.net,Canada,2024-07-07
9319,Justin,Willis,olivia36@example.net,USA,2023-11-10
9320,Joshua,Rowe,davidsonjoseph@example.com,USA,2024-05-02
9321,Matthew,Pierce,cardenasjulie@example.net,Canada,2024-01-15
9322,Kristin,Blevins,cherylgriffin@example.com,UK,2024-01-05
9323,Dennis,Waller,spencemichael@example.net,USA,2026-06-12
9324,Wesley,Jones,stephanieschultz@example.net,Canada,2026-06-02
9325,Nicholas,Wyatt,christopherwalker@example.net,Canada,2024-07-17
9326,Jonathan,Johnson,ballernest@example.com,Australia,2026-06-21
9327,Sarah,Rodriguez,amycooper@example.org,USA,2024-02-20
9328,Christina,Martinez,collinsjacob@example.org,Canada,2023-11-16
9329,Michael,Mcgrath,lroth@example.net,Canada,2024-12-29
9330,Jessica,Summers,monica98@example.net,UK,2025-03-03
9331,Diane,Perez,andreguerrero@example.com,USA,2026-02-11
9332,Brandi,Wiggins,john28@example.com,USA,2024-09-05
9333,Dawn,Noble,amandahorton@example.net,Canada,2024-06-13
9334,Chase,Kim,bakervictoria@example.com,USA,2024-11-18
9335,Juan,Ramos,wileybrenda@example.org,Canada,2026-02-20
9336,Craig,Hoffman,xbrown@example.com,Canada,2025-07-20
9337,Carmen,Sims,dylanduncan@example.com,USA,2023-10-22
9338,Darin,Thompson,millerrobert@example.org,canada,2026-06-14
9339,Steven,Estes,briggssteven@example.com,Canada,2025-07-07
9340,Danielle,Johnson,ghernandez@example.net,USA,2025-07-02
9341,Andrew,Barnes,dawn56@example.com,USA,2026-04-16
9342,Jesus,Hester,williamsedward@example.net,USA,2026-04-22
9343,Christopher,Jones,laurenwallace@example.org,UK,2025-08-31
9344,Melissa,Noble,natalie16@example.org,USA,2026-02-23
9345,Amber,Garza,stephensonkimberly@example.org,Canada,2025-08-05
9346,Darrell,Wood,ashleyallen@example.org,Australia,2026-04-11
9347,Erica,Hill,ericperkins@example.com,USA,2026-01-11
9348,Andrea,Mcdonald,russellrobert@example.org,UK,2023-12-27
9349,Nathan,Johnson,davisandrew@example.net,USA,2024-02-09
9350,Sarah,Salinas,scottsloan@example.com,UK,2024-11-04
9351,Michael,Lam,mvance@example.com,Canada,2026-08-05
9352,Mark,Martin,leechad@example.org,Canada,2025-04-11
9353,Lisa,Jones,rvillegas@example.net,UK,2026-06-24
9354,Sharon,Valdez,deborahhernandez@example.com,Canada,2024-02-24
9355,Mary,Lindsey,sandersjames@example.net,Canada,2025-09-20
9356,David,Ingram,charles00@example.net,USA,2025-06-07
9357,Cassandra,Thompson,tonyabriggs@example.net,UK,2026-06-02
9358,Ryan,Robinson,davisjames@example.com,Canada,2026-05-13
9359,Anthony,Marshall,brownbrittany@example.org,UK,2023-10-24
9360,Gina,Robbins,williamfranklin@example.net,USA,2026-05-17
9361,Nicholas,Boyd,marco54@example.com,USA,2025-04-12
9362,Daniel,Butler,margaretsnow@example.net,UK,2025-09-04
9363,Albert,Dillon,peterowens@example.net,Canada,2026-07-23
9364,Maurice,Randolph,holmesmark@example.net,Canada,2025-04-02
9365,Theresa,Smith,isimpson@example.org,Canada,2024-04-12
9366,Ronald,Lopez,robertsmary@example.com,USA,2024-10-29
9367,Rachel,Davenport,shane31@example.org,USA,2026-04-23
9368,Sarah,Esparza,mfriedman@example.net,UK,2024-12-20
9369,Melanie,White,sean14@example.net,USA,2025-06-04
9370,Bryan,Kidd,david16@example.com,USA,2024-03-31
9371,Chelsea,Simpson,joshua40@example.org,USA,2025-08-21
9372,Jennifer,Cook,afuentes@example.net,Canada,2026-03-23
9373,Justin,Lane,seanmoore@example.com,Canada,2024-08-18
9374,Kimberly,Wiggins,marycummings@example.org,UK,2024-06-17
9375,Lisa,Taylor,cherryjessica@example.net,Canada,2023-11-10
9376,Fernando,Novak,james71@example.net,Canada,2026-08-14
9377,Tonya,Rodriguez,marypowers@example.net,USA,2024-07-14
9378,Kyle,Anderson,brownashley@example.org,Canada,2024-01-02
9379,Margaret,Petersen,claire19@example.org,UK,2026-06-02
9380,James,Phillips,loretta10@example.net,canada,2025-10-14
9381,Olivia,Monroe,zjohnson@example.org,Canada,2026-04-20
9382,Cindy,Jones,mlane@example.org,Canada,2026-01-08
9383,Jennifer,Schneider,jford@example.net,USA,2026-07-04
9384,Joshua,Herman,alawson@example.net,Canada,2026-04-24
9385,Dylan,Donovan,lbridges@example.org,USA,2025-08-01
9386,Jaclyn,Hahn,bmunoz@example.net,UK,2026-01-18
9387,Richard,Palmer,stephanie64@example.org,UK,2025-03-28
9388,Stefanie,Turner,mcantu@example.net,Canada,2026-07-31
9389,William,Daniel,coltonmiller@example.org,USA,2024-09-25
9390,Jessica,White,uharrison@example.com,USA,2026-01-07
9391,Sabrina,Collins,davidmartin@example.net,Australia,2023-12-21
9392,Julie,Randolph,harrisvincent@example.org,Australia,2026-04-10
9393,Tiffany,Hardy,ericksontina@example.org,Canada,2026-03-15
9394,Tasha,Hughes,cproctor@example.com,,2024-01-15
9395,Lisa,Rice,changdaniel@example.com,Canada,2025-07-05
9396,Cassidy,Garcia,bmcfarland@example.net,Canada,2026-01-13
9397,Angela,Flores,tracyhorton@example.org,Canada,2024-09-18
9398,Rebecca,Snyder,owensjessica@example.org,USA,2026-07-18
9399,Ronald,York,jacobtorres@example.com,USA,2026-02-28
9400,Kim,Franco,paulday@example.org,Canada,2025-07-25
9401,Jennifer,Mays,fhart@example.org,USA,2026-01-03
9402,Jason,Wells,zhughes@example.net,Canada,2025-10-01
9403,Stephen,Rodriguez,blawrence@example.net,USA,2024-12-14
9404,Carlos,Thompson,wburns@example.com,Canada,2023-10-31
9405,Laura,Thompson,beverly00@example.com,Canada,2024-04-13
9406,Evan,Downs,lutzdevin@example.org,Canada,2025-08-22
9407,Sandra,Miller,david97@example.net,Canada,2026-07-06
9408,Catherine,Powell,stephenrodriguez@example.com,USA,2025-01-23
9409,Marie,Stuart,angelagreen@example.com,Canada,2025-02-07
9410,Robert,Davis,rporter@example.org,USA,2024-08-11
9411,Amber,Buckley,andersonricky@example.org,Canada,2025-11-06
9412,William,Alvarez,terryrodriguez@example.com,USA,2025-06-29
9413,Melissa,Huff,swebb@example.net,USA,2024-09-27
9414,Deborah,Horne,katherinekent@example.com,Canada,2025-04-21
9415,Corey,Daniel,caitlin33@example.net,USA,2026-08-04
9416,Gail,Jones,qclay@example.net,Canada,2024-04-12
9417,Walter,Escobar,erik51@example.org,USA,2026-05-14
9418,Dennis,Shaffer,vangbriana@example.org,Canada,2025-10-23
9419,Allison,Hernandez,qstewart@example.com,USA,2024-03-18
9420,Ashley,Castro,tiffanypatterson@example.net,USA,2025-07-10
9421,Jeremy,Solis,twebster@example.org,Australia,2024-12-11
9422,Robert,Cole,anthonybaker@example.org,USA,2026-02-05
9423,Matthew,Taylor,john07@example.org,USA,2025-09-27
9424,Rachel,Sullivan,qmorales@example.com,Canada,2025-03-23
9425,Michelle,Parker,ujohnson@example.com,Australia,2024-05-23
9426,Tara,Perez,moralesphillip@example.org,USA,2025-10-23
9427,Chloe,Valencia,christinacook@example.org,Canada,2026-08-01
9428,Michael,Jenkins,jonesjorge@example.net,UK,2023-09-06
9429,Angela,Brown,lsims@example.net,Canada,2024-09-24
9430,Aaron,Harris,rmonroe@example.org,UK,2024-12-05
9431,Tiffany,Wells,rogersjoanna@example.net,UK,2024-07-09
9432,Eric,Lopez,ksmith@example.com,Canada,2025-04-26
9433,Rachael,Raymond,justinbrown@example.net,USA,2025-03-10
9434,Stephanie,Cervantes,jennifer87@example.net,Canada,2023-10-20
9435,Douglas,Walton,elittle@example.org,Canada,2025-11-20
9436,Nicholas,Williams,gutierrezshelly@example.org,Canada,2024-10-03
9437,Paul,Bishop,justinjohnson@example.net,USA,2025-02-14
9438,Joshua,Garcia,vanessa07@example.com,Canada,2025-02-11
9439,Robert,Torres,xgarrett@example.net,Canada,2024-03-09
9440,Kevin,Salinas,rcollins@example.net,USA,2026-04-24
9441,Meredith,Miranda,vdiaz@example.com,Canada,2023-11-16
9442,Yvette,Joseph,owilliams@example.org,Canada,2025-10-06
9443,Edward,Maldonado,regina67@example.net,Canada,2025-06-30
9444,Robert,Taylor,melissamccullough@example.net,Canada,2025-11-16
9445,Pamela,French,sweeneyalexandra@example.net,USA,2023-10-07
9446,Cheryl,Potts,suzanne86@example.org,Canada,2024-07-14
9447,Chloe,Sandoval,holtmelanie@example.org,Australia,2026-02-03
9448,Patrick,Marshall,timothy12@example.org,USA,2025-10-12
9449,Thomas,Tucker,joseph71@example.net,Canada,2024-10-19
9450,Kenneth,Brown,kingamber@example.net,Canada,2026-05-21
9451,Donald,Oconnor,logangraves@example.net,Canada,2025-01-30
9452,Juan,Owens,sandralarson@example.net,USA,2024-03-09
9453,Janet,Hernandez,jermaine53@example.net,Canada,2024-01-16
9454,Tina,Wilson,sperry@example.org,Canada,2026-07-04
9455,Brandon,Hoffman,philip09@example.org,UK,2025-10-06
9456,Zachary,Rivera,casey11@example.net,Canada,2024-01-13
9457,Christopher,Johnson,vrich@example.com,Canada,2026-04-04
9458,Jonathan,Hernandez,flambert@example.net,UK,2024-06-16
9459,Patricia,Collins,derek88@example.com,USA,2024-11-09
9460,Jessica,Hunter,drakemichelle@example.org,Canada,2025-10-05
9461,Johnny,Hanson,eric05@example.net,USA,2026-04-09
9462,Tara,Figueroa,marie64@example.org,Canada,2026-03-28
9463,Todd,Briggs,garciagary@example.org,,2024-07-19
9464,Angelica,Sullivan,robertgordon@example.org,USA,2025-06-18
9465,Michael,Mccall,karina99@example.com,UK,2024-08-16
9466,Lindsey,Lopez,zreed@example.com,Australia,2023-10-02
9467,Brian,Jenkins,justin32@example.net,Australia,2025-07-25
9468,Jennifer,Nolan,mccarthyronald@example.net,UK,2026-02-21
9469,Tammy,Thompson,annettenguyen@example.net,USA,2025-07-20
9470,Christopher,Reyes,laura00@example.org,Canada,2025-02-15
9471,Courtney,Rosales,davidhernandez@example.org,USA,2025-07-01
9472,Sarah,Schaefer,sjohnson@example.net,USA,2025-02-15
9473,Megan,Murphy,coxkristi@example.com,UK,2024-10-17
9474,Virginia,Lopez,tyler46@example.net,Canada,2025-06-27
9475,Jill,Davenport,xdixon@example.net,UK,2026-02-16
9476,Molly,Alvarado,rileydavid@example.net,UK,2025-04-16
9477,Megan,Willis,howardandrew@example.org,Australia,2026-02-07
9478,Peter,Glenn,iduran@example.net,UK,2025-09-21
9479,Jessica,Brown,diazjohn@example.net,Canada,2025-01-16
9480,Arthur,Perez,joshuawebb@example.com,Canada,2024-11-23
9481,Claudia,Fisher,bdennis@example.com,Canada,2023-11-28
9482,William,Terrell,smithdiana@example.net,Canada,2025-06-25
9483,Ryan,Jackson,kayla85@example.com,USA,2023-12-26
9484,Megan,West,jonathanmcneil@example.net,UK,2023-12-01
9485,Lindsay,Jones,browndenise@example.com,UK,2026-02-02
9486,Tami,Williams,denisemaynard@example.net,USA,2026-01-10
9487,Mary,Davila,conniemitchell@example.com,Canada,2023-10-25
9488,Jared,Yoder,jason92@example.net,Canada,2024-11-01
9489,Jamie,Donovan,johnathancraig@example.org,Canada,2026-01-22
9490,Derrick,Barnes,santosmichael@example.org,Canada,2024-12-06
9491,Megan,Lewis,marilynjohnson@example.com,USA,2023-10-27
9492,Jennifer,Hudson,cory82@example.com,Canada,2026-03-15
9493,Angela,Bryant,richard39@example.org,Canada,2023-10-01
9494,Bonnie,Walters,joshuaschroeder@example.org,Canada,2025-01-22
9495,David,Bell,royhenry@example.org,,2025-10-05
9496,Laura,Bautista,garciadavid@example.net,USA,2026-01-06
9497,Betty,Sims,preese@example.com,USA,2023-08-29
9498,Briana,Williams,michelleharvey@example.com,Canada,2023-12-09
9499,Clayton,Salinas,hcarrillo@example.com,Australia,2024-03-22
9500,Brooke,Garcia,albertflynn@example.com,Canada,2024-10-10
9501,Shannon,Edwards,ffry@example.org,USA,2025-06-17
9502,Jon,Moore,robert85@example.org,USA,2024-12-10
9503,Stephanie,Rodriguez,parsonsyolanda@example.com,USA,2024-06-07
9504,Joann,Weaver,collinsmary@example.org,Australia,2024-05-16
9505,Thomas,Nelson,jonathan42@example.org,Canada,2024-09-23
9506,Ashley,Savage,njones@example.org,USA,2026-07-25
9507,Albert,Turner,lambertkelly@example.net,Canada,2024-10-16
9508,Charlene,Caldwell,mromero@example.org,USA,2025-07-20
9509,Olivia,Morris,toddkathryn@example.net,Canada,2024-01-05
9510,Courtney,Hamilton,hodgeheather@example.net,Canada,2026-03-30
9511,Linda,Johnson,jessicaweaver@example.com,USA,2023-10-06
9512,Theodore,Jones,heather84@example.net,USA,2026-01-09
9513,Rachel,Owens,jonathon00@example.org,Canada,2024-08-04
9514,Gloria,Wright,mccannemily@example.org,USA,2024-02-17
9515,Margaret,Evans,jeffreyramos@example.com,USA,2025-07-17
9516,Kimberly,Schultz,morgan38@example.net,,2026-05-02
9517,Kevin,Coleman,susan95@example.org,USA,2025-10-08
9518,Jacob,Allison,jessicaalvarez@example.com,USA,2025-12-19
9519,Eric,Jenkins,sbrown@example.net,USA,2024-05-28
9520,Kathleen,Martinez,renee62@example.com,Canada,2023-10-04
9521,Matthew,Gordon,patricia58@example.net,Canada,2024-08-26
9522,Ashley,Garcia,robinsonjoseph@example.com,USA,2025-09-09
9523,Johnathan,Mcgee,kristen85@example.org,Australia,2025-10-01
9524,Katherine,Ochoa,molinalaura@example.org,USA,2024-04-22
9525,Brian,Patel,dustinhuff@example.org,Canada,2026-05-03
9526,Daniel,Conley,wgarcia@example.net,USA,2026-04-25
9527,Robert,Kelly,wolfautumn@example.org,UK,2026-02-27
9528,Cory,Johnson,jefferydavis@example.com,Canada,2024-08-13
9529,Lindsay,Delgado,smithbrian@example.com,Australia,2024-06-27
9530,Melissa,Baxter,ajones@example.com,Australia,2024-05-28
9531,Kelly,Hill,moniquestokes@example.org,Canada,2023-10-23
9532,Sarah,Ortiz,april15@example.org,Australia,2025-07-03
9533,Stephanie,Gray,nancyallen@example.org,Canada,2026-06-12
9534,Theresa,Cruz,rberry@example.net,UK,2025-09-05
9535,Ryan,Ward,alexisturner@example.net,Canada,2025-03-18
9536,Brett,Winters,michealburke@example.com,Canada,2024-03-11
9537,Dawn,Fleming,klam@example.com,USA,2025-06-16
9538,Michael,Clark,billaustin@example.com,USA,2024-11-22
9539,Shannon,Stafford,matthewjohnson@example.org,Canada,2023-11-06
9540,Kendra,Smith,brandon58@example.net,canada,2024-02-14
9541,Dustin,Martinez,william99@example.org,Canada,2026-04-14
9542,Troy,Rich,qwagner@example.com,canada,2024-04-02
9543,Brian,Bell,slozano@example.com,Canada,2024-12-15
9544,Rebekah,Lowe,mpreston@example.com,USA,2025-05-02
9545,Richard,Alvarez,angelawilliams@example.com,Canada,2024-12-19
9546,David,Pace,gabrielle50@example.org,Canada,2024-03-13
9547,Victoria,Webb,susangonzalez@example.net,Canada,2024-06-14
9548,Peggy,Stevenson,middletonjeffrey@example.org,Canada,2024-12-10
9549,Nicholas,Weber,randyparker@example.com,USA,2025-04-03
9550,Thomas,Burns,matthew94@example.org,Australia,2025-02-21
9551,Jeremy,Robertson,weaverlynn@example.net,Canada,2026-05-20
9552,Kaitlin,Willis,gabrielgonzales@example.com,Australia,2024-06-29
9553,Jenny,Cannon,alvarezmichael@example.com,USA,2026-07-09
9554,Lisa,Conley,carolinejones@example.org,USA,2025-12-06
9555,Sherri,Morris,anthony03@example.org,USA,2025-04-09
9556,Haley,Owens,tammyalvarez@example.com,UK,2023-10-16
9557,Greg,Mccarty,mbrown@example.org,Canada,2024-01-15
9558,Lacey,Massey,nancy83@example.net,USA,2024-11-06
9559,Bernard,Mccarthy,williamcooper@example.net,USA,2026-03-27
9560,Steven,Nelson,gjohnson@example.net,USA,2025-06-30
9561,Abigail,Allen,jillparks@example.org,UK,2026-06-09
9562,Scott,Pruitt,hamiltonmelissa@example.net,Canada,2025-05-30
9563,Jennifer,Marshall,fergusonwilliam@example.org,USA,2025-08-30
9564,Peter,Weber,charles31@example.net,USA,2024-01-02
9565,Kayla,Martin,mwest@example.org,Canada,2024-12-23
9566,Peter,Aguirre,isingh@example.com,Canada,2024-07-11
9567,Mary,Brown,wdunn@example.org,USA,2024-02-26
9568,Stephen,Guzman,ruizmark@example.com,,2026-07-03
9569,Patricia,Tran,jeffreygreene@example.com,USA,2025-10-16
9570,Timothy,Carter,mitchelldanielle@example.net,UK,2026-06-11
9571,Linda,Butler,johnorr@example.net,Canada,2026-03-01
9572,Emily,Rodriguez,dwhite@example.org,Canada,2024-05-05
9573,Donald,Wilkins,darlene09@example.net,Canada,2024-05-26
9574,Jessica,Mcgrath,gonzaleztracy@example.com,Canada,2024-09-27
9575,Sharon,Johnson,gonzalezchristina@example.org,Canada,2025-07-23
9576,Stephanie,Kerr,castanedajames@example.net,Canada,2024-01-13
9577,Donna,Perry,bentleyjamie@example.com,USA,2025-02-25
9578,Karen,Sims,pittmanrobert@example.com,USA,2024-01-30
9579,Catherine,Maxwell,ogarcia@example.com,Canada,2025-07-30
9580,Tracy,Humphrey,richardgabriel@example.org,Canada,2025-12-25
9581,David,Fisher,mckenziebrett@example.net,Canada,2025-06-22
9582,Jackson,Webster,richard11@example.com,USA,2026-05-09
9583,Michele,Acosta,jason08@example.org,Canada,2026-01-23
9584,Brian,Stevens,fjones@example.net,Canada,2026-06-20
9585,Gary,Vazquez,johnrobinson@example.com,Australia,2024-05-29
9586,Doris,Chang,elizabethmiller@example.com,UK,2025-09-05
9587,Zachary,Frost,laurendaniel@example.org,Canada,2025-01-23
9588,Michael,Reynolds,eguerra@example.com,Canada,2024-02-03
9589,Hannah,Macias,urobinson@example.org,Canada,2025-09-03
9590,Caleb,Lopez,bennettdavid@example.com,USA,2026-04-07
9591,Tina,Adkins,umullen@example.com,USA,2026-06-28
9592,Jacob,Johnson,katherine24@example.com,Canada,2024-09-18
9593,Nicholas,Archer,lisa53@example.com,USA,2023-08-24
9594,Edwin,Mcgee,hfranklin@example.org,Canada,2026-01-19
9595,Isaac,Walker,jenniferproctor@example.com,Canada,2026-02-27
9596,Carla,Carroll,james42@example.com,Canada,2025-09-19
9597,Carl,Brown,lisastewart@example.net,USA,2026-03-14
9598,Erika,Martinez,sandra52@example.com,Canada,2025-04-25
9599,Christine,Callahan,amartinez@example.org,Canada,2024-11-07
9600,Nancy,Mills,parkersherri@example.org,Canada,2023-12-13
9601,Yolanda,Eaton,guerreropaul@example.org,Canada,2025-05-29
9602,Holly,Smith,williamskristin@example.net,USA,2025-05-09
9603,Rhonda,Ruiz,mdalton@example.com,Canada,2024-12-15
9604,Anthony,Mitchell,daniellindsey@example.net,Canada,2025-06-02
9605,Jason,Combs,michaelalexander@example.net,USA,2023-09-23
9606,Matthew,Evans,cmiller@example.org,USA,2024-08-06
9607,Robert,Boyd,jking@example.org,UK,2025-10-11
9608,Kimberly,Matthews,danielferguson@example.net,USA,2023-12-10
9609,Samantha,Larson,nsmith@example.org,Canada,2025-09-30
9610,Deanna,Moore,johnwilliams@example.org,USA,2024-12-06
9611,Andrew,Campbell,johnathanrodriguez@example.com,USA,2024-01-28
9612,Shannon,Clark,williamsdonna@example.net,Canada,2026-07-26
9613,John,Harris,justinwoods@example.com,UK,2025-08-14
9614,Matthew,Fry,osaunders@example.net,Canada,2023-10-27
9615,Dakota,Hughes,hstrickland@example.org,Australia,2026-06-22
9616,Kim,Hicks,benjamin34@example.org,UK,2023-11-20
9617,Andrew,Velazquez,courtney34@example.com,USA,2025-06-30
9618,Stephanie,Mayer,vzimmerman@example.net,Australia,2025-04-15
9619,Brooke,Brown,jennifer42@example.net,USA,2024-01-15
9620,Doris,Snyder,nicholas72@example.org,Canada,2026-04-19
9621,Nichole,Cortez,robertdunn@example.net,Canada,2025-10-19
9622,Caitlin,Spencer,uhill@example.net,Canada,2025-11-23
9623,John,Gardner,garciataylor@example.com,Canada,2024-12-29
9624,Christian,Baxter,sandra41@example.org,USA,2024-09-30
9625,Crystal,Coffey,hernandeztristan@example.org,Canada,2026-01-20
9626,James,Cruz,brettchurch@example.net,Canada,2026-01-18
9627,Olivia,Crawford,susan47@example.org,USA,2026-02-11
9628,Bonnie,Hines,xruiz@example.org,,2024-12-31
9629,Ryan,Hall,patriciakelly@example.com,Canada,2025-09-01
9630,Emily,Diaz,cbautista@example.com,Canada,2026-04-23
9631,Willie,Rodriguez,johnsonmichael@example.com,Canada,2025-09-12
9632,Michael,Sanchez,andrew43@example.net,USA,2026-04-18
9633,James,Ellis,ehodge@example.net,Canada,2026-05-08
9634,Catherine,Lewis,christine24@example.org,USA,2024-03-22
9635,Kevin,Spencer,johnhernandez@example.net,Canada,2023-09-04
9636,Julia,Brown,hharris@example.org,Canada,2025-09-15
9637,Stephanie,Gardner,amysilva@example.net,Australia,2026-03-03
9638,Jessica,Hammond,joshuacook@example.com,Canada,2025-09-21
9639,Christian,Davenport,brian38@example.com,Canada,2025-11-25
9640,Misty,Tran,qlogan@example.net,Canada,2025-11-04
9641,Nancy,Bradley,paynesteven@example.org,USA,2024-05-03
9642,James,Garcia,brett62@example.org,USA,2026-03-01
9643,Kevin,Johnson,tammy93@example.net,Canada,2025-11-01
9644,Amy,Sanchez,jasonfrazier@example.com,Canada,2024-04-02
9645,Dominique,Nguyen,nguyenrebecca@example.org,Canada,2025-06-23
9646,Marie,Willis,ashley81@example.com,USA,2026-07-02
9647,Amanda,Morris,carl56@example.com,USA,2024-06-17
9648,Kevin,Singleton,stevenwilliams@example.com,USA,2024-05-10
9649,Kelly,Johnson,ibrown@example.net,USA,2026-05-18
9650,Bradley,Nelson,munozchristine@example.net,Canada,2024-06-13
9651,Robert,Gonzalez,mburns@example.net,Canada,2026-04-15
9652,William,Spears,hmueller@example.org,Canada,2026-02-27
9653,James,Chavez,hendricksbrittany@example.net,Canada,2026-04-30
9654,Jo,Larson,vsmith@example.com,Canada,2025-05-18
9655,Megan,West,smithbrett@example.org,USA,2025-02-06
9656,Chad,Perez,lmartin@example.com,USA,2024-09-27
9657,Abigail,Jones,wrightdavid@example.org,Australia,2023-12-28
9658,Makayla,Hunter,vjensen@example.org,Canada,2025-04-21
9659,Ryan,Johnson,ysmith@example.com,USA,2023-11-17
9660,Karen,Morris,qmoore@example.org,UK,2026-05-30
9661,Angela,Harmon,michael36@example.net,USA,2026-07-15
9662,Tiffany,Jones,bonillamichael@example.net,Canada,2026-04-04
9663,Albert,Walker,kskinner@example.org,Canada,2026-05-01
9664,Danielle,Aguirre,bobfernandez@example.org,Canada,2025-01-19
9665,Cindy,Winters,josephsullivan@example.org,Canada,2026-03-31
9666,Brittany,Johnson,kbrandt@example.com,USA,2025-01-01
9667,Kevin,Beck,megan39@example.com,Canada,2024-01-13
9668,Jessica,Watkins,alexanderandrea@example.org,Canada,2025-08-07
9669,Rachel,Castillo,jacob27@example.org,USA,2025-01-30
9670,Michele,Martin,reneegonzalez@example.net,,2026-06-29
9671,Daniel,Key,jamesbryan@example.net,USA,2026-02-21
9672,Matthew,Garcia,bhunter@example.com,USA,2024-02-06
9673,Dawn,Flores,leecase@example.net,Canada,2024-04-09
9674,Lance,Jones,donovannancy@example.net,Canada,2025-12-23
9675,Matthew,Montgomery,qdavis@example.com,Canada,2023-09-16
9676,Mark,Silva,tmunoz@example.org,USA,2023-11-20
9677,Matthew,Martin,rodriguezerika@example.com,Australia,2024-12-10
9678,Matthew,Williams,kathryn30@example.org,Canada,2025-08-08
9679,Michelle,Johnson,pgibbs@example.org,USA,2024-03-15
9680,Brent,Taylor,mayerik@example.com,Canada,2025-01-12
9681,Mallory,Green,walter50@example.org,USA,2024-03-29
9682,Timothy,Phillips,castrojoel@example.net,Canada,2023-10-19
9683,Andrew,Stewart,emorris@example.net,Canada,2024-04-25
9684,Patrick,Evans,gtorres@example.org,UK,2024-01-07
9685,Darren,Khan,anthonyburns@example.net,USA,2024-08-30
9686,April,Mccoy,swilson@example.com,USA,2026-04-23
9687,Kathryn,Taylor,stephenray@example.net,Canada,2024-03-19
9688,Angela,Thompson,april74@example.org,Canada,2024-11-04
9689,Colleen,Wilson,bruce77@example.com,Canada,2024-06-21
9690,Meghan,Johnson,ferrellnicole@example.net,UK,2026-03-04
9691,Zachary,Howard,ronaldcollins@example.org,Australia,2025-08-24
9692,Chelsea,Butler,wilsonanthony@example.org,Canada,2025-05-03
9693,Suzanne,Moreno,milessteven@example.org,Canada,2025-08-26
9694,Scott,Morgan,kenneth40@example.net,UK,2025-04-05
9695,Vincent,Stephenson,leahmartin@example.net,Canada,2024-04-02
9696,Kurt,Davis,meyerkenneth@example.org,USA,2025-05-25
9697,Rickey,Marquez,robert08@example.com,Canada,2024-05-02
9698,Andrea,Walker,coryduran@example.org,USA,2026-01-02
9699,Kenneth,Gonzalez,gfisher@example.org,USA,2025-07-10
9700,David,Sanchez,cooperjuan@example.com,UK,2026-05-20
9701,Jane,Clarke,susan75@example.com,USA,2024-05-08
9702,Megan,Perez,grahammaxwell@example.com,Canada,2023-11-08
9703,Laura,Briggs,rbowman@example.com,USA,2024-05-20
9704,Ashley,Carroll,lopezkaren@example.org,UK,2026-06-12
9705,David,Thomas,astafford@example.net,Canada,2024-04-29
9706,Cynthia,Santos,aliciabeltran@example.net,Canada,2025-10-24
9707,Laura,Gregory,ojohnson@example.com,Canada,2024-01-21
9708,Rodney,Hodges,fischeralexandria@example.org,USA,2026-04-11
9709,Lisa,Cruz,pwells@example.com,Canada,2024-08-25
9710,Patricia,Allen,olee@example.com,USA,2025-01-18
9711,Sandra,Simon,darrenpayne@example.net,Canada,2026-08-10
9712,Melissa,Ruiz,zacharyortega@example.org,UK,2026-01-29
9713,Joseph,Horton,cguzman@example.net,Canada,2024-07-10
9714,Marissa,Rojas,changdeborah@example.com,Canada,2025-06-12
9715,Christopher,Hays,berryamber@example.com,USA,2024-07-15
9716,Mark,Anderson,obarton@example.org,USA,2025-02-15
9717,Alec,Johnson,rangelglen@example.org,Canada,2024-04-18
9718,Paul,Moore,fmitchell@example.org,Canada,2024-10-24
9719,Cassandra,Henry,sanchezandrea@example.org,Canada,2025-09-02
9720,Chad,Walker,lrios@example.org,USA,2026-01-20
9721,Ryan,Murphy,hendersonapril@example.com,USA,2024-01-30
9722,Debra,Jones,jonesrobin@example.net,USA,2024-09-07
9723,Michael,Smith,smolina@example.net,USA,2025-02-04
9724,Andrew,Walker,domingueztyler@example.com,USA,2026-02-01
9725,Timothy,Burke,flynnkayla@example.net,Canada,2024-03-09
9726,Douglas,Wood,pamelawright@example.org,Australia,2024-03-26
9727,Heather,Malone,zhernandez@example.net,UK,2023-10-15
9728,Meghan,Jackson,mcardenas@example.org,Canada,2024-01-02
9729,Amanda,Diaz,glen18@example.com,Canada,2024-01-24
9730,Jeffrey,Howard,qlewis@example.net,Canada,2025-04-01
9731,Julian,Anderson,jessicarichards@example.net,Canada,2026-02-19
9732,Michelle,Lindsey,paulsaunders@example.org,USA,2024-11-12
9733,Nancy,Parker,ann04@example.org,USA,2026-05-12
9734,Melanie,Davies,diana89@example.com,USA,2023-09-02
9735,Caitlin,Walsh,kglover@example.net,USA,2024-10-21
9736,Victor,May,ipowell@example.org,USA,2026-01-03
9737,James,Morgan,bcollier@example.com,USA,2023-12-14
9738,William,Russell,mario02@example.com,Canada,2024-07-19
9739,Dennis,Harris,olivia42@example.org,Canada,2024-02-04
9740,Ruth,Foster,zberry@example.com,USA,2024-09-07
9741,Christopher,Clark,katiesteele@example.com,Canada,2026-06-14
9742,Scott,Yang,jessemccarthy@example.net,Canada,2024-10-16
9743,Emily,Griffin,awilson@example.com,UK,2026-07-07
9744,Traci,Snyder,uolson@example.net,USA,2026-07-19
9745,Johnny,King,robyn06@example.net,Canada,2025-06-07
9746,Michael,Miller,millerdonna@example.com,USA,2024-09-01
9747,Laura,Woodward,spencerpeters@example.net,USA,2024-03-16
9748,Douglas,Maldonado,ingramjoseph@example.com,Canada,2025-01-17
9749,Charlotte,Santana,brandyfrench@example.org,Canada,2024-02-03
9750,Stacy,Castro,emmacruz@example.net,Australia,2026-03-31
9751,Joseph,Davis,julia03@example.net,Canada,2026-02-27
9752,Shannon,Mcpherson,christopher12@example.org,Canada,2026-03-02
9753,Carl,Cannon,cruzstacy@example.org,USA,2026-04-06
9754,Amy,Thompson,shawnhammond@example.com,USA,2026-06-03
9755,Steven,Martinez,matthew49@example.net,Canada,2025-12-03
9756,Kayla,Hunter,alec81@example.org,Canada,2026-02-14
9757,Michael,Thomas,josephestrada@example.com,Canada,2024-11-27
9758,Robert,Mills,austinpaul@example.com,Australia,2024-07-04
9759,James,Black,hperez@example.org,Canada,2026-01-20
9760,Mackenzie,Wilcox,mross@example.org,USA,2023-10-04
9761,Scott,Lee,john96@example.com,Australia,2023-11-16
9762,Rebecca,Davis,xgibbs@example.com,Canada,2026-02-01
9763,Ashley,Arnold,stephentaylor@example.net,Australia,2025-06-19
9764,Gabrielle,Rivera,charles09@example.net,Australia,2024-12-31
9765,Mariah,Peterson,tjimenez@example.org,UK,2023-09-02
9766,Thomas,Vega,gwilliams@example.org,Canada,2026-01-01
9767,April,Joyce,rjohnson@example.org,USA,2026-06-03
9768,Nichole,Myers,fjones@example.org,USA,2025-03-24
9769,Brian,Watson,karen27@example.net,Australia,2023-09-15
9770,Lindsay,Murphy,hicksricky@example.net,Canada,2026-07-01
9771,Lauren,Miller,itaylor@example.com,USA,2026-01-26
9772,Lisa,Green,ncampbell@example.org,Canada,2025-10-22
9773,Tyler,Jackson,elainebrown@example.net,Canada,2024-03-25
9774,Marcus,Perry,james93@example.org,Canada,2024-08-14
9775,David,Adams,christopher86@example.org,USA,2023-12-08
9776,Debra,Livingston,nholmes@example.net,USA,2025-07-29
9777,Robert,Harrison,dtanner@example.net,USA,2024-03-30
9778,Hailey,Chandler,patrick80@example.net,Australia,2026-06-20
9779,Marcus,Watts,jkim@example.org,Canada,2026-06-14
9780,Melissa,Robinson,alicia86@example.net,USA,2024-06-11
9781,Michelle,Baxter,martinezmark@example.org,Canada,2025-08-03
9782,William,Mcbride,dorisbrock@example.com,Canada,2024-01-04
9783,Adam,Thomas,diazjohn@example.net,USA,2026-02-26
9784,Marcus,Alvarez,dominguezjeffrey@example.org,Australia,2024-10-07
9785,Gilbert,Villegas,stephaniebeck@example.net,USA,2024-03-06
9786,Randy,Serrano,dmckinney@example.org,USA,2024-10-31
9787,Michael,Smith,goldenthomas@example.net,Canada,2025-06-27
9788,Monica,Bonilla,montgomeryjasmine@example.net,Canada,2026-06-23
9789,Chelsea,Nguyen,ywarner@example.com,,2025-08-01
9790,Chelsea,Hardy,dillonlee@example.com,Canada,2025-09-19
9791,John,Horton,jennifer01@example.net,Canada,2026-08-12
9792,Thomas,Wilson,carrilloandrew@example.net,USA,2024-01-24
9793,Steven,Thompson,eallen@example.com,Canada,2024-07-10
9794,Erica,Davis,whitneycarroll@example.net,Canada,2024-12-27
9795,Jeffrey,Ramirez,obrienmatthew@example.com,USA,2024-05-15
9796,Kelly,Richards,kimberlyreyes@example.com,USA,2024-01-21
9797,Edwin,Luna,ylevine@example.org,Australia,2025-05-30
9798,Miranda,West,ebonyhenderson@example.org,USA,2025-02-21
9799,Courtney,Miller,allisonmurillo@example.org,Canada,2024-03-12
9800,Jeffrey,Kennedy,zsmith@example.net,Australia,2024-03-23
9801,Justin,Ellis,hannahwright@example.org,USA,2024-02-13
9802,Brianna,Harris,kelleyjonathan@example.net,Canada,2024-06-23
9803,Desiree,Aguilar,fbell@example.net,Canada,2025-12-26
9804,Natalie,Moore,ann72@example.com,USA,2023-09-14
9805,Lacey,Zamora,odawson@example.org,USA,2024-01-14
9806,Evelyn,Robinson,rileynicole@example.org,USA,2024-05-10
9807,Sarah,Collins,cassandrapark@example.com,USA,2025-08-31
9808,Jeremy,Lane,ann32@example.net,USA,2024-11-28
9809,Benjamin,Austin,thompsonallison@example.net,Australia,2024-07-24
9810,Kristie,Salazar,mevans@example.org,USA,2024-05-18
9811,Melissa,Williams,hughessarah@example.net,Canada,2025-06-01
9812,Denise,Suarez,ricky06@example.net,UK,2026-01-13
9813,Patrick,Foster,daniellozano@example.com,Canada,2025-01-20
9814,Whitney,Washington,kevinjohnson@example.com,USA,2025-04-04
9815,Samantha,Gonzales,timothywalter@example.net,Australia,2024-03-26
9816,Robert,Dunn,czimmerman@example.org,USA,2026-02-11
9817,Kevin,Barajas,medinawanda@example.net,USA,2025-11-28
9818,Christina,Andrade,sanderssamantha@example.net,USA,2024-01-16
9819,Natalie,Patton,xray@example.net,Canada,2025-11-13
9820,John,Espinoza,erindorsey@example.com,Canada,2024-11-14
9821,Wayne,Rivers,robertacain@example.org,USA,2024-10-29
9822,Logan,Price,christinepugh@example.net,USA,2025-09-30
9823,Sarah,Brooks,lindseyray@example.org,USA,2026-01-29
9824,Patricia,Sims,petersenmartin@example.org,Canada,2026-06-17
9825,Colton,Elliott,aaron98@example.net,USA,2025-01-17
9826,Randall,Wiggins,shannonbutler@example.com,USA,2024-09-09
9827,David,Smith,sandramurillo@example.com,canada,2026-02-23
9828,Christian,Kirby,jimmysimpson@example.org,USA,2024-05-23
9829,Steven,Campbell,amber19@example.net,USA,2025-10-05
9830,Christina,Macias,roy51@example.net,USA,2025-03-27
9831,Rodney,Colon,vlewis@example.org,Canada,2025-12-31
9832,Anthony,Harris,emily97@example.net,UK,2026-02-14
9833,Cheryl,Garcia,wmartinez@example.org,Canada,2025-09-18
9834,Michael,Stone,nancyshaw@example.net,Australia,2025-09-11
9835,Ethan,Lewis,james02@example.com,Canada,2024-02-01
9836,Alexander,Martinez,robertsellen@example.net,Canada,2025-09-21
9837,Brandon,Mendoza,nicoleyoung@example.com,UK,2025-02-14
9838,Aaron,Willis,gibarra@example.net,Canada,2024-08-16
9839,Benjamin,Graham,hjones@example.net,USA,2024-02-03
9840,David,Frost,hamiltonivan@example.com,UK,2026-06-14
9841,Cheryl,Alvarez,ethanyoung@example.org,UK,2026-05-26
9842,Alyssa,Patrick,kevin46@example.org,Australia,2023-11-29
9843,Ashley,Chang,kevin57@example.org,Canada,2025-09-05
9844,Madeline,Alexander,phillipsstacey@example.net,USA,2025-09-28
9845,Debra,Jones,paulmartinez@example.com,Canada,2026-03-15
9846,Grace,May,charlesclayton@example.org,canada,2023-12-03
9847,Gina,Rodriguez,zpratt@example.org,UK,2024-07-17
9848,Brandy,Melendez,aconley@example.org,Canada,2026-05-31
9849,David,Brown,whunt@example.org,USA,2024-11-25
9850,Sherry,Forbes,davidsonroger@example.org,USA,2026-08-19
9851,Brett,Arnold,stephanie51@example.net,USA,2026-01-17
9852,Wayne,Jackson,iharrington@example.net,Australia,2024-06-03
9853,Ernest,Nichols,rodriguezroberto@example.com,Canada,2026-01-23
9854,Justin,Brennan,rmartin@example.net,USA,2025-11-17
9855,Laura,Stewart,tyler85@example.net,UK,2023-12-18
9856,Tami,Robinson,lbell@example.org,USA,2024-04-23
9857,Michael,Arnold,amydavis@example.com,Canada,2023-12-22
9858,Brittany,Reyes,bmiranda@example.net,USA,2026-04-19
9859,Christie,Walton,kylelindsey@example.com,Canada,2025-03-12
9860,Thomas,Rivera,okelly@example.org,Canada,2024-03-16
9861,Mario,Ramirez,rodneyrios@example.org,UK,2023-12-13
9862,Gina,Velasquez,shernandez@example.net,USA,2025-05-29
9863,Savannah,Marshall,kristintaylor@example.com,Australia,2024-08-09
9864,Tom,Greene,gedwards@example.net,UK,2024-06-29
9865,Brittany,Wright,jennifersanders@example.org,USA,2025-06-28
9866,Lisa,Reynolds,mcgrathlarry@example.com,Canada,2025-02-11
9867,Michael,Cohen,esimpson@example.net,Canada,2024-05-31
9868,Crystal,Murphy,wendy96@example.org,Canada,2024-06-05
9869,Nancy,Orozco,tchavez@example.org,UK,2026-05-24
9870,Juan,Calderon,samanthaking@example.org,Canada,2024-08-12
9871,Patricia,Stuart,tiffanywalker@example.org,Canada,2024-01-16
9872,Steven,Matthews,qlee@example.org,USA,2024-08-12
9873,Spencer,Wilson,rramirez@example.org,Canada,2024-01-10
9874,Ryan,Wilcox,harrisonlisa@example.net,Canada,2025-05-02
9875,Danielle,Bishop,dawn27@example.net,USA,2026-06-28
9876,Laura,Holmes,gomezkristi@example.com,Canada,2023-10-16
9877,Jasmine,Perry,zhayden@example.net,Canada,2023-08-26
9878,Donald,Hart,angelreed@example.com,Canada,2025-07-31
9879,Jesse,Myers,brandon97@example.com,USA,2024-01-29
9880,Amy,Martin,howeerik@example.net,USA,2025-04-15
9881,Sara,Carey,bsanchez@example.net,Canada,2025-05-05
9882,Karen,Bryant,nathanielcooley@example.org,USA,2024-12-16
9883,Kayla,King,woodwardpatricia@example.com,Canada,2026-03-25
9884,Edward,Smith,frankstone@example.org,Australia,2026-08-21
9885,Todd,Wilson,scampos@example.net,Canada,2026-04-08
9886,Lindsey,Jackson,pherrera@example.com,USA,2024-03-16
9887,Amy,Hansen,josephmurray@example.net,,2025-12-25
9888,Joshua,Steele,marissa58@example.org,UK,2026-02-14
9889,Sarah,Little,danieldyer@example.com,Canada,2023-10-13
9890,Cheryl,Schultz,smorgan@example.com,Canada,2023-09-30
9891,Deanna,Weber,hectorreid@example.com,USA,2024-10-07
9892,Amy,Craig,douglaskirby@example.net,Canada,2023-11-01
9893,Regina,Miller,dunndouglas@example.net,UK,2023-12-31
9894,Joseph,Lewis,ashley77@example.com,USA,2026-08-07
9895,Crystal,Sparks,jasonramos@example.net,USA,2024-05-01
9896,Willie,Horn,joshua08@example.com,Canada,2025-02-06
9897,Michelle,Davis,karenvaughn@example.org,USA,2026-03-29
9898,Jessica,Salazar,zfrank@example.net,USA,2024-06-25
9899,Leslie,Meyer,pamelakelly@example.com,UK,2024-05-17
9900,Zachary,Lam,rebeccamartin@example.com,Canada,2023-08-31
9901,Raymond,Gregory,fporter@example.org,Canada,2023-09-27
9902,Lisa,Levine,rebecca77@example.org,Canada,2025-07-19
9903,Jason,Ryan,cortezjonathon@example.com,Canada,2025-12-28
9904,Paul,Sanchez,millerselena@example.com,USA,2024-10-06
9905,David,Scott,grossdanielle@example.net,UK,2026-08-19
9906,Cynthia,Rhodes,daltonlawrence@example.net,Canada,2024-01-01
9907,Danielle,Ray,lisa26@example.net,UK,2025-08-29
9908,Erin,Wilson,holly80@example.org,Canada,2023-08-28
9909,Debra,Davis,craigmiles@example.net,Canada,2025-04-11
9910,Ashley,Jenkins,lancecarr@example.org,Canada,2026-07-01
9911,Andrea,Hess,julia59@example.com,,2025-12-28
9912,Alexander,Oliver,ortizthomas@example.com,UK,2026-04-13
9913,April,Garcia,angela56@example.org,Canada,2024-03-08
9914,John,Reed,rojasjeremy@example.org,USA,2024-11-02
9915,Robert,Garcia,jose09@example.net,USA,2026-07-20
9916,Michael,Moore,lwarner@example.net,,2026-03-07
9917,Samuel,Mcfarland,jeremyrhodes@example.net,Canada,2026-01-02
9918,Timothy,Ryan,robert73@example.org,Canada,2024-12-30
9919,John,Hopkins,obarber@example.net,Canada,2025-10-02
9920,Sean,Valdez,bentleycory@example.net,Canada,2025-10-18
9921,Jennifer,Marshall,llozano@example.net,Canada,2026-02-08
9922,Michael,Cooper,fjohnson@example.org,UK,2024-06-16
9923,Sarah,Singleton,emily65@example.net,USA,2024-02-07
9924,Anthony,Lowe,rthompson@example.com,USA,2025-12-03
9925,David,Brown,drakemary@example.net,USA,2026-03-01
9926,Stephen,Brown,jennifer58@example.org,Canada,2024-10-11
9927,Brittany,Garner,lunaleslie@example.com,Canada,2025-09-18
9928,Becky,Rogers,eugenejones@example.net,Australia,2023-08-31
9929,Robert,Wallace,melissa18@example.net,UK,2026-07-30
9930,Alexander,Sims,qharris@example.com,UK,2025-02-22
9931,Stephanie,Martinez,psuarez@example.org,UK,2024-12-13
9932,Amy,Willis,levimosley@example.net,Canada,2024-12-11
9933,Stephen,Marshall,hclayton@example.net,Canada,2025-10-24
9934,Kristine,Scott,cummingsmelissa@example.com,Canada,2024-03-11
9935,Kristin,Young,moorelisa@example.com,Canada,2023-10-24
9936,Melissa,Roberts,grantsteven@example.com,Canada,2023-11-26
9937,Julia,Ibarra,charles14@example.com,USA,2023-10-17
9938,Nicole,Nunez,hernandezdonna@example.org,USA,2024-12-04
9939,James,Thomas,villanuevadoris@example.net,UK,2024-12-24
9940,Linda,Smith,lewiskenneth@example.org,USA,2025-11-18
9941,Bobby,Cunningham,iodonnell@example.net,Australia,2026-05-30
9942,Paul,Cooper,cbrooks@example.com,Canada,2026-08-11
9943,Victoria,Allen,timothyoliver@example.net,Canada,2023-11-24
9944,Jesse,Stephens,acraig@example.com,USA,2026-04-23
9945,Alexander,Glass,jasonbennett@example.org,Canada,2026-05-09
9946,Kelly,Bird,whull@example.org,Canada,2023-11-20
9947,Cynthia,Rhodes,nataliewilliams@example.org,Canada,2025-11-11
9948,Geoffrey,Bowen,youngbenjamin@example.org,Canada,2024-12-26
9949,Maxwell,Cole,ugraham@example.org,USA,2025-05-07
9950,Kevin,Herrera,tylerarcher@example.com,Canada,2025-10-06
9951,Ruth,Burns,brittany79@example.org,USA,2026-03-10
9952,Steven,Henson,millerbrittany@example.com,USA,2025-08-06
9953,Steven,Salazar,oconley@example.com,Canada,2024-04-03
9954,Thomas,Good,burkeluis@example.com,Canada,2023-09-24
9955,Andrea,Blankenship,hedwards@example.org,Canada,2025-01-15
9956,James,Becker,nfoster@example.com,Canada,2024-02-16
9957,Elijah,Donaldson,rcarpenter@example.com,USA,2024-05-11
9958,Jacqueline,Stephens,matthew27@example.org,USA,2024-06-22
9959,Danielle,Kim,latoyahuff@example.net,USA,2024-12-24
9960,Deborah,Barker,donnadavis@example.net,Canada,2024-01-31
9961,Peggy,Jackson,ybishop@example.org,USA,2024-09-27
9962,Ashley,Hutchinson,qferguson@example.com,USA,2023-08-31
9963,Robert,Martinez,moralesmatthew@example.com,USA,2024-09-12
9964,Christopher,Hester,youngmichael@example.net,USA,2023-12-12
9965,Melissa,Byrd,perrydestiny@example.com,USA,2024-11-28
9966,Gabriella,Gill,lbarrett@example.net,USA,2023-12-15
9967,Tamara,Smith,jessica38@example.org,USA,2026-05-23
9968,Rebecca,Coleman,jennifermorrison@example.org,Canada,2025-02-13
9969,Devin,Potts,robertmiles@example.org,USA,2023-09-05
9970,Erin,Swanson,cbates@example.org,Canada,2026-02-15
9971,Calvin,Garcia,agonzalez@example.net,Canada,2025-08-14
9972,Christina,Rodriguez,christopher80@example.org,Australia,2024-06-12
9973,Timothy,Garcia,markpreston@example.org,Australia,2023-09-13
9974,Jared,Romero,washingtonbrian@example.org,Canada,2023-09-01
9975,Donna,Bell,shelley50@example.net,Canada,2026-04-19
9976,Kara,Hayes,solomonbrian@example.com,Canada,2026-06-06
9977,Bridget,Cannon,jeffreykelly@example.net,USA,2024-06-07
9978,Leah,Lucas,chelsea32@example.net,UK,2025-12-27
9979,Sandra,Byrd,laurathomas@example.net,Australia,2025-08-11
9980,Robin,Sanchez,robinsoncristina@example.org,USA,2024-01-17
9981,Tina,English,macdonaldlynn@example.net,Canada,2025-09-25
9982,Stacie,Baker,omccullough@example.org,USA,2025-06-15
9983,Jennifer,Garcia,francosean@example.net,Canada,2025-10-20
9984,Alexander,Chandler,ybarnes@example.com,UK,2025-03-22
9985,Matthew,Benitez,kellycurtis@example.net,UK,2024-05-13
9986,Erika,Stevens,jeffery01@example.net,USA,2023-11-10
9987,Kathleen,Vega,jameslucero@example.org,Canada,2024-04-02
9988,Jason,Thornton,andrew05@example.org,Canada,2024-04-19
9989,Susan,Noble,villanuevakristin@example.org,Canada,2024-10-28
9990,Lauren,Acosta,shawkins@example.com,UK,2025-09-05
9991,Shannon,Friedman,kburnett@example.com,USA,2026-04-20
9992,John,Sanchez,lindsaymueller@example.org,Canada,2024-02-23
9993,Mary,Lopez,richardjensen@example.org,USA,2026-06-20
9994,Shannon,Fields,ljohnson@example.net,UK,2024-07-18
9995,Alexis,Matthews,erivera@example.org,Canada,2025-12-22
9996,Ashley,Jacobs,tonya99@example.com,UK,2024-09-10
9997,Taylor,Combs,crystal45@example.net,UK,2026-07-22
9998,Sherry,Hopkins,cbrown@example.org,Australia,2024-02-14
9999,Brittany,Glover,kenneth21@example.org,Canada,2025-04-10
10000,Jill,Robinson,townsendnatalie@example.org,Canada,2025-12-07
